"","PlotID_New","ele_sd","ele_range"
"1","P00001_C",6.15182899632295,8.69999999999999
"2","P00001_E",3.53553390593274,5
"3","P00001_N",3.81837661840734,5.39999999999998
"4","P00002_C",3.04055915910215,4.3
"5","P00002_E",1.4142135623731,2
"6","P00002_N",4.94974746830583,7
"7","P00003_C",1.62634559672906,2.3
"8","P00003_E",0.707106781186548,1
"9","P00003_N",3.7476659402887,5.3
"10","P00004_C",5.93969696196698,8.39999999999998
"11","P00004_E",4.24264068711928,6
"12","P00004_N",4.24264068711928,6
"13","P00005_C",4.03050865276331,5.69999999999999
"14","P00005_E",3.53553390593274,5
"15","P00005_N",5.65685424949238,8
"16","P00006_C",0.282842712474623,0.400000000000006
"17","P00006_E",0.494974746830585,0.700000000000003
"18","P00006_N",0.707106781186548,1
"19","P00007_C",3.32340187157678,4.7
"20","P00007_E",3.04055915910215,4.3
"21","P00007_N",4.03050865276332,5.7
"22","P00008_C",3.53553390593273,4.99999999999999
"23","P00008_E",1.20208152801712,1.69999999999999
"24","P00008_N",1.20208152801713,1.7
"25","P00009_C",0.282842712474603,0.399999999999977
"26","P00009_E",3.7476659402887,5.3
"27","P00009_N",1.20208152801712,1.69999999999999
"28","P00010_C",3.32340187157678,4.7
"29","P00010_E",1.90918830920368,2.7
"30","P00010_N",1.20208152801713,1.7
"31","P00011_C",0.707106781186548,1
"32","P00011_E",0.989949493661171,1.40000000000001
"33","P00011_N",5.16187950266179,7.3
"34","P00012_C",1.13137084989847,1.59999999999999
"35","P00012_E",0.494974746830585,0.700000000000003
"36","P00012_N",4.24264068711928,6
"37","P00013_C",5.44472221513641,7.69999999999999
"38","P00013_E",2.3334523779156,3.3
"39","P00013_N",0.494974746830575,0.699999999999989
"40","P00014_C",0,0
"41","P00014_E",0.494974746830575,0.699999999999989
"42","P00014_N",0.282842712474623,0.400000000000006
"43","P00015_C",3.95979797464466,5.59999999999999
"44","P00015_E",2.3334523779156,3.3
"45","P00015_N",2.54558441227157,3.59999999999999
"46","P00021_C",7.77817459305202,11
"47","P00021_E",3.53553390593274,5
"48","P00021_N",3.53553390593274,5
"49","P00022_C",0.282842712474603,0.399999999999977
"50","P00022_E",4.03050865276331,5.69999999999999
"51","P00022_N",3.74766594028871,5.30000000000001
"52","P00023_C",3.53553390593274,5
"53","P00023_E",0,0
"54","P00023_N",6.5760930650349,9.30000000000001
"55","P00024_C",NA,0
"56","P00024_E",NA,0
"57","P00024_N",NA,0
"58","P00025_C",NA,0
"59","P00025_E",NA,0
"60","P00025_N",NA,0
"61","P00026_C",0,0
"62","P00026_E",2.82842712474619,4
"63","P00026_N",2.33345237791562,3.30000000000001
"64","P00027_C",1.90918830920368,2.7
"65","P00027_E",0.707106781186548,1
"66","P00027_N",1.90918830920368,2.7
"67","P00028_C",5.65685424949238,8
"68","P00028_E",3.11126983722079,4.39999999999998
"69","P00028_N",2.61629509039022,3.69999999999999
"70","P00029_C",3.32340187157677,4.69999999999999
"71","P00029_E",0.707106781186548,1
"72","P00029_N",4.45477272147526,6.30000000000001
"73","P00030_C",5.86898628384835,8.30000000000001
"74","P00030_E",0.91923881554252,1.30000000000001
"75","P00030_N",3.74766594028871,5.30000000000001
"76","P00032_C",4.24264068711928,6
"77","P00032_E",2.12132034355964,3
"78","P00032_N",1.4142135623731,2
"79","P00033_C",5.16187950266179,7.3
"80","P00033_E",0.91923881554251,1.3
"81","P00033_N",0.212132034355962,0.299999999999997
"82","P00034_C",0.424264068711935,0.600000000000009
"83","P00034_E",1.4142135623731,2
"84","P00034_N",7.28319984622144,10.3
"85","P00035_C",0.707106781186548,1
"86","P00035_E",4.24264068711928,6
"87","P00035_N",0.212132034355962,0.299999999999997
"88","P00037_C",3.11126983722079,4.39999999999998
"89","P00037_E",3.74766594028871,5.30000000000001
"90","P00037_N",1.4142135623731,2
"91","P00041_C",7.07106781186548,10
"92","P00041_E",2.33345237791562,3.30000000000001
"93","P00041_N",2.82842712474619,4
"94","P00042_C",4.24264068711928,6
"95","P00042_E",1.6970562748477,2.39999999999998
"96","P00042_N",2.82842712474619,4
"97","P00043_C",1.62634559672907,2.30000000000001
"98","P00043_E",8.76812408671317,12.4
"99","P00043_N",4.45477272147526,6.30000000000001
"100","P00044_C",6.5760930650349,9.30000000000001
"101","P00044_E",3.32340187157677,4.69999999999999
"102","P00044_N",5.65685424949238,8
"103","P00045_C",2.61629509039022,3.69999999999999
"104","P00045_E",3.32340187157677,4.69999999999999
"105","P00045_N",2.12132034355964,3
"106","P00046_C",1.62634559672907,2.30000000000001
"107","P00046_E",3.11126983722079,4.39999999999998
"108","P00046_N",2.12132034355964,3
"109","P00047_C",7.990306627408,11.3
"110","P00047_E",4.94974746830583,7
"111","P00047_N",4.03050865276331,5.69999999999999
"112","P00048_C",2.82842712474619,4
"113","P00048_E",5.44472221513641,7.69999999999999
"114","P00048_N",2.33345237791562,3.30000000000001
"115","P00049_C",2.82842712474619,4
"116","P00049_E",10.1116269709676,14.3
"117","P00049_N",6.08111831820433,8.60000000000002
"118","P00050_C",1.62634559672907,2.30000000000001
"119","P00050_E",3.04055915910216,4.30000000000001
"120","P00050_N",2.33345237791562,3.30000000000001
"121","P00066_C",4.73761543394986,6.69999999999999
"122","P00066_E",3.04055915910216,4.30000000000001
"123","P00066_N",3.04055915910216,4.30000000000001
"124","P00067_C",6.8589357775095,9.69999999999999
"125","P00067_E",8.69741340859454,12.3
"126","P00067_N",3.04055915910216,4.30000000000001
"127","P00068_C",1.4142135623731,2
"128","P00068_E",4.24264068711928,6
"129","P00068_N",0.494974746830575,0.699999999999989
"130","P00069_C",2.40416305603425,3.39999999999998
"131","P00069_E",3.74766594028871,5.30000000000001
"132","P00069_N",4.94974746830583,7
"133","P00070_C",5.44472221513641,7.69999999999999
"134","P00070_E",9.19238815542512,13
"135","P00070_N",8.76812408671317,12.4
"136","P00081_C",NA,0
"137","P00081_E",NA,0
"138","P00081_N",NA,0
"139","P00082_C",NA,0
"140","P00082_E",NA,0
"141","P00082_N",NA,0
"142","P00103_C",9.47523086789972,13.4
"143","P00103_E",3.11126983722079,4.39999999999998
"144","P00103_N",4.52548339959389,6.39999999999998
"145","P00104_C",1.6970562748477,2.39999999999998
"146","P00104_E",0.98994949366115,1.39999999999998
"147","P00104_N",5.86898628384835,8.30000000000001
"148","P00105_C",3.74766594028871,5.30000000000001
"149","P00105_E",11.5965512114594,16.4
"150","P00105_N",6.36396103067893,9
"151","P00107_C",NA,-Inf
"152","P00107_E",NA,-Inf
"153","P00107_N",NA,0
"154","P00108_C",6.15182899632295,8.69999999999999
"155","P00108_E",5.44472221513641,7.69999999999999
"156","P00108_N",2.82842712474619,4
"157","P00109_C",5.23259018078044,7.39999999999998
"158","P00109_E",0.98994949366115,1.39999999999998
"159","P00109_N",0.707106781186548,1
"160","P00110_C",2.82842712474619,4
"161","P00110_E",5.1618795026618,7.30000000000001
"162","P00110_N",3.04055915910216,4.30000000000001
"163","P00111_C",3.95979797464468,5.60000000000002
"164","P00111_E",1.90918830920367,2.69999999999999
"165","P00111_N",1.83847763108504,2.60000000000002
"166","P00113_C",2.12132034355964,3
"167","P00113_E",1.4142135623731,2
"168","P00113_N",0.91923881554252,1.30000000000001
"169","P00117_C",3.74766594028871,5.30000000000001
"170","P00117_E",2.12132034355964,3
"171","P00117_N",3.25269119345813,4.60000000000002
"172","P00121_C",3.11126983722079,4.39999999999998
"173","P00121_E",0.494974746830575,0.699999999999989
"174","P00121_N",5.44472221513641,7.69999999999999
"175","P00122_C",NA,0
"176","P00122_E",NA,-Inf
"177","P00122_N",NA,0
"178","P00125_C",2.12132034355964,3
"179","P00125_E",5.65685424949238,8
"180","P00125_N",7.56604255869605,10.7
"181","P00126_C",3.74766594028871,5.30000000000001
"182","P00126_E",1.62634559672907,2.30000000000001
"183","P00126_N",5.1618795026618,7.30000000000001
"184","P00127_C",4.66690475583123,6.60000000000002
"185","P00127_E",6.15182899632295,8.69999999999999
"186","P00127_N",4.94974746830583,7
"187","P00129_C",3.04055915910216,4.30000000000001
"188","P00129_E",11.1015764646288,15.7
"189","P00129_N",1.62634559672907,2.30000000000001
"190","P00130_C",2.61629509039022,3.69999999999999
"191","P00130_E",11.3137084989848,16
"192","P00130_N",6.36396103067893,9
"193","P00132_C",1.90918830920367,2.69999999999999
"194","P00132_E",0.282842712474603,0.399999999999977
"195","P00132_N",1.20208152801712,1.69999999999999
"196","P00133_C",1.4142135623731,2
"197","P00133_E",3.53553390593274,5
"198","P00133_N",0.98994949366115,1.39999999999998
"199","P00135_C",2.82842712474619,4
"200","P00135_E",3.81837661840734,5.39999999999998
"201","P00135_N",2.54558441227159,3.60000000000002
"202","P00141_C",0.707106781186548,1
"203","P00141_E",0.494974746830575,0.699999999999989
"204","P00141_N",2.12132034355964,3
"205","P00142_C",4.24264068711928,6
"206","P00142_E",0,0
"207","P00142_N",2.12132034355964,3
"208","P00143_C",2.82842712474619,4
"209","P00143_E",1.62634559672907,2.30000000000001
"210","P00143_N",5.65685424949238,8
"211","P00145_C",7.07106781186548,10
"212","P00145_E",2.33345237791562,3.30000000000001
"213","P00145_N",5.44472221513641,7.69999999999999
"214","P00146_C",3.81837661840734,5.39999999999998
"215","P00146_E",0.424264068711945,0.600000000000023
"216","P00146_N",1.83847763108504,2.60000000000002
"217","P00149_C",3.04055915910216,4.30000000000001
"218","P00149_E",3.04055915910216,4.30000000000001
"219","P00149_N",1.20208152801712,1.69999999999999
"220","P00151_C",7.77817459305202,11
"221","P00151_E",2.33345237791562,3.30000000000001
"222","P00151_N",3.04055915910216,4.30000000000001
"223","P00152_C",5.1618795026618,7.30000000000001
"224","P00152_E",1.20208152801712,1.69999999999999
"225","P00152_N",8.98025612106914,12.7
"226","P00154_C",1.20208152801712,1.69999999999999
"227","P00154_E",13.0107647738325,18.4
"228","P00154_N",2.82842712474619,4
"229","P00155_C",5.44472221513641,7.69999999999999
"230","P00155_E",2.40416305603425,3.39999999999998
"231","P00155_N",0,0
"232","P00156_C",3.25269119345813,4.60000000000002
"233","P00156_E",1.90918830920367,2.69999999999999
"234","P00156_N",0,0
"235","P00158_C",1.4142135623731,2
"236","P00158_E",3.53553390593274,5
"237","P00158_N",4.03050865276331,5.69999999999999
"238","P00159_C",2.33345237791562,3.30000000000001
"239","P00159_E",4.45477272147526,6.30000000000001
"240","P00159_N",0.282842712474603,0.399999999999977
"241","P00161_C",1.6970562748477,2.39999999999998
"242","P00161_E",0.707106781186548,1
"243","P00161_N",5.1618795026618,7.30000000000001
"244","P00162_C",3.74766594028871,5.30000000000001
"245","P00162_E",3.04055915910216,4.30000000000001
"246","P00162_N",1.90918830920367,2.69999999999999
"247","P00171_C",5.65685424949238,8
"248","P00171_E",1.90918830920367,2.69999999999999
"249","P00171_N",6.5760930650349,9.30000000000001
"250","P00174_C",0.98994949366115,1.39999999999998
"251","P00174_E",4.24264068711928,6
"252","P00174_N",8.06101730552663,11.4
"253","P00177_C",0.424264068711945,0.600000000000023
"254","P00177_E",3.04055915910216,4.30000000000001
"255","P00177_N",5.23259018078044,7.39999999999998
"256","P00179_C",1.4142135623731,2
"257","P00179_E",6.5760930650349,9.30000000000001
"258","P00179_N",4.45477272147526,6.30000000000001
"259","P00189_C",2.82842712474619,4
"260","P00189_E",0.707106781186548,1
"261","P00189_N",0.91923881554252,1.30000000000001
"262","P00201_C",5.23259018078044,7.39999999999998
"263","P00201_E",1.6970562748477,2.39999999999998
"264","P00201_N",1.62634559672907,2.30000000000001
"265","P00203_C",5.44472221513641,7.69999999999999
"266","P00203_E",7.56604255869605,10.7
"267","P00203_N",2.61629509039022,3.69999999999999
"268","P00204_C",2.61629509039022,3.69999999999999
"269","P00204_E",9.40452018978109,13.3
"270","P00204_N",4.24264068711928,6
"271","P00205_C",0.91923881554252,1.30000000000001
"272","P00205_E",3.74766594028871,5.30000000000001
"273","P00205_N",3.81837661840734,5.39999999999998
"274","P00206_C",0,0
"275","P00206_E",1.90918830920367,2.69999999999999
"276","P00206_N",1.4142135623731,2
"277","P00229_C",0.424264068711945,0.600000000000023
"278","P00229_E",5.65685424949238,8
"279","P00229_N",0.494974746830575,0.699999999999989
"280","P00231_C",4.94974746830583,7
"281","P00231_E",1.4142135623731,2
"282","P00231_N",0.91923881554252,1.30000000000001
"283","P00232_C",3.04055915910216,4.30000000000001
"284","P00232_E",0.494974746830575,0.699999999999989
"285","P00232_N",0.424264068711945,0.600000000000023
"286","P00233_C",2.54558441227159,3.60000000000002
"287","P00233_E",2.82842712474619,4
"288","P00233_N",2.12132034355964,3
"289","P00234_C",7.07106781186548,10
"290","P00234_E",2.12132034355964,3
"291","P00234_N",0.212132034355972,0.300000000000011
"292","P00235_C",1.20208152801712,1.69999999999999
"293","P00235_E",4.73761543394986,6.69999999999999
"294","P00235_N",1.4142135623731,2
"295","P00236_C",1.4142135623731,2
"296","P00236_E",1.4142135623731,2
"297","P00236_N",3.04055915910216,4.30000000000001
"298","P00237_C",24.7487373415292,35
"299","P00237_E",5.86898628384835,8.30000000000001
"300","P00237_N",4.03050865276331,5.69999999999999
"301","P00239_C",3.04055915910216,4.30000000000001
"302","P00239_E",6.15182899632295,8.69999999999999
"303","P00239_N",1.90918830920367,2.69999999999999
"304","P00241_C",3.74766594028871,5.30000000000001
"305","P00241_E",0.707106781186548,1
"306","P00241_N",2.12132034355964,3
"307","P00242_C",0.494974746830575,0.699999999999989
"308","P00242_E",2.12132034355964,3
"309","P00242_N",0.707106781186548,1
"310","P00243_C",0.707106781186548,1
"311","P00243_E",1.20208152801712,1.69999999999999
"312","P00243_N",1.20208152801712,1.69999999999999
"313","P00244_C",7.56604255869605,10.7
"314","P00244_E",6.36396103067893,9
"315","P00244_N",3.53553390593274,5
"316","P00245_C",5.23259018078044,7.39999999999998
"317","P00245_E",0,0
"318","P00245_N",4.94974746830583,7
"319","P00246_C",NA,0
"320","P00246_E",NA,0
"321","P00246_N",NA,0
"322","P00247_C",NA,0
"323","P00247_E",NA,0
"324","P00247_N",NA,0
"325","P00248_C",0.494974746830575,0.699999999999989
"326","P00248_E",6.15182899632295,8.69999999999999
"327","P00248_N",7.07106781186548,10
"328","P00249_C",1.90918830920367,2.69999999999999
"329","P00249_E",0,0
"330","P00249_N",0.282842712474603,0.399999999999977
"331","P00251_C",7.990306627408,11.3
"332","P00251_E",5.1618795026618,7.30000000000001
"333","P00251_N",6.8589357775095,9.69999999999999
"334","P00252_C",3.04055915910216,4.30000000000001
"335","P00252_E",6.36396103067893,9
"336","P00252_N",0.98994949366115,1.39999999999998
"337","P00253_C",0.707106781186548,1
"338","P00253_E",1.6970562748477,2.39999999999998
"339","P00253_N",3.74766594028871,5.30000000000001
"340","P00254_C",4.66690475583123,6.60000000000002
"341","P00254_E",1.83847763108504,2.60000000000002
"342","P00254_N",2.82842712474619,4
"343","P00255_C",4.24264068711928,6
"344","P00255_E",5.86898628384835,8.30000000000001
"345","P00255_N",8.2731493398826,11.7
"346","P00261_C",1.83847763108504,2.60000000000002
"347","P00261_E",0,0
"348","P00261_N",0,0
"349","P00262_C",0.212132034355972,0.300000000000011
"350","P00262_E",3.32340187157677,4.69999999999999
"351","P00262_N",0.494974746830575,0.699999999999989
"352","P00263_C",3.25269119345813,4.60000000000002
"353","P00263_E",0.707106781186548,1
"354","P00263_N",3.11126983722079,4.39999999999998
"355","P00264_C",3.53553390593274,5
"356","P00264_E",1.62634559672907,2.30000000000001
"357","P00264_N",2.12132034355964,3
"358","P00265_C",6.08111831820433,8.60000000000002
"359","P00265_E",0.91923881554252,1.30000000000001
"360","P00265_N",2.54558441227159,3.60000000000002
"361","P00266_C",8.48528137423857,12
"362","P00266_E",1.6970562748477,2.39999999999998
"363","P00266_N",2.33345237791562,3.30000000000001
"364","P00267_C",5.1618795026618,7.30000000000001
"365","P00267_E",1.83847763108504,2.60000000000002
"366","P00267_N",2.61629509039022,3.69999999999999
"367","P00268_C",3.74766594028871,5.30000000000001
"368","P00268_E",3.74766594028871,5.30000000000001
"369","P00268_N",2.12132034355964,3
"370","P00269_C",1.62634559672907,2.30000000000001
"371","P00269_E",6.8589357775095,9.69999999999999
"372","P00269_N",0.212132034355972,0.300000000000011
"373","P00271_C",1.13137084989849,1.60000000000002
"374","P00271_E",1.4142135623731,2
"375","P00271_N",2.82842712474619,4
"376","P00272_C",17.1826947828331,24.3
"377","P00272_E",8.69741340859454,12.3
"378","P00272_N",6.15182899632295,8.69999999999999
"379","P00273_C",12.9400540957138,18.3
"380","P00273_E",3.32340187157677,4.69999999999999
"381","P00273_N",7.07106781186548,10
"382","P00274_C",0.98994949366115,1.39999999999998
"383","P00274_E",1.83847763108504,2.60000000000002
"384","P00274_N",1.4142135623731,2
"385","P00275_C",1.6970562748477,2.39999999999998
"386","P00275_E",2.12132034355964,3
"387","P00275_N",0.424264068711945,0.600000000000023
"388","P00276_C",3.74766594028871,5.30000000000001
"389","P00276_E",2.33345237791562,3.30000000000001
"390","P00276_N",0.424264068711945,0.600000000000023
"391","P00278_C",NA,0
"392","P00278_E",NA,0
"393","P00278_N",NA,0
"394","P00279_C",6.8589357775095,9.69999999999999
"395","P00279_E",6.15182899632295,8.69999999999999
"396","P00279_N",1.6970562748477,2.39999999999998
"397","P00306_C",NA,0
"398","P00306_E",NA,0
"399","P00306_N",NA,0
"400","P00307_C",NA,0
"401","P00307_E",NA,0
"402","P00307_N",NA,0
"403","P00309_C",NA,0
"404","P00309_E",NA,0
"405","P00309_N",NA,0
"406","P00310_C",NA,0
"407","P00310_E",NA,0
"408","P00310_N",NA,0
"409","P00311_C",0.494974746830575,0.699999999999989
"410","P00311_E",0.494974746830575,0.699999999999989
"411","P00311_N",NA,0
"412","P00312_C",0.707106781186548,1
"413","P00312_E",1.4142135623731,2
"414","P00312_N",2.33345237791562,3.30000000000001
"415","P00313_C",NA,0
"416","P00313_E",NA,0
"417","P00313_N",NA,0
"418","P00314_C",6.5760930650349,9.30000000000001
"419","P00314_E",2.40416305603425,3.39999999999998
"420","P00314_N",0.98994949366115,1.39999999999998
"421","P00315_C",NA,0
"422","P00315_E",NA,0
"423","P00315_N",NA,0
"424","P00325_C",2.40416305603425,3.39999999999998
"425","P00325_E",1.4142135623731,2
"426","P00325_N",0.212132034355972,0.300000000000011
"427","P00326_C",0.91923881554252,1.30000000000001
"428","P00326_E",0.707106781186548,1
"429","P00326_N",0.91923881554252,1.30000000000001
"430","P00327_C",0.91923881554252,1.30000000000001
"431","P00327_E",0.424264068711945,0.600000000000023
"432","P00327_N",1.62634559672907,2.30000000000001
"433","P00328_C",1.62634559672907,2.30000000000001
"434","P00328_E",0.707106781186548,1
"435","P00328_N",0.494974746830575,0.699999999999989
"436","P00329_C",0.494974746830575,0.699999999999989
"437","P00329_E",1.13137084989849,1.60000000000002
"438","P00329_N",0.91923881554252,1.30000000000001
"439","P00330_C",1.13137084989849,1.60000000000002
"440","P00330_E",1.4142135623731,2
"441","P00330_N",1.90918830920367,2.69999999999999
"442","P00331_C",1.20208152801712,1.69999999999999
"443","P00331_E",1.90918830920367,2.69999999999999
"444","P00331_N",1.4142135623731,2
"445","P00332_C",2.82842712474619,4
"446","P00332_E",0.494974746830575,0.699999999999989
"447","P00332_N",2.82842712474619,4
"448","P00333_C",3.04055915910216,4.30000000000001
"449","P00333_E",0.494974746830575,0.699999999999989
"450","P00333_N",4.52548339959389,6.39999999999998
"451","P00334_C",2.82842712474619,4
"452","P00334_E",1.20208152801712,1.69999999999999
"453","P00334_N",1.20208152801712,1.69999999999999
"454","P00337_C",3.25269119345813,4.60000000000002
"455","P00337_E",0.98994949366115,1.39999999999998
"456","P00337_N",5.65685424949238,8
"457","P00338_C",1.20208152801712,1.69999999999999
"458","P00338_E",3.95979797464468,5.60000000000002
"459","P00338_N",2.82842712474619,4
"460","P00339_C",2.33345237791562,3.30000000000001
"461","P00339_E",2.33345237791562,3.30000000000001
"462","P00339_N",3.53553390593274,5
"463","P00340_C",3.53553390593274,5
"464","P00340_E",2.12132034355964,3
"465","P00340_N",0.424264068711945,0.600000000000023
"466","P00345_C",3.04055915910216,4.30000000000001
"467","P00345_E",1.62634559672907,2.30000000000001
"468","P00345_N",0.494974746830575,0.699999999999989
"469","P00346_C",1.6970562748477,2.39999999999998
"470","P00346_E",0.707106781186548,1
"471","P00346_N",2.33345237791562,3.30000000000001
"472","P00347_C",1.4142135623731,2
"473","P00347_E",3.53553390593274,5
"474","P00347_N",2.40416305603425,3.39999999999998
"475","P00348_C",2.12132034355964,3
"476","P00348_E",2.82842712474619,4
"477","P00348_N",0.707106781186548,1
"478","P00356_C",0,0
"479","P00356_E",3.53553390593274,5
"480","P00356_N",2.61629509039022,3.69999999999999
"481","P00358_C",4.03050865276331,5.69999999999999
"482","P00358_E",1.4142135623731,2
"483","P00358_N",0.212132034355972,0.300000000000011
"484","P00359_C",2.61629509039022,3.69999999999999
"485","P00359_E",NA,0
"486","P00359_N",2.61629509039022,3.69999999999999
"487","P00401_C",4.03050865276331,5.69999999999999
"488","P00401_E",5.1618795026618,7.30000000000001
"489","P00401_N",0.212132034355972,0.300000000000011
"490","P00402_C",3.81837661840734,5.39999999999998
"491","P00402_E",0.494974746830575,0.699999999999989
"492","P00402_N",8.2731493398826,11.7
"493","P00403_C",5.65685424949238,8
"494","P00403_E",5.86898628384835,8.30000000000001
"495","P00403_N",2.12132034355964,3
"496","P00404_C",1.13137084989849,1.60000000000002
"497","P00404_E",2.82842712474619,4
"498","P00404_N",1.20208152801712,1.69999999999999
"499","P00405_C",39.8808224589213,56.4
"500","P00405_E",49.0024999362277,69.3
"501","P00405_N",31.6076731190387,44.7
"502","P00407_C",1.62634559672907,2.30000000000001
"503","P00407_E",2.82842712474619,4
"504","P00407_N",6.78822509939087,9.60000000000002
"505","P00408_C",0.707106781186548,1
"506","P00408_E",3.81837661840734,5.39999999999998
"507","P00408_N",0.707106781186548,1
"508","P00409_C",NA,0
"509","P00409_E",NA,0
"510","P00409_N",NA,0
"511","P00410_C",NA,0
"512","P00410_E",NA,0
"513","P00410_N",NA,0
"514","P00411_C",0.91923881554252,1.30000000000001
"515","P00411_E",8.2731493398826,11.7
"516","P00411_N",3.74766594028871,5.30000000000001
"517","P00413_C",2.82842712474619,4
"518","P00413_E",1.62634559672907,2.30000000000001
"519","P00413_N",1.90918830920367,2.69999999999999
"520","P00415_C",3.95979797464468,5.60000000000002
"521","P00415_E",1.62634559672907,2.30000000000001
"522","P00415_N",1.4142135623731,2
"523","P00416_C",1.6970562748477,2.39999999999998
"524","P00416_E",1.83847763108504,2.60000000000002
"525","P00416_N",1.4142135623731,2
"526","P00417_C",3.81837661840734,5.39999999999998
"527","P00417_E",0.494974746830575,0.699999999999989
"528","P00417_N",2.33345237791562,3.30000000000001
"529","P00418_C",1.6970562748477,2.39999999999998
"530","P00418_E",8.98025612106914,12.7
"531","P00418_N",11.0308657865102,15.6
"532","P00420_C",8.48528137423857,12
"533","P00420_E",0.707106781186548,1
"534","P00420_N",1.90918830920367,2.69999999999999
"535","P00422_C",0.212132034355972,0.300000000000011
"536","P00422_E",1.20208152801712,1.69999999999999
"537","P00422_N",1.20208152801712,1.69999999999999
"538","P00423_C",2.82842712474619,4
"539","P00423_E",0.707106781186548,1
"540","P00423_N",3.32340187157677,4.69999999999999
"541","P00424_C",0.91923881554252,1.30000000000001
"542","P00424_E",5.86898628384835,8.30000000000001
"543","P00424_N",0.91923881554252,1.30000000000001
"544","P00425_C",0.91923881554252,1.30000000000001
"545","P00425_E",1.20208152801712,1.69999999999999
"546","P00425_N",8.2731493398826,11.7
"547","P00426_C",0.212132034355972,0.300000000000011
"548","P00426_E",0.212132034355972,0.300000000000011
"549","P00426_N",0.707106781186548,1
"550","P00428_C",4.73761543394986,6.69999999999999
"551","P00428_E",2.61629509039022,3.69999999999999
"552","P00428_N",5.65685424949238,8
"553","P00433_C",5.1618795026618,7.30000000000001
"554","P00433_E",4.94974746830583,7
"555","P00433_N",0.212132034355972,0.300000000000011
"556","P00434_C",0.282842712474603,0.399999999999977
"557","P00434_E",NA,-Inf
"558","P00434_N",5.23259018078044,7.39999999999998
"559","P00435_C",4.52548339959389,6.39999999999998
"560","P00435_E",NA,-Inf
"561","P00435_N",70.0035713374682,99
"562","P00441_C",2.12132034355964,3
"563","P00441_E",2.12132034355964,3
"564","P00441_N",0.212132034355972,0.300000000000011
"565","P00442_C",1.4142135623731,2
"566","P00442_E",0.212132034355972,0.300000000000011
"567","P00442_N",5.1618795026618,7.30000000000001
"568","P00443_C",0,0
"569","P00443_E",1.20208152801712,1.69999999999999
"570","P00443_N",1.4142135623731,2
"571","P00445_C",5.1618795026618,7.30000000000001
"572","P00445_E",1.6970562748477,2.39999999999998
"573","P00445_N",5.44472221513641,7.69999999999999
"574","P00447_C",0.494974746830575,0.699999999999989
"575","P00447_E",1.4142135623731,2
"576","P00447_N",1.6970562748477,2.39999999999998
"577","P00448_C",0.494974746830575,0.699999999999989
"578","P00448_E",0,0
"579","P00448_N",4.03050865276331,5.69999999999999
"580","P00449_C",2.82842712474619,4
"581","P00449_E",5.65685424949238,8
"582","P00449_N",4.73761543394986,6.69999999999999
"583","P00450_C",4.94974746830583,7
"584","P00450_E",4.45477272147526,6.30000000000001
"585","P00450_N",4.73761543394986,6.69999999999999
"586","P00452_C",0.707106781186548,1
"587","P00452_E",19.5868578388674,27.7
"588","P00452_N",0.707106781186548,1
"589","P00454_C",3.74766594028871,5.30000000000001
"590","P00454_E",3.95979797464468,5.60000000000002
"591","P00454_N",NA,0
"592","P00455_C",7.77817459305202,11
"593","P00455_E",5.65685424949238,8
"594","P00455_N",7.56604255869605,10.7
"595","P00456_C",0.707106781186548,1
"596","P00456_E",3.04055915910216,4.30000000000001
"597","P00456_N",2.82842712474619,4
"598","P00457_C",2.40416305603425,3.39999999999998
"599","P00457_E",6.36396103067893,9
"600","P00457_N",3.32340187157677,4.69999999999999
"601","P00458_C",2.12132034355964,3
"602","P00458_E",0.707106781186548,1
"603","P00458_N",2.40416305603425,3.39999999999998
"604","P00460_C",6.5760930650349,9.30000000000001
"605","P00460_E",2.82842712474619,4
"606","P00460_N",1.90918830920367,2.69999999999999
"607","P00462_C",4.94974746830583,7
"608","P00462_E",5.65685424949238,8
"609","P00462_N",6.36396103067893,9
"610","P00463_C",2.12132034355964,3
"611","P00463_E",0.494974746830575,0.699999999999989
"612","P00463_N",4.24264068711928,6
"613","P00464_C",0.707106781186548,1
"614","P00464_E",4.45477272147526,6.30000000000001
"615","P00464_N",5.86898628384835,8.30000000000001
"616","P00481_C",NA,0
"617","P00481_E",NA,0
"618","P00481_N",NA,0
"619","P00482_C",NA,0
"620","P00482_E",NA,0
"621","P00482_N",NA,0
"622","P00626_C",3.04055915910216,4.3
"623","P00626_E",2.61629509039023,3.7
"624","P00626_N",2.12132034355964,3
"625","P00627_C",4.73761543394987,6.7
"626","P00627_E",0,0
"627","P00627_N",0.282842712474619,0.4
"628","P00628_C",0.919238815542512,1.3
"629","P00628_E",3.53553390593274,5
"630","P00628_N",1.62634559672906,2.3
"631","P00629_C",2.82842712474619,4
"632","P00629_E",3.53553390593274,5
"633","P00629_N",3.25269119345812,4.6
"634","P00630_C",2.82842712474619,4
"635","P00630_E",3.32340187157677,4.7
"636","P00630_N",0.707106781186548,1
"637","P00631_C",4.03050865276332,5.7
"638","P00631_E",1.20208152801713,1.7
"639","P00631_N",5.65685424949238,8
"640","P00632_C",4.66690475583121,6.6
"641","P00632_E",1.90918830920368,2.7
"642","P00632_N",7.28319984622144,10.3
"643","P00633_C",4.24264068711928,6
"644","P00633_E",0,0
"645","P00633_N",4.94974746830583,7
"646","P00634_C",1.4142135623731,2
"647","P00634_E",NA,0
"648","P00634_N",0.707106781186548,1
"649","P00635_C",2.12132034355964,3
"650","P00635_E",3.25269119345812,4.6
"651","P00635_N",2.82842712474619,4
"652","P00636_C",9.89949493661167,14
"653","P00636_E",5.65685424949238,8
"654","P00636_N",7.35391052434009,10.4
"655","P00637_C",6.08111831820431,8.6
"656","P00637_E",5.65685424949238,8
"657","P00637_N",4.73761543394987,6.7
"658","P00638_C",6.36396103067893,9
"659","P00638_E",8.20243866176395,11.6
"660","P00638_N",4.73761543394987,6.7
"661","P00639_C",10.1116269709676,14.3
"662","P00639_E",6.64680374315355,9.4
"663","P00639_N",3.32340187157677,4.7
"664","P00640_C",4.24264068711928,6
"665","P00640_E",5.86898628384834,8.3
"666","P00640_N",8.06101730552664,11.4
"667","P00646_C",0.424264068711928,0.6
"668","P00646_E",0.212132034355964,0.3
"669","P00646_N",1.41421356237309,2
"670","P00647_C",1.90918830920368,2.7
"671","P00647_E",0.494974746830583,0.7
"672","P00647_N",0.707106781186547,1
"673","P00648_C",2.12132034355964,3
"674","P00648_E",7.99030662740799,11.3
"675","P00648_N",0.707106781186548,1
"676","P00649_C",3.04055915910215,4.3
"677","P00649_E",0.707106781186547,1
"678","P00649_N",0.919238815542512,1.3
"679","P00650_C",0.282842712474619,0.4
"680","P00650_E",1.90918830920368,2.7
"681","P00650_N",2.54558441227157,3.6
"682","P00651_C",4.66690475583121,6.6
"683","P00651_E",4.73761543394987,6.7
"684","P00651_N",5.44472221513642,7.7
"685","P00652_C",2.12132034355964,3
"686","P00652_E",1.4142135623731,2
"687","P00652_N",1.62634559672906,2.3
"688","P00653_C",5.86898628384835,8.3
"689","P00653_E",7.77817459305202,11
"690","P00653_N",2.12132034355964,3
"691","P00654_C",5.65685424949238,8
"692","P00654_E",8.69741340859454,12.3
"693","P00654_N",1.20208152801713,1.7
"694","P00655_C",3.04055915910215,4.3
"695","P00655_E",5.23259018078045,7.4
"696","P00655_N",6.36396103067893,9
"697","P00656_C",NA,0
"698","P00656_E",NA,0
"699","P00656_N",NA,-Inf
"700","P00657_C",2.54558441227157,3.6
"701","P00657_E",3.7476659402887,5.3
"702","P00657_N",2.33345237791561,3.3
"703","P00659_C",0.919238815542512,1.3
"704","P00659_E",7.35391052434009,10.4
"705","P00659_N",2.82842712474619,4
"706","P00660_C",2.61629509039023,3.7
"707","P00660_E",0.989949493661167,1.4
"708","P00660_N",1.62634559672906,2.3
"709","P00666_C",NA,0
"710","P00666_E",NA,0
"711","P00666_N",NA,0
"712","P00667_C",2.12132034355964,3
"713","P00667_E",2.12132034355964,3
"714","P00667_N",3.04055915910215,4.3
"715","P00668_C",0.494974746830583,0.7
"716","P00668_E",2.40416305603426,3.4
"717","P00668_N",0.707106781186548,1
"718","P00669_C",NA,0
"719","P00669_E",NA,0
"720","P00669_N",NA,0
"721","P00670_C",NA,0
"722","P00670_E",NA,0
"723","P00670_N",NA,0
"724","P00671_C",0.989949493661167,1.4
"725","P00671_E",1.20208152801713,1.7
"726","P00671_N",0.494974746830583,0.7
"727","P00672_C",4.24264068711928,6
"728","P00672_E",0.494974746830583,0.7
"729","P00672_N",0.707106781186548,1
"730","P00673_C",1.90918830920368,2.7
"731","P00673_E",3.95979797464467,5.6
"732","P00673_N",3.32340187157677,4.7
"733","P00674_C",1.83847763108502,2.6
"734","P00674_E",0.282842712474619,0.4
"735","P00674_N",2.12132034355964,3
"736","P00675_C",0,0
"737","P00675_E",4.94974746830583,7
"738","P00675_N",4.94974746830583,7
"739","P00676_C",0.919238815542512,1.3
"740","P00676_E",0.212132034355965,0.300000000000001
"741","P00676_N",3.32340187157677,4.7
"742","P00677_C",0.494974746830583,0.699999999999999
"743","P00677_E",0.282842712474619,0.4
"744","P00677_N",1.4142135623731,2
"745","P00678_C",4.24264068711928,6
"746","P00678_E",3.32340187157677,4.7
"747","P00678_N",5.65685424949238,8
"748","P00679_C",3.32340187157677,4.7
"749","P00679_E",2.82842712474619,4
"750","P00679_N",3.95979797464467,5.6
"751","P00680_C",2.33345237791561,3.3
"752","P00680_E",2.61629509039023,3.7
"753","P00680_N",1.83847763108502,2.6
"754","P00681_C",NA,0
"755","P00681_E",NA,0
"756","P00681_N",NA,0
"757","P00682_C",NA,0
"758","P00682_E",NA,0
"759","P00682_N",NA,0
"760","P00683_C",NA,0
"761","P00683_E",NA,0
"762","P00683_N",NA,0
"763","P00702_C",4.52548339959389,6.39999999999998
"764","P00702_E",5.65685424949238,8
"765","P00702_N",3.53553390593274,5
"766","P00703_C",9.61665222413706,13.6
"767","P00703_E",7.77817459305202,11
"768","P00703_N",9.40452018978109,13.3
"769","P00706_C",0.424264068711945,0.600000000000023
"770","P00706_E",4.94974746830583,7
"771","P00706_N",4.24264068711928,6
"772","P00707_C",3.95979797464468,5.60000000000002
"773","P00707_E",4.24264068711928,6
"774","P00707_N",15.556349186104,22
"775","P00708_C",7.28319984622145,10.3
"776","P00708_E",6.78822509939087,9.60000000000002
"777","P00708_N",3.53553390593274,5
"778","P00709_C",2.82842712474619,4
"779","P00709_E",0.707106781186548,1
"780","P00709_N",4.24264068711928,6
"781","P00710_C",6.78822509939087,9.60000000000002
"782","P00710_E",0.212132034355972,0.300000000000011
"783","P00710_N",0.494974746830575,0.699999999999989
"784","P00711_C",2.54558441227159,3.60000000000002
"785","P00711_E",2.82842712474619,4
"786","P00711_N",2.12132034355964,3
"787","P00713_C",0.98994949366115,1.39999999999998
"788","P00713_E",0.707106781186548,1
"789","P00713_N",2.33345237791562,3.30000000000001
"790","P00714_C",3.81837661840734,5.39999999999998
"791","P00714_E",4.94974746830583,7
"792","P00714_N",1.90918830920367,2.69999999999999
"793","P00716_C",1.83847763108504,2.60000000000002
"794","P00716_E",1.62634559672907,2.30000000000001
"795","P00716_N",3.11126983722079,4.39999999999998
"796","P00717_C",2.82842712474619,4
"797","P00717_E",0.212132034355972,0.300000000000011
"798","P00717_N",2.82842712474619,4
"799","P00718_C",3.74766594028871,5.30000000000001
"800","P00718_E",0.707106781186548,1
"801","P00718_N",2.82842712474619,4
"802","P00719_C",3.11126983722079,4.39999999999998
"803","P00719_E",1.62634559672907,2.30000000000001
"804","P00719_N",6.5760930650349,9.30000000000001
"805","P00721_C",3.74766594028871,5.30000000000001
"806","P00721_E",5.65685424949238,8
"807","P00721_N",2.61629509039022,3.69999999999999
"808","P00722_C",4.94974746830583,7
"809","P00722_E",1.90918830920367,2.69999999999999
"810","P00722_N",2.54558441227159,3.60000000000002
"811","P00723_C",6.36396103067893,9
"812","P00723_E",6.64680374315353,9.39999999999998
"813","P00723_N",10.1823376490863,14.4
"814","P00724_C",2.61629509039022,3.69999999999999
"815","P00724_E",2.33345237791562,3.30000000000001
"816","P00724_N",2.61629509039022,3.69999999999999
"817","P00725_C",4.03050865276331,5.69999999999999
"818","P00725_E",1.13137084989849,1.60000000000002
"819","P00725_N",2.12132034355964,3
"820","P00726_C",2.33345237791562,3.30000000000001
"821","P00726_E",2.12132034355964,3
"822","P00726_N",4.24264068711928,6
"823","P00727_C",5.86898628384835,8.30000000000001
"824","P00727_E",3.74766594028871,5.30000000000001
"825","P00727_N",2.82842712474619,4
"826","P00728_C",2.82842712474619,4
"827","P00728_E",2.82842712474619,4
"828","P00728_N",4.03050865276331,5.69999999999999
"829","P00729_C",4.94974746830583,7
"830","P00729_E",0.212132034355972,0.300000000000011
"831","P00729_N",2.82842712474619,4
"832","P00730_C",4.45477272147526,6.30000000000001
"833","P00730_E",4.73761543394986,6.69999999999999
"834","P00730_N",2.12132034355964,3
"835","P00732_C",7.28319984622145,10.3
"836","P00732_E",6.15182899632295,8.69999999999999
"837","P00732_N",3.74766594028871,5.30000000000001
"838","P00733_C",3.95979797464468,5.60000000000002
"839","P00733_E",2.82842712474619,4
"840","P00733_N",4.52548339959389,6.39999999999998
"841","P00734_C",4.94974746830583,7
"842","P00734_E",0,0
"843","P00734_N",4.94974746830583,7
"844","P00736_C",2.61629509039022,3.69999999999999
"845","P00736_E",7.56604255869605,10.7
"846","P00736_N",1.6970562748477,2.39999999999998
"847","P00739_C",1.4142135623731,2
"848","P00739_E",2.82842712474619,4
"849","P00739_N",0.282842712474603,0.399999999999977
"850","P00740_C",3.25269119345813,4.60000000000002
"851","P00740_E",7.28319984622145,10.3
"852","P00740_N",3.81837661840734,5.39999999999998
"853","P00741_C",3.04055915910216,4.30000000000001
"854","P00741_E",1.4142135623731,2
"855","P00741_N",3.81837661840734,5.39999999999998
"856","P00742_C",4.24264068711928,6
"857","P00742_E",5.65685424949238,8
"858","P00742_N",4.94974746830583,7
"859","P00743_C",1.90918830920367,2.69999999999999
"860","P00743_E",0.707106781186548,1
"861","P00743_N",0.707106781186548,1
"862","P00744_C",2.12132034355964,3
"863","P00744_E",4.03050865276331,5.69999999999999
"864","P00744_N",2.82842712474619,4
"865","P00745_C",4.73761543394986,6.69999999999999
"866","P00745_E",6.36396103067893,9
"867","P00745_N",2.33345237791562,3.30000000000001
"868","P00746_C",4.94974746830583,7
"869","P00746_E",5.37401153701778,7.60000000000002
"870","P00746_N",3.32340187157677,4.69999999999999
"871","P00748_C",5.44472221513641,7.69999999999999
"872","P00748_E",4.66690475583123,6.60000000000002
"873","P00748_N",2.33345237791562,3.30000000000001
"874","P00749_C",3.81837661840734,5.39999999999998
"875","P00749_E",2.12132034355964,3
"876","P00749_N",0.91923881554252,1.30000000000001
"877","P00751_C",6.08111831820433,8.60000000000002
"878","P00751_E",7.07106781186548,10
"879","P00751_N",3.95979797464468,5.60000000000002
"880","P00752_C",6.08111831820433,8.60000000000002
"881","P00752_E",3.81837661840734,5.39999999999998
"882","P00752_N",4.94974746830583,7
"883","P00753_C",8.48528137423857,12
"884","P00753_E",4.73761543394986,6.69999999999999
"885","P00753_N",4.94974746830583,7
"886","P00755_C",3.53553390593274,5
"887","P00755_E",5.86898628384835,8.30000000000001
"888","P00755_N",6.78822509939087,9.60000000000002
"889","P00757_C",3.81837661840734,5.39999999999998
"890","P00757_E",11.8086832458153,16.7
"891","P00757_N",4.03050865276331,5.69999999999999
"892","P00758_C",3.04055915910216,4.30000000000001
"893","P00758_E",10.6066017177982,15
"894","P00758_N",5.65685424949238,8
"895","P00760_C",2.33345237791562,3.30000000000001
"896","P00760_E",4.03050865276331,5.69999999999999
"897","P00760_N",3.74766594028871,5.30000000000001
"898","P00901_C",3.53553390593274,5
"899","P00901_E",4.24264068711928,6
"900","P00901_N",3.95979797464468,5.60000000000002
"901","P00902_C",4.94974746830583,7
"902","P00902_E",6.5760930650349,9.30000000000001
"903","P00902_N",8.20243866176397,11.6
"904","P00903_C",4.03050865276331,5.69999999999999
"905","P00903_E",3.74766594028871,5.30000000000001
"906","P00903_N",3.04055915910216,4.30000000000001
"907","P00904_C",0.282842712474603,0.399999999999977
"908","P00904_E",3.11126983722079,4.39999999999998
"909","P00904_N",3.04055915910216,4.30000000000001
"910","P00905_C",0.494974746830575,0.699999999999989
"911","P00905_E",1.20208152801712,1.69999999999999
"912","P00905_N",0.282842712474603,0.399999999999977
"913","P00906_C",1.6970562748477,2.39999999999998
"914","P00906_E",1.4142135623731,2
"915","P00906_N",6.15182899632295,8.69999999999999
"916","P00913_C",6.8589357775095,9.69999999999999
"917","P00913_E",1.62634559672907,2.30000000000001
"918","P00913_N",2.82842712474619,4
"919","P00914_C",8.2731493398826,11.7
"920","P00914_E",7.28319984622145,10.3
"921","P00914_N",3.95979797464468,5.60000000000002
"922","P00915_C",0.212132034355972,0.300000000000011
"923","P00915_E",11.5258405333407,16.3
"924","P00915_N",4.52548339959389,6.39999999999998
"925","P00916_C",6.36396103067893,9
"926","P00916_E",6.36396103067893,9
"927","P00916_N",5.65685424949238,8
"928","P00917_C",9.19238815542512,13
"929","P00917_E",3.04055915910216,4.30000000000001
"930","P00917_N",11.3137084989848,16
"931","P00918_C",8.48528137423857,12
"932","P00918_E",5.65685424949238,8
"933","P00918_N",7.77817459305202,11
"934","P00919_C",1.13137084989849,1.60000000000002
"935","P00919_E",2.54558441227159,3.60000000000002
"936","P00919_N",6.36396103067893,9
"937","P00920_C",6.36396103067893,9
"938","P00920_E",4.45477272147526,6.30000000000001
"939","P00920_N",2.33345237791562,3.30000000000001
"940","P00921_C",3.53553390593274,5
"941","P00921_E",3.53553390593274,5
"942","P00921_N",2.82842712474619,4
"943","P00922_C",0,0
"944","P00922_E",3.95979797464468,5.60000000000002
"945","P00922_N",4.24264068711928,6
"946","P00925_C",2.61629509039022,3.69999999999999
"947","P00925_E",3.25269119345813,4.60000000000002
"948","P00925_N",4.24264068711928,6
"949","P00926_C",5.93969696196698,8.39999999999998
"950","P00926_E",4.73761543394986,6.69999999999999
"951","P00926_N",0.212132034355972,0.300000000000011
"952","P00927_C",4.24264068711928,6
"953","P00927_E",5.44472221513641,7.69999999999999
"954","P00927_N",1.4142135623731,2
"955","P00928_C",0.212132034355972,0.300000000000011
"956","P00928_E",0.282842712474603,0.399999999999977
"957","P00928_N",7.77817459305202,11
"958","P00929_C",4.24264068711928,6
"959","P00929_E",4.73761543394986,6.69999999999999
"960","P00929_N",6.78822509939087,9.60000000000002
"961","P00930_C",6.8589357775095,9.69999999999999
"962","P00930_E",8.2731493398826,11.7
"963","P00930_N",8.2731493398826,11.7
"964","P00931_C",6.8589357775095,9.69999999999999
"965","P00931_E",2.82842712474619,4
"966","P00931_N",5.86898628384835,8.30000000000001
"967","P00932_C",4.03050865276331,5.69999999999999
"968","P00932_E",3.32340187157677,4.69999999999999
"969","P00932_N",0.494974746830575,0.699999999999989
"970","P00933_C",3.53553390593274,5
"971","P00933_E",2.54558441227159,3.60000000000002
"972","P00933_N",5.65685424949238,8
"973","P00934_C",2.61629509039022,3.69999999999999
"974","P00934_E",2.12132034355964,3
"975","P00934_N",6.15182899632295,8.69999999999999
"976","P00935_C",0.707106781186548,1
"977","P00935_E",1.6970562748477,2.39999999999998
"978","P00935_N",3.32340187157677,4.69999999999999
"979","P00936_C",4.03050865276331,5.69999999999999
"980","P00936_E",2.82842712474619,4
"981","P00936_N",3.53553390593274,5
"982","P00937_C",2.12132034355964,3
"983","P00937_E",6.5760930650349,9.30000000000001
"984","P00937_N",2.82842712474619,4
"985","P00938_C",5.93969696196698,8.39999999999998
"986","P00938_E",5.37401153701778,7.60000000000002
"987","P00938_N",12.9400540957138,18.3
"988","P00939_C",1.90918830920367,2.69999999999999
"989","P00939_E",6.5760930650349,9.30000000000001
"990","P00939_N",0.707106781186548,1
"991","P00940_C",0.494974746830575,0.699999999999989
"992","P00940_E",4.24264068711928,6
"993","P00940_N",0.91923881554252,1.30000000000001
"994","P00941_C",9.19238815542512,13
"995","P00941_E",2.33345237791562,3.30000000000001
"996","P00941_N",3.32340187157677,4.69999999999999
"997","P00942_C",2.12132034355964,3
"998","P00942_E",0,0
"999","P00942_N",4.66690475583123,6.60000000000002
"1000","P00943_C",4.94974746830583,7
"1001","P00943_E",4.24264068711928,6
"1002","P00943_N",4.66690475583123,6.60000000000002
"1003","P00944_C",4.45477272147526,6.30000000000001
"1004","P00944_E",8.69741340859454,12.3
"1005","P00944_N",6.15182899632295,8.69999999999999
"1006","P00945_C",7.28319984622145,10.3
"1007","P00945_E",8.98025612106914,12.7
"1008","P00945_N",9.47523086789972,13.4
"1009","P00946_C",4.52548339959389,6.39999999999998
"1010","P00946_E",4.73761543394986,6.69999999999999
"1011","P00946_N",6.5760930650349,9.30000000000001
"1012","P00947_C",5.1618795026618,7.30000000000001
"1013","P00947_E",8.76812408671317,12.4
"1014","P00947_N",2.82842712474619,4
"1015","P00948_C",3.95979797464468,5.60000000000002
"1016","P00948_E",4.52548339959389,6.39999999999998
"1017","P00948_N",4.73761543394986,6.69999999999999
"1018","P01101_C",27.5771644662754,39
"1019","P01101_E",4.45477272147526,6.30000000000001
"1020","P01101_N",15.76848122046,22.3
"1021","P01102_C",5.23259018078044,7.39999999999998
"1022","P01102_E",6.8589357775095,9.69999999999999
"1023","P01102_N",2.12132034355964,3
"1024","P01107_C",1.6970562748477,2.39999999999998
"1025","P01107_E",4.03050865276331,5.69999999999999
"1026","P01107_N",3.81837661840734,5.39999999999998
"1027","P01109_C",13.4350288425444,19
"1028","P01109_E",11.3137084989848,16
"1029","P01109_N",13.4350288425444,19
"1030","P01111_C",8.06101730552663,11.4
"1031","P01111_E",4.03050865276331,5.69999999999999
"1032","P01111_N",12.5157900270019,17.7
"1033","P01113_C",7.35391052434008,10.4
"1034","P01113_E",4.03050865276331,5.69999999999999
"1035","P01113_N",4.24264068711928,6
"1036","P01116_C",12.0208152801713,17
"1037","P01116_E",11.3137084989848,16
"1038","P01116_N",8.2731493398826,11.7
"1039","P01117_C",NA,0
"1040","P01117_E",NA,0
"1041","P01117_N",NA,0
"1042","P01120_C",0.98994949366115,1.39999999999998
"1043","P01120_E",4.52548339959389,6.39999999999998
"1044","P01120_N",5.44472221513641,7.69999999999999
"1045","P01121_C",5.37401153701778,7.60000000000002
"1046","P01121_E",16.0513239329346,22.7
"1047","P01121_N",9.61665222413706,13.6
"1048","P01123_C",4.24264068711928,6
"1049","P01123_E",14.5663996924429,20.6
"1050","P01123_N",6.36396103067893,9
"1051","P01125_C",10.1823376490863,14.4
"1052","P01125_E",15.0613744392735,21.3
"1053","P01125_N",9.40452018978109,13.3
"1054","P01127_C",8.69741340859454,12.3
"1055","P01127_E",10.8894444302728,15.4
"1056","P01127_N",6.5760930650349,9.30000000000001
"1057","P01131_C",10.1823376490863,14.4
"1058","P01131_E",4.94974746830583,7
"1059","P01131_N",6.8589357775095,9.69999999999999
"1060","P01133_C",8.48528137423857,12
"1061","P01133_E",19.7989898732233,28
"1062","P01133_N",14.5663996924429,20.6
"1063","P01135_C",14.3542676580869,20.3
"1064","P01135_E",11.1015764646288,15.7
"1065","P01135_N",12.0208152801713,17
"1066","P01136_C",11.3137084989848,16
"1067","P01136_E",2.82842712474619,4
"1068","P01136_N",12.7279220613579,18
"1069","P01137_C",10.3944696834422,14.7
"1070","P01137_E",9.19238815542512,13
"1071","P01137_N",13.717871555019,19.4
"1072","P01138_C",5.44472221513641,7.69999999999999
"1073","P01138_E",2.82842712474619,4
"1074","P01138_N",8.98025612106914,12.7
"1075","P01141_C",3.32340187157677,4.69999999999999
"1076","P01141_E",0.98994949366115,1.39999999999998
"1077","P01141_N",2.12132034355964,3
"1078","P01142_C",4.94974746830583,7
"1079","P01142_E",3.95979797464468,5.60000000000002
"1080","P01142_N",7.07106781186548,10
"1081","P01145_C",2.12132034355964,3
"1082","P01145_E",8.06101730552663,11.4
"1083","P01145_N",8.98025612106914,12.7
"1084","P01146_C",7.28319984622145,10.3
"1085","P01146_E",3.32340187157677,4.69999999999999
"1086","P01146_N",2.82842712474619,4
"1087","P01148_C",6.15182899632295,8.69999999999999
"1088","P01148_E",10.1116269709676,14.3
"1089","P01148_N",7.77817459305202,11
"1090","P01151_C",4.03050865276331,5.69999999999999
"1091","P01151_E",4.03050865276331,5.69999999999999
"1092","P01151_N",2.82842712474619,4
"1093","P01154_C",4.45477272147526,6.30000000000001
"1094","P01154_E",6.5760930650349,9.30000000000001
"1095","P01154_N",5.93969696196698,8.39999999999998
"1096","P01155_C",2.82842712474619,4
"1097","P01155_E",4.03050865276331,5.69999999999999
"1098","P01155_N",2.33345237791562,3.30000000000001
"1099","P01156_C",10.8187337521542,15.3
"1100","P01156_E",3.25269119345813,4.60000000000002
"1101","P01156_N",7.56604255869605,10.7
"1102","P01158_C",NA,0
"1103","P01158_E",NA,0
"1104","P01158_N",NA,0
"1105","P01159_C",6.15182899632295,8.69999999999999
"1106","P01159_E",0.707106781186548,1
"1107","P01159_N",0.494974746830575,0.699999999999989
"1108","P01160_C",1.6970562748477,2.39999999999998
"1109","P01160_E",3.74766594028871,5.30000000000001
"1110","P01160_N",6.8589357775095,9.69999999999999
"1111","P01161_C",4.45477272147526,6.30000000000001
"1112","P01161_E",3.11126983722079,4.39999999999998
"1113","P01161_N",6.15182899632295,8.69999999999999
"1114","P01162_C",4.24264068711928,6
"1115","P01162_E",7.28319984622145,10.3
"1116","P01162_N",5.1618795026618,7.30000000000001
"1117","P01163_C",2.82842712474619,4
"1118","P01163_E",5.23259018078044,7.39999999999998
"1119","P01163_N",5.44472221513641,7.69999999999999
"1120","P01164_C",8.98025612106914,12.7
"1121","P01164_E",6.36396103067893,9
"1122","P01164_N",2.82842712474619,4
"1123","P01165_C",5.65685424949238,8
"1124","P01165_E",9.19238815542512,13
"1125","P01165_N",3.25269119345813,4.60000000000002
"1126","P01166_C",5.44472221513641,7.69999999999999
"1127","P01166_E",3.32340187157677,4.69999999999999
"1128","P01166_N",1.13137084989849,1.60000000000002
"1129","P01168_C",5.93969696196698,8.39999999999998
"1130","P01168_E",3.53553390593274,5
"1131","P01168_N",3.32340187157677,4.69999999999999
"1132","P01169_C",1.90918830920367,2.69999999999999
"1133","P01169_E",5.44472221513641,7.69999999999999
"1134","P01169_N",2.33345237791562,3.30000000000001
"1135","P01170_C",4.24264068711928,6
"1136","P01170_E",4.03050865276331,5.69999999999999
"1137","P01170_N",3.25269119345813,4.60000000000002
"1138","P01172_C",8.48528137423857,12
"1139","P01172_E",5.65685424949238,8
"1140","P01172_N",7.56604255869605,10.7
"1141","P01173_C",8.2731493398826,11.7
"1142","P01173_E",8.2731493398826,11.7
"1143","P01173_N",5.86898628384835,8.30000000000001
"1144","P01175_C",5.93969696196698,8.39999999999998
"1145","P01175_E",4.24264068711928,6
"1146","P01175_N",2.12132034355964,3
"1147","P01176_C",6.8589357775095,9.69999999999999
"1148","P01176_E",5.44472221513641,7.69999999999999
"1149","P01176_N",10.3944696834422,14.7
"1150","P01177_C",NA,0
"1151","P01177_E",NA,0
"1152","P01177_N",NA,0
"1153","P01178_C",NA,0
"1154","P01178_E",NA,0
"1155","P01178_N",NA,0
"1156","P01179_C",8.48528137423857,12
"1157","P01179_E",10.6066017177982,15
"1158","P01179_N",6.36396103067893,9
"1159","P01501_C",9.68736290225569,13.7
"1160","P01501_E",4.94974746830583,7
"1161","P01501_N",11.0308657865102,15.6
"1162","P01503_C",10.8894444302728,15.4
"1163","P01503_E",2.12132034355964,3
"1164","P01503_N",10.8894444302728,15.4
"1165","P01504_C",5.44472221513641,7.69999999999999
"1166","P01504_E",8.06101730552663,11.4
"1167","P01504_N",4.24264068711928,6
"1168","P01507_C",18.8797510576808,26.7
"1169","P01507_E",11.0308657865102,15.6
"1170","P01507_N",8.76812408671317,12.4
"1171","P01508_C",7.990306627408,11.3
"1172","P01508_E",21.4253354699524,30.3
"1173","P01508_N",6.15182899632295,8.69999999999999
"1174","P01510_C",9.89949493661167,14
"1175","P01510_E",10.6066017177982,15
"1176","P01510_N",7.49533188057742,10.6
"1177","P01511_C",17.8898015640197,25.3
"1178","P01511_E",16.2634559672906,23
"1179","P01511_N",6.64680374315353,9.39999999999998
"1180","P01513_C",2.33345237791562,3.30000000000001
"1181","P01513_E",4.73761543394986,6.69999999999999
"1182","P01513_N",4.52548339959389,6.39999999999998
"1183","P01515_C",16.4755880016466,23.3
"1184","P01515_E",13.4350288425444,19
"1185","P01515_N",6.08111831820433,8.60000000000002
"1186","P01516_C",NA,0
"1187","P01516_E",NA,0
"1188","P01516_N",NA,0
"1189","P01517_C",NA,0
"1190","P01517_E",NA,0
"1191","P01517_N",NA,0
"1192","P01518_C",NA,0
"1193","P01518_E",NA,0
"1194","P01518_N",NA,0
"1195","P01520_C",NA,0
"1196","P01520_E",NA,0
"1197","P01520_N",NA,0
"1198","P01522_C",NA,0
"1199","P01522_E",NA,0
"1200","P01522_N",NA,0
"1201","P01525_C",18.3847763108502,26
"1202","P01525_E",11.8086832458153,16.7
"1203","P01525_N",8.20243866176397,11.6
"1204","P01526_C",NA,0
"1205","P01526_E",NA,0
"1206","P01526_N",NA,0
"1207","P01527_C",NA,0
"1208","P01527_E",NA,0
"1209","P01527_N",NA,0
"1210","P01528_C",4.94974746830583,7
"1211","P01528_E",3.04055915910216,4.30000000000001
"1212","P01528_N",8.69741340859454,12.3
"1213","P01531_C",4.73761543394986,6.69999999999999
"1214","P01531_E",5.86898628384835,8.30000000000001
"1215","P01531_N",15.980613254816,22.6
"1216","P01532_C",7.77817459305202,11
"1217","P01532_E",7.07106781186548,10
"1218","P01532_N",17.6776695296637,25
"1219","P01533_C",4.94974746830583,7
"1220","P01533_E",11.1015764646288,15.7
"1221","P01533_N",4.03050865276331,5.69999999999999
"1222","P01536_C",8.76812408671317,12.4
"1223","P01536_E",5.65685424949238,8
"1224","P01536_N",5.37401153701778,7.60000000000002
"1225","P01537_C",12.5157900270019,17.7
"1226","P01537_E",14.5663996924429,20.6
"1227","P01537_N",10.3237590053236,14.6
"1228","P01540_C",7.77817459305202,11
"1229","P01540_E",3.95979797464468,5.60000000000002
"1230","P01540_N",21.4253354699524,30.3
"1231","P01541_C",NA,0
"1232","P01541_E",NA,0
"1233","P01541_N",NA,0
"1234","P01542_C",NA,0
"1235","P01542_E",NA,0
"1236","P01542_N",NA,0
"1237","P01546_C",13.2228968081884,18.7
"1238","P01546_E",7.990306627408,11.3
"1239","P01546_N",9.61665222413706,13.6
"1240","P01547_C",9.47523086789972,13.4
"1241","P01547_E",7.28319984622145,10.3
"1242","P01547_N",9.19238815542512,13
"1243","P01548_C",11.5965512114594,16.4
"1244","P01548_E",16.0513239329346,22.7
"1245","P01548_N",4.45477272147526,6.30000000000001
"1246","P01549_C",13.1521861300698,18.6
"1247","P01549_E",11.5965512114594,16.4
"1248","P01549_N",12.3036579926459,17.4
"1249","P01551_C",10.8187337521542,15.3
"1250","P01551_E",12.4450793488833,17.6
"1251","P01551_N",5.44472221513641,7.69999999999999
"1252","P01552_C",NA,0
"1253","P01552_E",19.3040151263928,27.3
"1254","P01552_N",2.82842712474619,4
"1255","P01553_C",6.36396103067893,9
"1256","P01553_E",5.23259018078044,7.39999999999998
"1257","P01553_N",9.89949493661167,14
"1258","P01554_C",0.91923881554252,1.30000000000001
"1259","P01554_E",1.4142135623731,2
"1260","P01554_N",14.6371103705615,20.7
"1261","P01555_C",NA,0
"1262","P01555_E",NA,0
"1263","P01555_N",NA,0
"1264","P01557_C",10.8187337521542,15.3
"1265","P01557_E",10.6066017177982,15
"1266","P01557_N",10.1823376490863,14.4
"1267","P01558_C",NA,0
"1268","P01558_E",NA,0
"1269","P01558_N",NA,0
"1270","P01560_C",0.282842712474603,0.399999999999977
"1271","P01560_E",5.86898628384835,8.30000000000001
"1272","P01560_N",14.4249783362056,20.4
"1273","P01561_C",9.61665222413706,13.6
"1274","P01561_E",11.3137084989848,16
"1275","P01561_N",10.8187337521542,15.3
"1276","P01563_C",9.68736290225569,13.7
"1277","P01563_E",5.65685424949238,8
"1278","P01563_N",3.53553390593274,5
"1279","P01564_C",11.5258405333407,16.3
"1280","P01564_E",11.5258405333407,16.3
"1281","P01564_N",8.48528137423857,12
"1282","P01565_C",0.424264068711945,0.600000000000023
"1283","P01565_E",3.95979797464468,5.60000000000002
"1284","P01565_N",6.36396103067893,9
"1285","P01566_C",NA,0
"1286","P01566_E",NA,0
"1287","P01566_N",NA,0
"1288","P01568_C",10.3944696834422,14.7
"1289","P01568_E",10.6066017177982,15
"1290","P01568_N",13.717871555019,19.4
"1291","P01569_C",NA,0
"1292","P01569_E",NA,0
"1293","P01569_N",NA,0
"1294","P01570_C",NA,0
"1295","P01570_E",NA,0
"1296","P01570_N",NA,0
"1297","P01571_C",6.8589357775095,9.69999999999999
"1298","P01571_E",3.32340187157677,4.69999999999999
"1299","P01571_N",12.2329473145273,17.3
"1300","P01573_C",3.32340187157677,4.69999999999999
"1301","P01573_E",7.77817459305202,11
"1302","P01573_N",13.1521861300698,18.6
"1303","P01575_C",0.707106781186548,1
"1304","P01575_E",1.62634559672907,2.30000000000001
"1305","P01575_N",8.90954544295051,12.6
"1306","P01577_C",13.4350288425444,19
"1307","P01577_E",10.3237590053236,14.6
"1308","P01577_N",2.12132034355964,3
"1309","P01578_C",1.4142135623731,2
"1310","P01578_E",15.3442171517481,21.7
"1311","P01578_N",15.0613744392735,21.3
"1312","P01580_C",18.3847763108502,26
"1313","P01580_E",6.64680374315353,9.39999999999998
"1314","P01580_N",9.40452018978109,13.3
"1315","P01701_C",4.24264068711928,6
"1316","P01701_E",9.19238815542512,13
"1317","P01701_N",NA,0
"1318","P01703_C",2.33345237791562,3.30000000000001
"1319","P01703_E",15.0613744392735,21.3
"1320","P01703_N",4.24264068711928,6
"1321","P01704_C",16.4755880016466,23.3
"1322","P01704_E",19.0918830920368,27
"1323","P01704_N",17.2534054609517,24.4
"1324","P01705_C",1.62634559672907,2.30000000000001
"1325","P01705_E",7.77817459305202,11
"1326","P01705_N",1.4142135623731,2
"1327","P01706_C",18.8797510576808,26.7
"1328","P01706_E",21.2132034355964,30
"1329","P01706_N",33.2340187157677,47
"1330","P01707_C",9.40452018978109,13.3
"1331","P01707_E",11.3137084989848,16
"1332","P01707_N",7.77817459305202,11
"1333","P01708_C",2.33345237791562,3.30000000000001
"1334","P01708_E",10.1116269709676,14.3
"1335","P01708_N",6.78822509939087,9.60000000000002
"1336","P01709_C",42.0021428024809,59.4
"1337","P01709_E",12.3036579926459,17.4
"1338","P01709_N",8.06101730552663,11.4
"1339","P01714_C",NA,0
"1340","P01714_E",NA,0
"1341","P01714_N",NA,0
"1342","P01715_C",7.990306627408,11.3
"1343","P01715_E",7.28319984622145,10.3
"1344","P01715_N",6.15182899632295,8.69999999999999
"1345","P01716_C",0.707106781186548,1
"1346","P01716_E",8.90954544295051,12.6
"1347","P01716_N",9.61665222413706,13.6
"1348","P01717_C",12.5157900270019,17.7
"1349","P01717_E",9.68736290225569,13.7
"1350","P01717_N",NA,0
"1351","P01718_C",11.3137084989848,16
"1352","P01718_E",9.19238815542512,13
"1353","P01718_N",0.212132034355972,0.300000000000011
"1354","P01719_C",9.89949493661167,14
"1355","P01719_E",5.44472221513641,7.69999999999999
"1356","P01719_N",4.03050865276331,5.69999999999999
"1357","P01720_C",11.5258405333407,16.3
"1358","P01720_E",2.82842712474619,4
"1359","P01720_N",8.69741340859454,12.3
"1360","P01721_C",2.12132034355964,3
"1361","P01721_E",4.52548339959389,6.39999999999998
"1362","P01721_N",4.73761543394986,6.69999999999999
"1363","P01722_C",4.66690475583123,6.60000000000002
"1364","P01722_E",13.6471608769004,19.3
"1365","P01722_N",5.86898628384835,8.30000000000001
"1366","P01723_C",8.2731493398826,11.7
"1367","P01723_E",10.6066017177982,15
"1368","P01723_N",8.2731493398826,11.7
"1369","P01724_C",9.89949493661167,14
"1370","P01724_E",8.06101730552663,11.4
"1371","P01724_N",8.98025612106914,12.7
"1372","P01725_C",5.37401153701778,7.60000000000002
"1373","P01725_E",3.74766594028871,5.30000000000001
"1374","P01725_N",4.94974746830583,7
"1375","P01727_C",3.32340187157677,4.69999999999999
"1376","P01727_E",7.28319984622145,10.3
"1377","P01727_N",5.86898628384835,8.30000000000001
"1378","P01729_C",2.33345237791562,3.30000000000001
"1379","P01729_E",3.25269119345813,4.60000000000002
"1380","P01729_N",6.08111831820433,8.60000000000002
"1381","P01732_C",19.5868578388674,27.7
"1382","P01732_E",16.9705627484771,24
"1383","P01732_N",5.65685424949238,8
"1384","P01734_C",19.3040151263928,27.3
"1385","P01734_E",12.5157900270019,17.7
"1386","P01734_N",0.707106781186548,1
"1387","P01735_C",9.47523086789972,13.4
"1388","P01735_E",3.53553390593274,5
"1389","P01735_N",23.1223917448001,32.7
"1390","P01737_C",NA,0
"1391","P01737_E",NA,0
"1392","P01737_N",NA,0
"1393","P01738_C",NA,0
"1394","P01738_E",NA,0
"1395","P01738_N",NA,0
"1396","P01739_C",NA,0
"1397","P01739_E",NA,0
"1398","P01739_N",NA,0
"1399","P01740_C",NA,0
"1400","P01740_E",NA,0
"1401","P01740_N",NA,0
"1402","P01741_C",2.12132034355964,3
"1403","P01741_E",3.81837661840734,5.39999999999998
"1404","P01741_N",10.3944696834422,14.7
"1405","P01742_C",4.45477272147526,6.30000000000001
"1406","P01742_E",5.65685424949238,8
"1407","P01742_N",1.90918830920367,2.69999999999999
"1408","P01743_C",23.8294985259866,33.7
"1409","P01743_E",7.77817459305202,11
"1410","P01743_N",3.25269119345813,4.60000000000002
"1411","P01744_C",16.0513239329346,22.7
"1412","P01744_E",19.0918830920368,27
"1413","P01744_N",8.69741340859454,12.3
"1414","P01745_C",9.40452018978109,13.3
"1415","P01745_E",1.62634559672907,2.30000000000001
"1416","P01745_N",NA,0
"1417","P01746_C",10.6066017177982,15
"1418","P01746_E",0.91923881554252,1.30000000000001
"1419","P01746_N",17.4655374953077,24.7
"1420","P01747_C",9.40452018978109,13.3
"1421","P01747_E",3.53553390593274,5
"1422","P01747_N",16.2634559672906,23
"1423","P01762_C",18.3847763108502,26
"1424","P01762_E",4.73761543394986,6.69999999999999
"1425","P01762_N",2.33345237791562,3.30000000000001
"1426","P01763_C",0.282842712474603,0.399999999999977
"1427","P01763_E",26.8700576850888,38
"1428","P01763_N",2.82842712474619,4
"1429","P01764_C",21.0010714012405,29.7
"1430","P01764_E",0.707106781186548,1
"1431","P01764_N",14.6371103705615,20.7
"1432","P01766_C",5.44472221513641,7.69999999999999
"1433","P01766_E",16.0513239329346,22.7
"1434","P01766_N",NA,0
"1435","P01767_C",25.8801081914277,36.6
"1436","P01767_E",NA,0
"1437","P01767_N",0.707106781186548,1
"1438","P01769_C",11.1015764646288,15.7
"1439","P01769_E",5.86898628384835,8.30000000000001
"1440","P01769_N",5.44472221513641,7.69999999999999
"1441","P01775_C",NA,-Inf
"1442","P01775_E",NA,-Inf
"1443","P01775_N",NA,-Inf
"1444","P017x1_C",5.1618795026618,7.30000000000001
"1445","P017x1_E",3.32340187157677,4.69999999999999
"1446","P017x1_N",8.98025612106914,12.7
"1447","P017x2_C",8.48528137423857,12
"1448","P017x2_E",1.83847763108504,2.60000000000002
"1449","P017x2_N",2.54558441227159,3.60000000000002
"1450","P017x3_C",4.24264068711928,6
"1451","P017x3_E",3.53553390593274,5
"1452","P017x3_N",0.424264068711945,0.600000000000023
"1453","P01831_C",0,0
"1454","P01831_E",4.2426406871193,6.00000000000001
"1455","P01831_N",1.20208152801713,1.7
"1456","P01832_C",2.40416305603427,3.40000000000001
"1457","P01832_E",2.40416305603425,3.39999999999998
"1458","P01832_N",1.4142135623731,2
"1459","P01833_C",0,0
"1460","P01833_E",1.13137084989847,1.59999999999999
"1461","P01833_N",0,0
"1462","P01834_C",4.24264068711928,6
"1463","P01834_E",2.82842712474619,4
"1464","P01834_N",5.37401153701776,7.59999999999999
"1465","P01835_C",3.7476659402887,5.3
"1466","P01835_E",7.99030662740799,11.3
"1467","P01835_N",1.20208152801713,1.7
"1468","P01851_C",2.61629509039023,3.7
"1469","P01851_E",5.86898628384834,8.3
"1470","P01851_N",2.61629509039023,3.7
"1471","P01852_C",7.07106781186548,10
"1472","P01852_E",4.66690475583121,6.59999999999999
"1473","P01852_N",5.16187950266179,7.3
"1474","P01853_C",4.94974746830583,7
"1475","P01853_E",5.44472221513642,7.7
"1476","P01853_N",2.82842712474619,4
"1477","P01854_C",5.37401153701776,7.59999999999999
"1478","P01854_E",2.82842712474619,4
"1479","P01854_N",5.16187950266179,7.3
"1480","P01855_C",4.24264068711928,6
"1481","P01855_E",3.32340187157678,4.7
"1482","P01855_N",5.23259018078046,7.40000000000001
"1483","P01856_C",5.37401153701776,7.59999999999999
"1484","P01856_E",5.23259018078046,7.40000000000001
"1485","P01856_N",2.82842712474619,4
"1486","P01857_C",NA,0
"1487","P01857_E",NA,0
"1488","P01857_N",NA,0
"1489","P01859_C",2.3334523779156,3.3
"1490","P01859_E",3.95979797464467,5.60000000000001
"1491","P01859_N",2.82842712474619,4
"1492","P01860_C",4.03050865276332,5.7
"1493","P01860_E",6.36396103067893,9
"1494","P01860_N",6.57609306503489,9.3
"1495","P01866_C",NA,0
"1496","P01866_E",NA,0
"1497","P01866_N",NA,0
"1498","P01867_C",NA,0
"1499","P01867_E",NA,0
"1500","P01867_N",NA,0
"1501","P01869_C",NA,0
"1502","P01869_E",NA,0
"1503","P01869_N",NA,0
"1504","P01870_C",NA,0
"1505","P01870_E",NA,0
"1506","P01870_N",NA,0
"1507","P01871_C",NA,0
"1508","P01871_E",NA,0
"1509","P01871_N",NA,0
"1510","P01872_C",NA,0
"1511","P01872_E",NA,0
"1512","P01872_N",NA,0
"1513","P01873_C",NA,0
"1514","P01873_E",NA,0
"1515","P01873_N",NA,0
"1516","P01874_C",NA,0
"1517","P01874_E",NA,0
"1518","P01874_N",NA,0
"1519","P01875_C",11.5965512114594,16.4
"1520","P01875_E",10.8187337521542,15.3
"1521","P01875_N",10.6066017177982,15
"1522","P01876_C",NA,0
"1523","P01876_E",NA,0
"1524","P01876_N",NA,0
"1525","P01877_C",NA,0
"1526","P01877_E",NA,0
"1527","P01877_N",NA,0
"1528","P01878_C",NA,0
"1529","P01878_E",NA,0
"1530","P01878_N",NA,0
"1531","P01879_C",NA,0
"1532","P01879_E",NA,0
"1533","P01879_N",NA,0
"1534","P01880_C",NA,0
"1535","P01880_E",NA,0
"1536","P01880_N",NA,0
"1537","P01881_C",NA,-Inf
"1538","P01881_E",NA,-Inf
"1539","P01881_N",NA,-Inf
"1540","P01882_C",NA,0
"1541","P01882_E",NA,0
"1542","P01882_N",NA,0
"1543","P01883_C",NA,-Inf
"1544","P01883_E",NA,-Inf
"1545","P01883_N",NA,-Inf
"1546","P01884_C",NA,0
"1547","P01884_E",NA,0
"1548","P01884_N",NA,0
"1549","P01885_C",NA,0
"1550","P01885_E",NA,0
"1551","P01885_N",NA,0
"1552","P01886_C",NA,0
"1553","P01886_E",NA,0
"1554","P01886_N",NA,0
"1555","P01887_C",NA,0
"1556","P01887_E",NA,0
"1557","P01887_N",NA,0
"1558","P01907_C",NA,-Inf
"1559","P01907_E",NA,-Inf
"1560","P01907_N",NA,-Inf
"1561","P01908_C",NA,-Inf
"1562","P01908_E",NA,-Inf
"1563","P01908_N",NA,-Inf
"1564","P01910_C",NA,-Inf
"1565","P01910_E",NA,-Inf
"1566","P01910_N",NA,-Inf
"1567","P01912_C",5.93969696196698,8.39999999999998
"1568","P01912_E",2.61629509039022,3.69999999999999
"1569","P01912_N",5.23259018078044,7.39999999999998
"1570","P01913_C",4.73761543394986,6.69999999999999
"1571","P01913_E",18.1726442764943,25.7
"1572","P01913_N",11.3137084989848,16
"1573","P01914_C",NA,0
"1574","P01914_E",NA,0
"1575","P01914_N",NA,0
"1576","P01916_C",NA,0
"1577","P01916_E",NA,0
"1578","P01916_N",NA,0
"1579","P01917_C",NA,0
"1580","P01917_E",NA,0
"1581","P01917_N",NA,0
"1582","P01918_C",0.424264068711945,0.600000000000023
"1583","P01918_E",5.37401153701778,7.60000000000002
"1584","P01918_N",3.04055915910216,4.30000000000001
"1585","P01919_C",NA,0
"1586","P01919_E",NA,0
"1587","P01919_N",NA,0
"1588","P01920_C",1.90918830920367,2.69999999999999
"1589","P01920_E",6.78822509939087,9.60000000000002
"1590","P01920_N",5.65685424949238,8
"1591","P01926_C",NA,0
"1592","P01926_E",NA,0
"1593","P01926_N",NA,0
"1594","P01927_C",2.61629509039022,3.69999999999999
"1595","P01927_E",2.82842712474619,4
"1596","P01927_N",5.23259018078044,7.39999999999998
"1597","P01929_C",NA,-Inf
"1598","P01929_E",NA,-Inf
"1599","P01929_N",NA,-Inf
"1600","P01930_C",NA,-Inf
"1601","P01930_E",NA,-Inf
"1602","P01930_N",NA,-Inf
"1603","P01932_C",5.44472221513641,7.69999999999999
"1604","P01932_E",2.61629509039022,3.69999999999999
"1605","P01932_N",2.82842712474619,4
"1606","P01933_C",NA,0
"1607","P01933_E",NA,0
"1608","P01933_N",NA,0
"1609","P01934_C",2.61629509039022,3.69999999999999
"1610","P01934_E",12.7279220613579,18
"1611","P01934_N",5.44472221513641,7.69999999999999
"1612","P01937_C",NA,0
"1613","P01937_E",NA,0
"1614","P01937_N",NA,-Inf
"1615","P01938_C",15.556349186104,22
"1616","P01938_E",1.62634559672907,2.30000000000001
"1617","P01938_N",10.8894444302728,15.4
"1618","P01939_C",1.4142135623731,2
"1619","P01939_E",5.44472221513641,7.69999999999999
"1620","P01939_N",0.707106781186548,1
"1621","P01940_C",4.24264068711928,6
"1622","P01940_E",4.03050865276331,5.69999999999999
"1623","P01940_N",3.53553390593274,5
"1624","P01941_C",4.24264068711928,6
"1625","P01941_E",2.82842712474619,4
"1626","P01941_N",2.82842712474619,4
"1627","P01942_C",2.12132034355964,3
"1628","P01942_E",1.20208152801712,1.69999999999999
"1629","P01942_N",2.12132034355964,3
"1630","P01943_C",0,0
"1631","P01943_E",7.07106781186548,10
"1632","P01943_N",0.494974746830575,0.699999999999989
"1633","P01944_C",NA,-Inf
"1634","P01944_E",NA,-Inf
"1635","P01944_N",NA,-Inf
"1636","P01945_C",NA,0
"1637","P01945_E",NA,-Inf
"1638","P01945_N",NA,0
"1639","P01946_C",NA,-Inf
"1640","P01946_E",NA,-Inf
"1641","P01946_N",NA,-Inf
"1642","P01947_C",NA,-Inf
"1643","P01947_E",NA,-Inf
"1644","P01947_N",NA,-Inf
"1645","P01950_C",NA,-Inf
"1646","P01950_E",NA,-Inf
"1647","P01950_N",NA,-Inf
"1648","P01951_C",3.04055915910216,4.30000000000001
"1649","P01951_E",0.494974746830575,0.699999999999989
"1650","P01951_N",0,0
"1651","P01952_C",NA,0
"1652","P01952_E",NA,0
"1653","P01952_N",NA,0
"1654","P01953_C",NA,0
"1655","P01953_E",NA,0
"1656","P01953_N",NA,0
"1657","P01955_C",2.82842712474619,4
"1658","P01955_E",2.40416305603425,3.39999999999998
"1659","P01955_N",0,0
"1660","P01957_C",NA,0
"1661","P01957_E",NA,-Inf
"1662","P01957_N",NA,-Inf
"1663","P01958_C",10.6066017177982,15
"1664","P01958_E",8.98025612106914,12.7
"1665","P01958_N",2.61629509039022,3.69999999999999
"1666","P01960_C",3.32340187157677,4.69999999999999
"1667","P01960_E",5.93969696196698,8.39999999999998
"1668","P01960_N",6.8589357775095,9.69999999999999
"1669","P01961_C",2.12132034355964,3
"1670","P01961_E",7.56604255869605,10.7
"1671","P01961_N",0.98994949366115,1.39999999999998
"1672","P01963_C",7.990306627408,11.3
"1673","P01963_E",1.20208152801712,1.69999999999999
"1674","P01963_N",1.90918830920367,2.69999999999999
"1675","P01964_C",NA,0
"1676","P01964_E",NA,0
"1677","P01964_N",NA,0
"1678","P01965_C",NA,0
"1679","P01965_E",NA,0
"1680","P01965_N",NA,0
"1681","P01966_C",5.65685424949238,8
"1682","P01966_E",7.07106781186548,10
"1683","P01966_N",5.44472221513641,7.69999999999999
"1684","P01968_C",NA,0
"1685","P01968_E",NA,0
"1686","P01968_N",NA,0
"1687","P01969_C",NA,0
"1688","P01969_E",NA,0
"1689","P01969_N",NA,0
"1690","P01971_C",NA,0
"1691","P01971_E",NA,0
"1692","P01971_N",NA,0
"1693","P01972_C",1.62634559672907,2.30000000000001
"1694","P01972_E",0,0
"1695","P01972_N",0.494974746830575,0.699999999999989
"1696","P01973_C",NA,0
"1697","P01973_E",NA,0
"1698","P01973_N",NA,0
"1699","P01975_C",0.707106781186548,1
"1700","P01975_E",1.83847763108504,2.60000000000002
"1701","P01975_N",4.45477272147526,6.30000000000001
"1702","P01976_C",1.4142135623731,2
"1703","P01976_E",5.44472221513641,7.69999999999999
"1704","P01976_N",1.20208152801712,1.69999999999999
"1705","P01977_C",0.212132034355972,0.300000000000011
"1706","P01977_E",6.8589357775095,9.69999999999999
"1707","P01977_N",5.86898628384835,8.30000000000001
"1708","P01979_C",3.32340187157677,4.69999999999999
"1709","P01979_E",1.83847763108504,2.60000000000002
"1710","P01979_N",4.45477272147526,6.30000000000001
"1711","P01980_C",0.707106781186548,1
"1712","P01980_E",0,0
"1713","P01980_N",1.20208152801712,1.69999999999999
"1714","P02002_C",0.98994949366115,1.39999999999998
"1715","P02002_E",6.36396103067893,9
"1716","P02002_N",0.91923881554252,1.30000000000001
"1717","P02004_C",2.82842712474619,4
"1718","P02004_E",0.212132034355972,0.300000000000011
"1719","P02004_N",2.33345237791562,3.30000000000001
"1720","P02006_C",4.24264068711928,6
"1721","P02006_E",0,0
"1722","P02006_N",1.20208152801712,1.69999999999999
"1723","P02009_C",1.4142135623731,2
"1724","P02009_E",0.282842712474603,0.399999999999977
"1725","P02009_N",0.424264068711945,0.600000000000023
"1726","P02010_C",1.62634559672907,2.30000000000001
"1727","P02010_E",5.65685424949238,8
"1728","P02010_N",0.707106781186548,1
"1729","P02012_C",2.33345237791562,3.30000000000001
"1730","P02012_E",1.4142135623731,2
"1731","P02012_N",1.62634559672907,2.30000000000001
"1732","P02013_C",3.53553390593274,5
"1733","P02013_E",1.4142135623731,2
"1734","P02013_N",4.24264068711928,6
"1735","P02014_C",0.282842712474603,0.399999999999977
"1736","P02014_E",2.54558441227159,3.60000000000002
"1737","P02014_N",0.91923881554252,1.30000000000001
"1738","P02015_C",1.13137084989849,1.60000000000002
"1739","P02015_E",1.13137084989849,1.60000000000002
"1740","P02015_N",1.20208152801712,1.69999999999999
"1741","P02016_C",1.20208152801712,1.69999999999999
"1742","P02016_E",0.91923881554252,1.30000000000001
"1743","P02016_N",5.23259018078044,7.39999999999998
"1744","P02017_C",1.20208152801712,1.69999999999999
"1745","P02017_E",3.32340187157677,4.69999999999999
"1746","P02017_N",5.44472221513641,7.69999999999999
"1747","P02018_C",1.20208152801712,1.69999999999999
"1748","P02018_E",0,0
"1749","P02018_N",2.61629509039022,3.69999999999999
"1750","P02019_C",0.424264068711945,0.600000000000023
"1751","P02019_E",1.83847763108504,2.60000000000002
"1752","P02019_N",0.707106781186548,1
"1753","P02021_C",2.82842712474619,4
"1754","P02021_E",0.707106781186548,1
"1755","P02021_N",0.282842712474603,0.399999999999977
"1756","P02022_C",0.212132034355972,0.300000000000011
"1757","P02022_E",2.61629509039022,3.69999999999999
"1758","P02022_N",1.13137084989849,1.60000000000002
"1759","P02025_C",2.82842712474619,4
"1760","P02025_E",2.12132034355964,3
"1761","P02025_N",2.33345237791562,3.30000000000001
"1762","P02028_C",3.53553390593274,5
"1763","P02028_E",2.33345237791562,3.30000000000001
"1764","P02028_N",1.83847763108504,2.60000000000002
"1765","P02030_C",4.66690475583123,6.60000000000002
"1766","P02030_E",5.44472221513641,7.69999999999999
"1767","P02030_N",1.4142135623731,2
"1768","P02031_C",2.12132034355964,3
"1769","P02031_E",2.33345237791562,3.30000000000001
"1770","P02031_N",1.83847763108504,2.60000000000002
"1771","P02033_C",0.707106781186548,1
"1772","P02033_E",2.40416305603425,3.39999999999998
"1773","P02033_N",1.20208152801712,1.69999999999999
"1774","P02034_C",0.424264068711945,0.600000000000023
"1775","P02034_E",1.20208152801712,1.69999999999999
"1776","P02034_N",1.4142135623731,2
"1777","P02041_C",0.91923881554252,1.30000000000001
"1778","P02041_E",0.91923881554252,1.30000000000001
"1779","P02041_N",0,0
"1780","P02042_C",1.4142135623731,2
"1781","P02042_E",2.12132034355964,3
"1782","P02042_N",1.20208152801712,1.69999999999999
"1783","P02044_C",0.707106781186548,1
"1784","P02044_E",3.25269119345813,4.60000000000002
"1785","P02044_N",0.494974746830575,0.699999999999989
"1786","P02046_C",1.83847763108504,2.60000000000002
"1787","P02046_E",3.04055915910216,4.30000000000001
"1788","P02046_N",4.03050865276331,5.69999999999999
"1789","P02047_C",3.53553390593274,5
"1790","P02047_E",0.494974746830575,0.699999999999989
"1791","P02047_N",1.62634559672907,2.30000000000001
"1792","P02050_C",1.90918830920367,2.69999999999999
"1793","P02050_E",0.707106781186548,1
"1794","P02050_N",0.707106781186548,1
"1795","P02052_C",0.707106781186548,1
"1796","P02052_E",4.94974746830583,7
"1797","P02052_N",0.494974746830575,0.699999999999989
"1798","P02054_C",0.707106781186548,1
"1799","P02054_E",1.13137084989849,1.60000000000002
"1800","P02054_N",0.707106781186548,1
"1801","P02055_C",4.24264068711928,6
"1802","P02055_E",0.91923881554252,1.30000000000001
"1803","P02055_N",5.1618795026618,7.30000000000001
"1804","P02056_C",3.53553390593274,5
"1805","P02056_E",2.12132034355964,3
"1806","P02056_N",0.494974746830575,0.699999999999989
"1807","P02057_C",3.25269119345813,4.60000000000002
"1808","P02057_E",1.20208152801712,1.69999999999999
"1809","P02057_N",2.61629509039022,3.69999999999999
"1810","P02058_C",1.4142135623731,2
"1811","P02058_E",0.212132034355972,0.300000000000011
"1812","P02058_N",0.707106781186548,1
"1813","P02060_C",0.424264068711945,0.600000000000023
"1814","P02060_E",1.4142135623731,2
"1815","P02060_N",2.33345237791562,3.30000000000001
"1816","P02064_C",2.40416305603425,3.39999999999998
"1817","P02064_E",3.74766594028871,5.30000000000001
"1818","P02064_N",1.90918830920367,2.69999999999999
"1819","P02066_C",3.25269119345813,4.60000000000002
"1820","P02066_E",1.4142135623731,2
"1821","P02066_N",0,0
"1822","P02068_C",0.282842712474603,0.399999999999977
"1823","P02068_E",3.32340187157677,4.69999999999999
"1824","P02068_N",2.82842712474619,4
"1825","P02071_C",1.6970562748477,2.39999999999998
"1826","P02071_E",0.494974746830575,0.699999999999989
"1827","P02071_N",1.4142135623731,2
"1828","P02072_C",1.90918830920367,2.69999999999999
"1829","P02072_E",0.91923881554252,1.30000000000001
"1830","P02072_N",2.40416305603425,3.39999999999998
"1831","P02073_C",0.707106781186548,1
"1832","P02073_E",5.1618795026618,7.30000000000001
"1833","P02073_N",1.4142135623731,2
"1834","P02075_C",3.32340187157677,4.69999999999999
"1835","P02075_E",1.62634559672907,2.30000000000001
"1836","P02075_N",2.61629509039022,3.69999999999999
"1837","P02077_C",5.44472221513641,7.69999999999999
"1838","P02077_E",0.707106781186548,1
"1839","P02077_N",13.930003589375,19.7
"1840","P02078_C",3.74766594028871,5.30000000000001
"1841","P02078_E",1.62634559672907,2.30000000000001
"1842","P02078_N",0.707106781186548,1
"1843","P02079_C",2.40416305603425,3.39999999999998
"1844","P02079_E",0,0
"1845","P02079_N",3.81837661840734,5.39999999999998
"1846","P02080_C",0.707106781186548,1
"1847","P02080_E",3.81837661840734,5.39999999999998
"1848","P02080_N",1.83847763108504,2.60000000000002
"1849","P02101_C",1.90918830920367,2.69999999999999
"1850","P02101_E",5.86898628384835,8.30000000000001
"1851","P02101_N",9.47523086789972,13.4
"1852","P02102_C",20.7182286887659,29.3
"1853","P02102_E",16.0513239329346,22.7
"1854","P02102_N",2.61629509039022,3.69999999999999
"1855","P02103_C",6.36396103067893,9
"1856","P02103_E",8.48528137423857,12
"1857","P02103_N",5.86898628384835,8.30000000000001
"1858","P02105_C",23.3345237791561,33
"1859","P02105_E",24.9608693758851,35.3
"1860","P02105_N",1.13137084989849,1.60000000000002
"1861","P02106_C",0.494974746830575,0.699999999999989
"1862","P02106_E",15.1320851173921,21.4
"1863","P02106_N",5.65685424949238,8
"1864","P02108_C",7.77817459305202,11
"1865","P02108_E",1.90918830920367,2.69999999999999
"1866","P02108_N",3.53553390593274,5
"1867","P02110_C",0,0
"1868","P02110_E",3.25269119345813,4.60000000000002
"1869","P02110_N",4.94974746830583,7
"1870","P02112_C",2.82842712474619,4
"1871","P02112_E",2.54558441227159,3.60000000000002
"1872","P02112_N",4.24264068711928,6
"1873","P02114_C",5.86898628384835,8.30000000000001
"1874","P02114_E",7.56604255869605,10.7
"1875","P02114_N",3.74766594028871,5.30000000000001
"1876","P02115_C",7.07106781186548,10
"1877","P02115_E",4.73761543394986,6.69999999999999
"1878","P02115_N",2.12132034355964,3
"1879","P02116_C",11.3137084989848,16
"1880","P02116_E",5.86898628384835,8.30000000000001
"1881","P02116_N",3.53553390593274,5
"1882","P02118_C",10.6066017177982,15
"1883","P02118_E",9.68736290225569,13.7
"1884","P02118_N",17.6776695296637,25
"1885","P02120_C",7.990306627408,11.3
"1886","P02120_E",11.3137084989848,16
"1887","P02120_N",13.1521861300698,18.6
"1888","P02121_C",4.45477272147526,6.30000000000001
"1889","P02121_E",2.33345237791562,3.30000000000001
"1890","P02121_N",0.91923881554252,1.30000000000001
"1891","P02122_C",3.53553390593274,5
"1892","P02122_E",3.81837661840734,5.39999999999998
"1893","P02122_N",11.5965512114594,16.4
"1894","P02123_C",11.3137084989848,16
"1895","P02123_E",11.3137084989848,16
"1896","P02123_N",12.9400540957138,18.3
"1897","P02124_C",3.74766594028871,5.30000000000001
"1898","P02124_E",14.3542676580869,20.3
"1899","P02124_N",13.717871555019,19.4
"1900","P02125_C",5.44472221513641,7.69999999999999
"1901","P02125_E",10.1823376490863,14.4
"1902","P02125_N",14.5663996924429,20.6
"1903","P02126_C",8.98025612106914,12.7
"1904","P02126_E",1.90918830920367,2.69999999999999
"1905","P02126_N",9.68736290225569,13.7
"1906","P02128_C",0.494974746830575,0.699999999999989
"1907","P02128_E",1.6970562748477,2.39999999999998
"1908","P02128_N",4.24264068711928,6
"1909","P02129_C",0.212132034355972,0.300000000000011
"1910","P02129_E",3.04055915910216,4.30000000000001
"1911","P02129_N",4.66690475583123,6.60000000000002
"1912","P02131_C",5.1618795026618,7.30000000000001
"1913","P02131_E",1.4142135623731,2
"1914","P02131_N",6.8589357775095,9.69999999999999
"1915","P02132_C",1.90918830920367,2.69999999999999
"1916","P02132_E",14.8492424049175,21
"1917","P02132_N",0.91923881554252,1.30000000000001
"1918","P02133_C",6.36396103067893,9
"1919","P02133_E",7.56604255869605,10.7
"1920","P02133_N",1.6970562748477,2.39999999999998
"1921","P02134_C",8.20243866176397,11.6
"1922","P02134_E",10.1823376490863,14.4
"1923","P02134_N",10.6066017177982,15
"1924","P02135_C",0.707106781186548,1
"1925","P02135_E",9.89949493661167,14
"1926","P02135_N",3.32340187157677,4.69999999999999
"1927","P02136_C",3.25269119345813,4.60000000000002
"1928","P02136_E",1.90918830920367,2.69999999999999
"1929","P02136_N",9.40452018978109,13.3
"1930","P02138_C",19.7989898732233,28
"1931","P02138_E",15.980613254816,22.6
"1932","P02138_N",6.5760930650349,9.30000000000001
"1933","P02139_C",1.90918830920367,2.69999999999999
"1934","P02139_E",14.142135623731,20
"1935","P02139_N",4.24264068711928,6
"1936","P02140_C",36.2745778748699,51.3
"1937","P02140_E",15.3442171517481,21.7
"1938","P02140_N",15.3442171517481,21.7
"1939","P02143_C",1.62634559672907,2.30000000000001
"1940","P02143_E",7.56604255869605,10.7
"1941","P02143_N",3.74766594028871,5.30000000000001
"1942","P02144_C",2.82842712474619,4
"1943","P02144_E",3.04055915910216,4.30000000000001
"1944","P02144_N",4.52548339959389,6.39999999999998
"1945","P02146_C",14.142135623731,20
"1946","P02146_E",1.6970562748477,2.39999999999998
"1947","P02146_N",23.3345237791561,33
"1948","P02147_C",0.212132034355972,0.300000000000011
"1949","P02147_E",2.33345237791562,3.30000000000001
"1950","P02147_N",12.9400540957138,18.3
"1951","P02148_C",2.12132034355964,3
"1952","P02148_E",2.61629509039022,3.69999999999999
"1953","P02148_N",0.91923881554252,1.30000000000001
"1954","P02149_C",2.82842712474619,4
"1955","P02149_E",0.424264068711945,0.600000000000023
"1956","P02149_N",3.25269119345813,4.60000000000002
"1957","P02151_C",11.3137084989848,16
"1958","P02151_E",2.12132034355964,3
"1959","P02151_N",12.9400540957138,18.3
"1960","P02152_C",2.61629509039022,3.69999999999999
"1961","P02152_E",2.54558441227159,3.60000000000002
"1962","P02152_N",5.86898628384835,8.30000000000001
"1963","P02153_C",6.64680374315353,9.39999999999998
"1964","P02153_E",4.24264068711928,6
"1965","P02153_N",2.82842712474619,4
"1966","P02156_C",4.24264068711928,6
"1967","P02156_E",22.3445742854949,31.6
"1968","P02156_N",15.76848122046,22.3
"1969","P02158_C",1.6970562748477,2.39999999999998
"1970","P02158_E",2.61629509039022,3.69999999999999
"1971","P02158_N",9.19238815542512,13
"1972","P02159_C",5.44472221513641,7.69999999999999
"1973","P02159_E",7.77817459305202,11
"1974","P02159_N",17.4655374953077,24.7
"1975","P02160_C",16.7584307141212,23.7
"1976","P02160_E",19.0918830920368,27
"1977","P02160_N",1.90918830920367,2.69999999999999
"1978","P02173_C",3.53553390593274,5
"1979","P02173_E",1.62634559672907,2.30000000000001
"1980","P02173_N",7.990306627408,11.3
"1981","P02175_C",3.74766594028871,5.30000000000001
"1982","P02175_E",7.77817459305202,11
"1983","P02175_N",1.4142135623731,2
"1984","P02206_C",NA,0
"1985","P02206_E",NA,0
"1986","P02206_N",NA,0
"1987","P02207_C",NA,0
"1988","P02207_E",NA,0
"1989","P02207_N",NA,0
"1990","P02208_C",NA,0
"1991","P02208_E",NA,0
"1992","P02208_N",NA,0
"1993","P02209_C",NA,0
"1994","P02209_E",NA,0
"1995","P02209_N",NA,0
"1996","P02210_C",NA,0
"1997","P02210_E",NA,0
"1998","P02210_N",NA,0
"1999","P02211_C",NA,0
"2000","P02211_E",NA,0
"2001","P02211_N",NA,0
"2002","P02212_C",NA,0
"2003","P02212_E",NA,0
"2004","P02212_N",NA,0
"2005","P02213_C",NA,0
"2006","P02213_E",NA,0
"2007","P02213_N",NA,0
"2008","P02214_C",NA,0
"2009","P02214_E",NA,0
"2010","P02214_N",NA,0
"2011","P02215_C",NA,0
"2012","P02215_E",NA,0
"2013","P02215_N",NA,0
"2014","P02216_C",NA,0
"2015","P02216_E",NA,0
"2016","P02216_N",NA,0
"2017","P02217_C",NA,0
"2018","P02217_E",NA,0
"2019","P02217_N",NA,0
"2020","P02218_C",NA,0
"2021","P02218_E",NA,0
"2022","P02218_N",NA,0
"2023","P02219_C",NA,0
"2024","P02219_E",NA,0
"2025","P02219_N",NA,0
"2026","P02220_C",NA,0
"2027","P02220_E",NA,0
"2028","P02220_N",NA,0
"2029","P02226_C",NA,0
"2030","P02226_E",NA,0
"2031","P02226_N",NA,0
"2032","P02227_C",NA,0
"2033","P02227_E",NA,0
"2034","P02227_N",NA,0
"2035","P02228_C",NA,0
"2036","P02228_E",NA,0
"2037","P02228_N",NA,0
"2038","P02229_C",NA,0
"2039","P02229_E",NA,0
"2040","P02229_N",NA,0
"2041","P02230_C",NA,0
"2042","P02230_E",NA,0
"2043","P02230_N",NA,0
"2044","P02231_C",NA,0
"2045","P02231_E",NA,0
"2046","P02231_N",NA,0
"2047","P02232_C",NA,0
"2048","P02232_E",NA,0
"2049","P02232_N",NA,0
"2050","P02233_C",NA,0
"2051","P02233_E",NA,0
"2052","P02233_N",NA,0
"2053","P02234_C",NA,0
"2054","P02234_E",NA,0
"2055","P02234_N",NA,0
"2056","P02235_C",NA,0
"2057","P02235_E",NA,0
"2058","P02235_N",NA,0
"2059","P02236_C",NA,0
"2060","P02236_E",NA,0
"2061","P02236_N",NA,0
"2062","P02237_C",NA,0
"2063","P02237_E",NA,0
"2064","P02237_N",NA,0
"2065","P02238_C",NA,0
"2066","P02238_E",NA,0
"2067","P02238_N",NA,0
"2068","P02239_C",NA,0
"2069","P02239_E",NA,0
"2070","P02239_N",NA,0
"2071","P02240_C",NA,0
"2072","P02240_E",NA,0
"2073","P02240_N",NA,0
"2074","P02248_C",NA,0
"2075","P02248_E",NA,0
"2076","P02248_N",NA,0
"2077","P02251_C",NA,0
"2078","P02251_E",NA,0
"2079","P02251_N",NA,0
"2080","P02252_C",NA,0
"2081","P02252_E",NA,0
"2082","P02252_N",NA,0
"2083","P02253_C",NA,0
"2084","P02253_E",NA,0
"2085","P02253_N",NA,0
"2086","P02254_C",NA,0
"2087","P02254_E",NA,0
"2088","P02254_N",NA,0
"2089","P02255_C",NA,0
"2090","P02255_E",NA,0
"2091","P02255_N",NA,0
"2092","P02256_C",NA,0
"2093","P02256_E",NA,0
"2094","P02256_N",NA,0
"2095","P02257_C",NA,0
"2096","P02257_E",NA,0
"2097","P02257_N",NA,0
"2098","P02258_C",NA,0
"2099","P02258_E",NA,0
"2100","P02258_N",NA,0
"2101","P02259_C",NA,0
"2102","P02259_E",NA,0
"2103","P02259_N",NA,0
"2104","P02260_C",NA,0
"2105","P02260_E",NA,0
"2106","P02260_N",NA,0
"2107","P02281_C",NA,0
"2108","P02281_E",NA,0
"2109","P02281_N",NA,0
"2110","P02282_C",NA,0
"2111","P02282_E",NA,0
"2112","P02282_N",NA,0
"2113","P02283_C",NA,0
"2114","P02283_E",NA,0
"2115","P02283_N",NA,0
"2116","P02284_C",NA,0
"2117","P02284_E",NA,0
"2118","P02284_N",NA,0
"2119","P02302_C",5.37401153701778,7.60000000000002
"2120","P02302_E",6.5760930650349,9.30000000000001
"2121","P02302_N",2.61629509039022,3.69999999999999
"2122","P02303_C",5.44472221513641,7.69999999999999
"2123","P02303_E",5.65685424949238,8
"2124","P02303_N",4.94974746830583,7
"2125","P02304_C",1.20208152801712,1.69999999999999
"2126","P02304_E",6.8589357775095,9.69999999999999
"2127","P02304_N",0.282842712474603,0.399999999999977
"2128","P02306_C",6.36396103067893,9
"2129","P02306_E",2.40416305603425,3.39999999999998
"2130","P02306_N",4.24264068711928,6
"2131","P02311_C",7.07106781186548,10
"2132","P02311_E",7.35391052434008,10.4
"2133","P02311_N",8.2731493398826,11.7
"2134","P02313_C",4.03050865276331,5.69999999999999
"2135","P02313_E",5.23259018078044,7.39999999999998
"2136","P02313_N",11.3137084989848,16
"2137","P02314_C",4.24264068711928,6
"2138","P02314_E",6.15182899632295,8.69999999999999
"2139","P02314_N",3.81837661840734,5.39999999999998
"2140","P02315_C",6.64680374315353,9.39999999999998
"2141","P02315_E",5.23259018078044,7.39999999999998
"2142","P02315_N",8.06101730552663,11.4
"2143","P02316_C",1.4142135623731,2
"2144","P02316_E",3.53553390593274,5
"2145","P02316_N",3.74766594028871,5.30000000000001
"2146","P02322_C",2.12132034355964,3
"2147","P02322_E",1.90918830920367,2.69999999999999
"2148","P02322_N",4.03050865276331,5.69999999999999
"2149","P02329_C",6.64680374315353,9.39999999999998
"2150","P02329_E",5.1618795026618,7.30000000000001
"2151","P02329_N",5.65685424949238,8
"2152","P02330_C",4.45477272147526,6.30000000000001
"2153","P02330_E",2.12132034355964,3
"2154","P02330_N",2.61629509039022,3.69999999999999
"2155","P02331_C",4.03050865276331,5.69999999999999
"2156","P02331_E",8.98025612106914,12.7
"2157","P02331_N",2.82842712474619,4
"2158","P02332_C",4.24264068711928,6
"2159","P02332_E",4.24264068711928,6
"2160","P02332_N",3.32340187157677,4.69999999999999
"2161","P02340_C",4.03050865276331,5.69999999999999
"2162","P02340_E",2.33345237791562,3.30000000000001
"2163","P02340_N",2.33345237791562,3.30000000000001
"2164","P02341_C",0.424264068711945,0.600000000000023
"2165","P02341_E",1.90918830920367,2.69999999999999
"2166","P02341_N",0.707106781186548,1
"2167","P02342_C",2.19203102167831,3.10000000000002
"2168","P02342_E",1.06066017177982,1.5
"2169","P02342_N",1.20208152801712,1.69999999999999
"2170","P02343_C",1.83847763108504,2.60000000000002
"2171","P02343_E",6.5760930650349,9.30000000000001
"2172","P02343_N",2.19203102167831,3.10000000000002
"2173","P02344_C",4.80832611206853,6.80000000000001
"2174","P02344_E",1.90918830920367,2.69999999999999
"2175","P02344_N",1.27279220613579,1.80000000000001
"2176","P02345_C",1.13137084989849,1.60000000000002
"2177","P02345_E",1.13137084989849,1.60000000000002
"2178","P02345_N",3.81837661840734,5.39999999999998
"2179","P02346_C",2.40416305603425,3.39999999999998
"2180","P02346_E",0.282842712474603,0.399999999999977
"2181","P02346_N",2.12132034355964,3
"2182","P02347_C",0.707106781186548,1
"2183","P02347_E",2.12132034355964,3
"2184","P02347_N",3.32340187157677,4.69999999999999
"2185","P02348_C",5.65685424949238,8
"2186","P02348_E",1.4142135623731,2
"2187","P02348_N",4.94974746830583,7
"2188","P02350_C",0.707106781186548,1
"2189","P02350_E",1.20208152801712,1.69999999999999
"2190","P02350_N",2.33345237791562,3.30000000000001
"2191","P02352_C",0.282842712474603,0.399999999999977
"2192","P02352_E",1.90918830920367,2.69999999999999
"2193","P02352_N",1.4142135623731,2
"2194","P02353_C",3.04055915910216,4.30000000000001
"2195","P02353_E",0.91923881554252,1.30000000000001
"2196","P02353_N",0.707106781186548,1
"2197","P02354_C",0.424264068711945,0.600000000000023
"2198","P02354_E",0.98994949366115,1.39999999999998
"2199","P02354_N",3.04055915910216,4.30000000000001
"2200","P02355_C",NA,0
"2201","P02355_E",NA,0
"2202","P02355_N",3.04055915910216,4.30000000000001
"2203","P02356_C",1.06066017177982,1.5
"2204","P02356_E",NA,0
"2205","P02356_N",7.14177848998415,10.1
"2206","P02357_C",3.53553390593274,5
"2207","P02357_E",5.44472221513641,7.69999999999999
"2208","P02357_N",3.53553390593274,5
"2209","P02361_C",0.494974746830575,0.699999999999989
"2210","P02361_E",9.89949493661167,14
"2211","P02361_N",3.04055915910216,4.30000000000001
"2212","P02362_C",0.91923881554252,1.30000000000001
"2213","P02362_E",0.212132034355972,0.300000000000011
"2214","P02362_N",2.82842712474619,4
"2215","P02363_C",4.94974746830583,7
"2216","P02363_E",0.353553390593274,0.5
"2217","P02363_N",4.03050865276331,5.69999999999999
"2218","P02364_C",1.90918830920367,2.69999999999999
"2219","P02364_E",0.494974746830575,0.699999999999989
"2220","P02364_N",3.25269119345813,4.60000000000002
"2221","P02366_C",3.18198051533946,4.5
"2222","P02366_E",1.27279220613579,1.80000000000001
"2223","P02366_N",2.61629509039022,3.69999999999999
"2224","P02368_C",0.494974746830575,0.699999999999989
"2225","P02368_E",0.777817459305218,1.10000000000002
"2226","P02368_N",0.141421356237301,0.199999999999989
"2227","P02370_C",0.494974746830575,0.699999999999989
"2228","P02370_E",0.141421356237301,0.199999999999989
"2229","P02370_N",0.565685424949246,0.800000000000011
"2230","P02371_C",2.47487373415292,3.5
"2231","P02371_E",1.83847763108504,2.60000000000002
"2232","P02371_N",6.29325035256026,8.89999999999998
"2233","P02372_C",2.75771644662752,3.89999999999998
"2234","P02372_E",2.12132034355964,3
"2235","P02372_N",1.62634559672907,2.30000000000001
"2236","P02373_C",1.06066017177982,1.5
"2237","P02373_E",2.47487373415292,3.5
"2238","P02373_N",3.32340187157677,4.69999999999999
"2239","P02375_C",2.26274169979694,3.19999999999999
"2240","P02375_E",1.76776695296637,2.5
"2241","P02375_N",5.58614357137371,7.89999999999998
"2242","P02376_C",4.87903679018716,6.89999999999998
"2243","P02376_E",4.24264068711928,6
"2244","P02376_N",7.21248916810278,10.2
"2245","P02377_C",4.45477272147526,6.30000000000001
"2246","P02377_E",3.60624458405141,5.10000000000002
"2247","P02377_N",4.45477272147526,6.30000000000001
"2248","P02379_C",1.20208152801712,1.69999999999999
"2249","P02379_E",5.1618795026618,7.30000000000001
"2250","P02379_N",2.12132034355964,3
"2251","P02380_C",0,0
"2252","P02380_E",0.707106781186548,1
"2253","P02380_N",1.48492424049177,2.10000000000002
"2254","P02406_C",4.94974746830584,7.00000000000001
"2255","P02406_E",8.2731493398826,11.7
"2256","P02406_N",5.23259018078045,7.39999999999999
"2257","P02407_C",7.28319984622145,10.3
"2258","P02407_E",4.52548339959391,6.40000000000001
"2259","P02407_N",9.89949493661167,14
"2260","P02408_C",4.24264068711928,5.99999999999999
"2261","P02408_E",8.98025612106914,12.7
"2262","P02408_N",0,0
"2263","P02409_C",NA,0
"2264","P02409_E",NA,0
"2265","P02409_N",NA,-Inf
"2266","P02410_C",2.82842712474619,4
"2267","P02410_E",8.06101730552664,11.4
"2268","P02410_N",7.35391052434008,10.4
"2269","P02411_C",6.57609306503489,9.3
"2270","P02411_E",5.23259018078046,7.40000000000001
"2271","P02411_N",5.65685424949238,8
"2272","P02412_C",6.8589357775095,9.69999999999999
"2273","P02412_E",4.66690475583122,6.60000000000001
"2274","P02412_N",3.7476659402887,5.3
"2275","P02413_C",7.07106781186546,9.99999999999999
"2276","P02413_E",3.53553390593274,5
"2277","P02413_N",17.1826947828331,24.3
"2278","P02414_C",2.12132034355964,3
"2279","P02414_E",11.1015764646288,15.7
"2280","P02414_N",2.12132034355964,3
"2281","P02416_C",0.707106781186548,1
"2282","P02416_E",3.81837661840734,5.39999999999998
"2283","P02416_N",3.95979797464468,5.60000000000002
"2284","P02417_C",4.5254833995939,6.39999999999999
"2285","P02417_E",5.65685424949238,8
"2286","P02417_N",5.86898628384834,8.3
"2287","P02418_C",0.707106781186548,1
"2288","P02418_E",6.8589357775095,9.69999999999999
"2289","P02418_N",3.7476659402887,5.3
"2290","P02419_C",4.66690475583122,6.60000000000001
"2291","P02419_E",3.81837661840734,5.39999999999998
"2292","P02419_N",0.494974746830585,0.700000000000003
"2293","P02420_C",4.66690475583122,6.60000000000001
"2294","P02420_E",6.08111831820431,8.60000000000001
"2295","P02420_N",9.19238815542511,13
"2296","P02426_C",6.85893577750951,9.7
"2297","P02426_E",0.91923881554251,1.3
"2298","P02426_N",6.8589357775095,9.69999999999999
"2299","P02427_C",5.86898628384834,8.3
"2300","P02427_E",4.73761543394987,6.7
"2301","P02427_N",2.40416305603427,3.40000000000001
"2302","P02428_C",3.95979797464468,5.60000000000002
"2303","P02428_E",3.32340187157677,4.69999999999999
"2304","P02428_N",4.45477272147526,6.30000000000001
"2305","P02429_C",5.16187950266179,7.3
"2306","P02429_E",5.65685424949238,8
"2307","P02429_N",4.24264068711928,6
"2308","P02430_C",5.939696961967,8.40000000000001
"2309","P02430_E",3.32340187157678,4.7
"2310","P02430_N",6.8589357775095,9.69999999999999
"2311","P02431_C",6.57609306503489,9.3
"2312","P02431_E",7.49533188057741,10.6
"2313","P02431_N",2.82842712474618,3.99999999999999
"2314","P02432_C",6.36396103067893,9
"2315","P02432_E",8.98025612106914,12.7
"2316","P02432_N",7.07106781186549,10
"2317","P02433_C",9.61665222413705,13.6
"2318","P02433_E",6.36396103067894,9.00000000000001
"2319","P02433_N",7.07106781186549,10
"2320","P02434_C",6.36396103067893,9
"2321","P02434_E",4.94974746830583,7
"2322","P02434_N",5.1618795026618,7.30000000000001
"2323","P02435_C",1.20208152801713,1.7
"2324","P02435_E",8.27314933988261,11.7
"2325","P02435_N",1.83847763108502,2.59999999999999
"2326","P02436_C",7.28319984622144,10.3
"2327","P02436_E",6.36396103067893,9
"2328","P02436_N",4.03050865276332,5.7
"2329","P02437_C",7.77817459305203,11
"2330","P02437_E",8.76812408671319,12.4
"2331","P02437_N",10.1116269709676,14.3
"2332","P02438_C",5.37401153701777,7.60000000000001
"2333","P02438_E",0,0
"2334","P02438_N",4.24264068711928,6
"2335","P02439_C",4.03050865276332,5.7
"2336","P02439_E",2.82842712474619,4
"2337","P02439_N",5.65685424949238,8
"2338","P02440_C",8.48528137423857,12
"2339","P02440_E",7.07106781186546,9.99999999999999
"2340","P02440_N",5.37401153701777,7.60000000000001
"2341","P02446_C",7.07106781186548,10
"2342","P02446_E",3.95979797464467,5.60000000000001
"2343","P02446_N",3.32340187157677,4.69999999999999
"2344","P02447_C",1.13137084989849,1.60000000000002
"2345","P02447_E",4.03050865276331,5.69999999999999
"2346","P02447_N",6.36396103067894,9.00000000000001
"2347","P02448_C",4.03050865276332,5.7
"2348","P02448_E",4.45477272147525,6.3
"2349","P02448_N",3.81837661840735,5.39999999999999
"2350","P02449_C",13.6471608769004,19.3
"2351","P02449_E",3.74766594028871,5.30000000000001
"2352","P02449_N",4.2426406871193,6.00000000000001
"2353","P02450_C",9.6873629022557,13.7
"2354","P02450_E",8.48528137423858,12
"2355","P02450_N",7.07106781186548,10
"2356","P02451_C",3.32340187157678,4.7
"2357","P02451_E",5.16187950266179,7.3
"2358","P02451_N",4.94974746830584,7.00000000000001
"2359","P02452_C",2.82842712474618,3.99999999999999
"2360","P02452_E",4.94974746830584,7.00000000000001
"2361","P02452_N",4.94974746830583,7
"2362","P02453_C",5.86898628384835,8.30000000000001
"2363","P02453_E",5.65685424949238,8
"2364","P02453_N",2.82842712474619,4
"2365","P02454_C",2.8284271247462,4.00000000000001
"2366","P02454_E",3.53553390593274,5
"2367","P02454_N",5.65685424949238,8
"2368","P02455_C",2.40416305603426,3.39999999999999
"2369","P02455_E",3.74766594028871,5.30000000000001
"2370","P02455_N",6.78822509939086,9.60000000000001
"2371","P02456_C",3.53553390593275,5.00000000000001
"2372","P02456_E",6.57609306503489,9.3
"2373","P02456_N",6.15182899632297,8.7
"2374","P02457_C",6.15182899632295,8.69999999999999
"2375","P02457_E",7.77817459305202,11
"2376","P02457_N",1.62634559672906,2.3
"2377","P02458_C",6.15182899632295,8.69999999999999
"2378","P02458_E",4.66690475583121,6.59999999999999
"2379","P02458_N",4.45477272147526,6.30000000000001
"2380","P02459_C",5.23259018078045,7.39999999999999
"2381","P02459_E",4.94974746830582,6.99999999999999
"2382","P02459_N",6.36396103067892,8.99999999999999
"2383","P02460_C",4.45477272147525,6.3
"2384","P02460_E",5.65685424949237,7.99999999999999
"2385","P02460_N",4.94974746830583,7
"2386","P02481_C",NA,0
"2387","P02481_E",NA,0
"2388","P02481_N",NA,0
"2389","P02602_C",8.98025612106914,12.7
"2390","P02602_E",12.2329473145273,17.3
"2391","P02602_N",9.61665222413706,13.6
"2392","P02604_C",6.15182899632295,8.69999999999999
"2393","P02604_E",12.0208152801713,17
"2394","P02604_N",11.8086832458153,16.7
"2395","P02605_C",7.77817459305202,11
"2396","P02605_E",10.6066017177982,15
"2397","P02605_N",8.76812408671317,12.4
"2398","P02607_C",5.44472221513641,7.69999999999999
"2399","P02607_E",5.1618795026618,7.30000000000001
"2400","P02607_N",6.64680374315353,9.39999999999998
"2401","P02608_C",NA,0
"2402","P02608_E",NA,0
"2403","P02608_N",NA,0
"2404","P02609_C",2.33345237791562,3.30000000000001
"2405","P02609_E",7.07106781186548,10
"2406","P02609_N",10.6066017177982,15
"2407","P02610_C",NA,0
"2408","P02610_E",NA,0
"2409","P02610_N",NA,0
"2410","P02612_C",5.44472221513641,7.69999999999999
"2411","P02612_E",4.73761543394986,6.69999999999999
"2412","P02612_N",8.48528137423857,12
"2413","P02613_C",6.36396103067893,9
"2414","P02613_E",9.89949493661167,14
"2415","P02613_N",3.74766594028871,5.30000000000001
"2416","P02616_C",7.28319984622145,10.3
"2417","P02616_E",8.48528137423857,12
"2418","P02616_N",2.40416305603425,3.39999999999998
"2419","P02617_C",NA,0
"2420","P02617_E",NA,0
"2421","P02617_N",NA,0
"2422","P02618_C",6.8589357775095,9.69999999999999
"2423","P02618_E",5.65685424949238,8
"2424","P02618_N",5.1618795026618,7.30000000000001
"2425","P02619_C",7.07106781186548,10
"2426","P02619_E",5.37401153701778,7.60000000000002
"2427","P02619_N",5.65685424949238,8
"2428","P02620_C",0.494974746830575,0.699999999999989
"2429","P02620_E",5.23259018078044,7.39999999999998
"2430","P02620_N",3.04055915910216,4.30000000000001
"2431","P02621_C",NA,0
"2432","P02621_E",NA,0
"2433","P02621_N",NA,0
"2434","P02622_C",NA,0
"2435","P02622_E",NA,0
"2436","P02622_N",NA,0
"2437","P02623_C",NA,0
"2438","P02623_E",NA,0
"2439","P02623_N",NA,0
"2440","P02624_C",NA,-Inf
"2441","P02624_E",NA,-Inf
"2442","P02624_N",NA,-Inf
"2443","P02625_C",NA,0
"2444","P02625_E",NA,0
"2445","P02625_N",NA,0
"2446","P02626_C",NA,0
"2447","P02626_E",NA,0
"2448","P02626_N",NA,0
"2449","P02627_C",NA,0
"2450","P02627_E",NA,0
"2451","P02627_N",NA,0
"2452","P02629_C",NA,0
"2453","P02629_E",NA,0
"2454","P02629_N",NA,0
"2455","P02631_C",NA,0
"2456","P02631_E",NA,0
"2457","P02631_N",NA,0
"2458","P02632_C",6.15182899632295,8.69999999999999
"2459","P02632_E",5.86898628384835,8.30000000000001
"2460","P02632_N",4.45477272147526,6.30000000000001
"2461","P02633_C",7.07106781186548,10
"2462","P02633_E",6.36396103067893,9
"2463","P02633_N",8.90954544295051,12.6
"2464","P02634_C",8.76812408671317,12.4
"2465","P02634_E",13.8592929112563,19.6
"2466","P02634_N",8.2731493398826,11.7
"2467","P02635_C",NA,0
"2468","P02635_E",NA,0
"2469","P02635_N",NA,0
"2470","P02636_C",11.8086832458153,16.7
"2471","P02636_E",9.68736290225569,13.7
"2472","P02636_N",11.8086832458153,16.7
"2473","P02638_C",NA,0
"2474","P02638_E",NA,0
"2475","P02638_N",NA,0
"2476","P02639_C",2.12132034355964,3
"2477","P02639_E",8.06101730552663,11.4
"2478","P02639_N",0.98994949366115,1.39999999999998
"2479","P02643_C",NA,0
"2480","P02643_E",NA,0
"2481","P02643_N",NA,0
"2482","P02647_C",2.12132034355964,3
"2483","P02647_E",3.04055915910216,4.30000000000001
"2484","P02647_N",3.04055915910216,4.30000000000001
"2485","P02648_C",0.212132034355972,0.300000000000011
"2486","P02648_E",8.48528137423857,12
"2487","P02648_N",0,0
"2488","P02649_C",1.4142135623731,2
"2489","P02649_E",12.7279220613579,18
"2490","P02649_N",6.36396103067893,9
"2491","P02650_C",6.36396103067893,9
"2492","P02650_E",6.08111831820433,8.60000000000002
"2493","P02650_N",6.64680374315353,9.39999999999998
"2494","P02651_C",NA,0
"2495","P02651_E",NA,0
"2496","P02651_N",NA,0
"2497","P02652_C",0.707106781186548,1
"2498","P02652_E",4.24264068711928,6
"2499","P02652_N",7.07106781186548,10
"2500","P02653_C",3.04055915910216,4.30000000000001
"2501","P02653_E",4.03050865276331,5.69999999999999
"2502","P02653_N",3.11126983722079,4.39999999999998
"2503","P02654_C",NA,0
"2504","P02654_E",NA,0
"2505","P02654_N",NA,0
"2506","P02655_C",NA,0
"2507","P02655_E",NA,0
"2508","P02655_N",NA,0
"2509","P02657_C",4.94974746830583,7
"2510","P02657_E",3.53553390593274,5
"2511","P02657_N",0,0
"2512","P02658_C",NA,0
"2513","P02658_E",5.1618795026618,7.30000000000001
"2514","P02658_N",8.48528137423857,12
"2515","P02660_C",7.990306627408,11.3
"2516","P02660_E",5.65685424949238,8
"2517","P02660_N",3.81837661840734,5.39999999999998
"2518","P02661_C",NA,0
"2519","P02661_E",NA,0
"2520","P02661_N",NA,0
"2521","P02662_C",NA,0
"2522","P02662_E",NA,0
"2523","P02662_N",NA,0
"2524","P02663_C",NA,0
"2525","P02663_E",NA,0
"2526","P02663_N",NA,0
"2527","P02664_C",NA,0
"2528","P02664_E",NA,0
"2529","P02664_N",NA,0
"2530","P02666_C",4.94974746830583,7
"2531","P02666_E",3.74766594028871,5.30000000000001
"2532","P02666_N",5.86898628384835,8.30000000000001
"2533","P02667_C",NA,0
"2534","P02667_E",NA,0
"2535","P02667_N",NA,0
"2536","P02670_C",4.94974746830583,7
"2537","P02670_E",10.1823376490863,14.4
"2538","P02670_N",5.1618795026618,7.30000000000001
"2539","P02671_C",2.40416305603425,3.39999999999998
"2540","P02671_E",3.81837661840734,5.39999999999998
"2541","P02671_N",0.212132034355972,0.300000000000011
"2542","P02672_C",NA,0
"2543","P02672_E",NA,0
"2544","P02672_N",NA,0
"2545","P02673_C",NA,0
"2546","P02673_E",14.3542676580869,20.3
"2547","P02673_N",9.89949493661167,14
"2548","P02674_C",NA,0
"2549","P02674_E",NA,0
"2550","P02674_N",NA,0
"2551","P02676_C",NA,0
"2552","P02676_E",0.494974746830575,0.699999999999989
"2553","P02676_N",5.93969696196698,8.39999999999998
"2554","P02678_C",NA,0
"2555","P02678_E",NA,0
"2556","P02678_N",NA,0
"2557","P02679_C",6.15182899632295,8.69999999999999
"2558","P02679_E",1.13137084989849,1.60000000000002
"2559","P02679_N",1.20208152801712,1.69999999999999
"2560","P02680_C",0.494974746830575,0.699999999999989
"2561","P02680_E",2.33345237791562,3.30000000000001
"2562","P02680_N",0.494974746830575,0.699999999999989
"2563","P02801_C",1.62634559672907,2.30000000000001
"2564","P02801_E",1.20208152801712,1.69999999999999
"2565","P02801_N",2.12132034355964,3
"2566","P02804_C",0.494974746830575,0.699999999999989
"2567","P02804_E",3.04055915910216,4.30000000000001
"2568","P02804_N",2.33345237791562,3.30000000000001
"2569","P02806_C",3.74766594028871,5.30000000000001
"2570","P02806_E",1.20208152801712,1.69999999999999
"2571","P02806_N",1.4142135623731,2
"2572","P02807_C",2.82842712474619,4
"2573","P02807_E",3.11126983722079,4.39999999999998
"2574","P02807_N",2.54558441227159,3.60000000000002
"2575","P02808_C",6.8589357775095,9.69999999999999
"2576","P02808_E",0,0
"2577","P02808_N",1.4142135623731,2
"2578","P02809_C",2.12132034355964,3
"2579","P02809_E",5.23259018078044,7.39999999999998
"2580","P02809_N",0.707106781186548,1
"2581","P02811_C",4.94974746830583,7
"2582","P02811_E",3.53553390593274,5
"2583","P02811_N",4.94974746830583,7
"2584","P02812_C",14.6371103705615,20.7
"2585","P02812_E",13.6471608769004,19.3
"2586","P02812_N",2.82842712474619,4
"2587","P02813_C",8.48528137423857,12
"2588","P02813_E",4.73761543394986,6.69999999999999
"2589","P02813_N",6.36396103067893,9
"2590","P02814_C",1.20208152801712,1.69999999999999
"2591","P02814_E",5.23259018078044,7.39999999999998
"2592","P02814_N",4.94974746830583,7
"2593","P02815_C",6.36396103067893,9
"2594","P02815_E",5.65685424949238,8
"2595","P02815_N",4.52548339959389,6.39999999999998
"2596","P02817_C",NA,0
"2597","P02817_E",NA,0
"2598","P02817_N",NA,0
"2599","P02820_C",3.53553390593274,5
"2600","P02820_E",4.24264068711928,6
"2601","P02820_N",8.48528137423857,12
"2602","P02821_C",4.03050865276331,5.69999999999999
"2603","P02821_E",0.98994949366115,1.39999999999998
"2604","P02821_N",1.20208152801712,1.69999999999999
"2605","P02822_C",8.69741340859454,12.3
"2606","P02822_E",3.11126983722079,4.39999999999998
"2607","P02822_N",3.53553390593274,5
"2608","P02824_C",3.04055915910216,4.30000000000001
"2609","P02824_E",3.25269119345813,4.60000000000002
"2610","P02824_N",0.424264068711945,0.600000000000023
"2611","P02825_C",NA,0
"2612","P02825_E",NA,0
"2613","P02825_N",NA,0
"2614","P02827_C",3.95979797464468,5.60000000000002
"2615","P02827_E",2.82842712474619,4
"2616","P02827_N",3.04055915910216,4.30000000000001
"2617","P02828_C",0.494974746830575,0.699999999999989
"2618","P02828_E",4.03050865276331,5.69999999999999
"2619","P02828_N",5.1618795026618,7.30000000000001
"2620","P02829_C",2.61629509039022,3.69999999999999
"2621","P02829_E",4.03050865276331,5.69999999999999
"2622","P02829_N",8.69741340859454,12.3
"2623","P02831_C",3.11126983722079,4.39999999999998
"2624","P02831_E",1.90918830920367,2.69999999999999
"2625","P02831_N",1.6970562748477,2.39999999999998
"2626","P02833_C",5.23259018078044,7.39999999999998
"2627","P02833_E",0.91923881554252,1.30000000000001
"2628","P02833_N",1.4142135623731,2
"2629","P02834_C",4.24264068711928,6
"2630","P02834_E",3.81837661840734,5.39999999999998
"2631","P02834_N",5.65685424949238,8
"2632","P02835_C",5.93969696196698,8.39999999999998
"2633","P02835_E",3.74766594028871,5.30000000000001
"2634","P02835_N",3.04055915910216,4.30000000000001
"2635","P02838_C",3.25269119345813,4.60000000000002
"2636","P02838_E",2.61629509039022,3.69999999999999
"2637","P02838_N",4.24264068711928,6
"2638","P02839_C",3.32340187157677,4.69999999999999
"2639","P02839_E",3.53553390593274,5
"2640","P02839_N",2.12132034355964,3
"2641","P02840_C",5.86898628384835,8.30000000000001
"2642","P02840_E",6.64680374315353,9.39999999999998
"2643","P02840_N",1.62634559672907,2.30000000000001
"2644","P02842_C",4.45477272147526,6.30000000000001
"2645","P02842_E",3.74766594028871,5.30000000000001
"2646","P02842_N",1.90918830920367,2.69999999999999
"2647","P02843_C",3.74766594028871,5.30000000000001
"2648","P02843_E",0.212132034355972,0.300000000000011
"2649","P02843_N",4.94974746830583,7
"2650","P02846_C",8.48528137423857,12
"2651","P02846_E",4.24264068711928,6
"2652","P02846_N",5.1618795026618,7.30000000000001
"2653","P02853_C",1.6970562748477,2.39999999999998
"2654","P02853_E",6.15182899632295,8.69999999999999
"2655","P02853_N",1.4142135623731,2
"2656","P02854_C",5.65685424949238,8
"2657","P02854_E",1.4142135623731,2
"2658","P02854_N",3.95979797464468,5.60000000000002
"2659","P02855_C",4.03050865276331,5.69999999999999
"2660","P02855_E",2.61629509039022,3.69999999999999
"2661","P02855_N",2.33345237791562,3.30000000000001
"2662","P02856_C",5.23259018078044,7.39999999999998
"2663","P02856_E",1.62634559672907,2.30000000000001
"2664","P02856_N",2.61629509039022,3.69999999999999
"2665","P02858_C",NA,0
"2666","P02858_E",NA,0
"2667","P02858_N",NA,0
"2668","P02859_C",3.04055915910216,4.30000000000001
"2669","P02859_E",4.03050865276331,5.69999999999999
"2670","P02859_N",1.83847763108504,2.60000000000002
"2671","P02860_C",7.990306627408,11.3
"2672","P02860_E",10.6066017177982,15
"2673","P02860_N",4.45477272147526,6.30000000000001
"2674","P02861_C",NA,0
"2675","P02861_E",NA,0
"2676","P02861_N",NA,0
"2677","P02868_C",5.65685424949238,8
"2678","P02868_E",1.83847763108504,2.60000000000002
"2679","P02868_N",2.33345237791562,3.30000000000001
"2680","P02869_C",6.64680374315353,9.39999999999998
"2681","P02869_E",9.68736290225569,13.7
"2682","P02869_N",5.86898628384835,8.30000000000001
"2683","P02870_C",3.04055915910216,4.30000000000001
"2684","P02870_E",1.83847763108504,2.60000000000002
"2685","P02870_N",5.65685424949238,8
"2686","P02872_C",1.4142135623731,2
"2687","P02872_E",4.24264068711928,6
"2688","P02872_N",5.65685424949238,8
"2689","P02873_C",NA,0
"2690","P02873_E",NA,0
"2691","P02873_N",NA,0
"2692","P02875_C",4.45477272147526,6.30000000000001
"2693","P02875_E",5.44472221513641,7.69999999999999
"2694","P02875_N",1.83847763108504,2.60000000000002
"2695","P02876_C",3.32340187157677,4.69999999999999
"2696","P02876_E",4.24264068711928,6
"2697","P02876_N",5.1618795026618,7.30000000000001
"2698","P02877_C",4.66690475583123,6.60000000000002
"2699","P02877_E",5.44472221513641,7.69999999999999
"2700","P02877_N",3.11126983722079,4.39999999999998
"2701","P02880_C",3.53553390593274,5
"2702","P02880_E",2.12132034355964,3
"2703","P02880_N",4.24264068711928,6
"2704","P03003_C",NA,0
"2705","P03003_E",NA,0
"2706","P03003_N",NA,0
"2707","P03005_C",NA,0
"2708","P03005_E",NA,0
"2709","P03005_N",NA,0
"2710","P03007_C",NA,0
"2711","P03007_E",NA,0
"2712","P03007_N",NA,0
"2713","P03008_C",NA,0
"2714","P03008_E",NA,0
"2715","P03008_N",1.90918830920368,2.7
"2716","P03010_C",NA,0
"2717","P03010_E",NA,0
"2718","P03010_N",NA,0
"2719","P03012_C",0.707106781186548,1
"2720","P03012_E",3.11126983722081,4.40000000000001
"2721","P03012_N",2.61629509039023,3.7
"2722","P03013_C",5.939696961967,8.40000000000001
"2723","P03013_E",0.91923881554251,1.3
"2724","P03013_N",1.62634559672906,2.3
"2725","P03014_C",0.707106781186548,1
"2726","P03014_E",0.989949493661171,1.40000000000001
"2727","P03014_N",1.20208152801713,1.7
"2728","P03015_C",0.989949493661171,1.40000000000001
"2729","P03015_E",1.69705627484772,2.40000000000001
"2730","P03015_N",0.91923881554251,1.3
"2731","P03016_C",NA,0
"2732","P03016_E",NA,0
"2733","P03016_N",NA,0
"2734","P03017_C",0.91923881554251,1.3
"2735","P03017_E",1.4142135623731,2
"2736","P03017_N",0.707106781186548,1
"2737","P03018_C",5.23259018078046,7.40000000000001
"2738","P03018_E",0.707106781186548,1
"2739","P03018_N",1.69705627484772,2.40000000000001
"2740","P03019_C",0.212132034355962,0.299999999999997
"2741","P03019_E",0.212132034355962,0.299999999999997
"2742","P03019_N",3.95979797464466,5.59999999999999
"2743","P03021_C",NA,0
"2744","P03021_E",NA,0
"2745","P03021_N",NA,0
"2746","P03023_C",NA,0
"2747","P03023_E",NA,0
"2748","P03023_N",NA,0
"2749","P03025_C",NA,0
"2750","P03025_E",NA,0
"2751","P03025_N",NA,0
"2752","P03026_C",0.707106781186548,1
"2753","P03026_E",0.91923881554251,1.3
"2754","P03026_N",3.7476659402887,5.3
"2755","P03027_C",7.77817459305202,11
"2756","P03027_E",7.07106781186548,10
"2757","P03027_N",10.1116269709676,14.3
"2758","P03028_C",5.65685424949238,8
"2759","P03028_E",7.3539105243401,10.4
"2760","P03028_N",3.32340187157678,4.7
"2761","P03029_C",2.54558441227157,3.59999999999999
"2762","P03029_E",1.4142135623731,2
"2763","P03029_N",4.52548339959391,6.40000000000001
"2764","P03030_C",0.494974746830585,0.700000000000003
"2765","P03030_E",3.53553390593274,5
"2766","P03030_N",6.85893577750951,9.7
"2767","P03031_C",3.81837661840736,5.40000000000001
"2768","P03031_E",1.20208152801713,1.7
"2769","P03031_N",1.20208152801713,1.7
"2770","P03032_C",0.494974746830585,0.700000000000003
"2771","P03032_E",3.7476659402887,5.3
"2772","P03032_N",6.36396103067893,9
"2773","P03033_C",0.282842712474623,0.400000000000006
"2774","P03033_E",7.99030662740799,11.3
"2775","P03033_N",0.212132034355962,0.299999999999997
"2776","P03034_C",0.212132034355962,0.299999999999997
"2777","P03034_E",0,0
"2778","P03034_N",4.94974746830583,7
"2779","P03035_C",4.03050865276332,5.7
"2780","P03035_E",1.83847763108502,2.59999999999999
"2781","P03035_N",4.24264068711928,6
"2782","P03036_C",NA,0
"2783","P03036_E",NA,0
"2784","P03036_N",NA,0
"2785","P03039_C",2.82842712474619,4
"2786","P03039_E",7.56604255869606,10.7
"2787","P03039_N",0,0
"2788","P03042_C",0.494974746830585,0.700000000000003
"2789","P03042_E",1.90918830920368,2.7
"2790","P03042_N",3.53553390593274,5
"2791","P03046_C",1.13137084989847,1.59999999999999
"2792","P03046_E",8.27314933988261,11.7
"2793","P03046_N",7.07106781186548,10
"2794","P03047_C",3.32340187157678,4.7
"2795","P03047_E",0.91923881554251,1.3
"2796","P03047_N",3.25269119345811,4.59999999999999
"2797","P03048_C",3.7476659402887,5.3
"2798","P03048_E",1.90918830920368,2.7
"2799","P03048_N",7.56604255869606,10.7
"2800","P03049_C",10.1823376490863,14.4
"2801","P03049_E",0.989949493661171,1.40000000000001
"2802","P03049_N",10.3944696834423,14.7
"2803","P03050_C",NA,0
"2804","P03050_E",NA,0
"2805","P03050_N",NA,0
"2806","P03051_C",1.90918830920368,2.7
"2807","P03051_E",3.7476659402887,5.3
"2808","P03051_N",6.85893577750951,9.7
"2809","P03052_C",0.989949493661171,1.40000000000001
"2810","P03052_E",1.20208152801713,1.7
"2811","P03052_N",0.424264068711924,0.599999999999994
"2812","P03055_C",NA,0
"2813","P03055_E",NA,0
"2814","P03055_N",NA,0
"2815","P03056_C",4.45477272147525,6.3
"2816","P03056_E",5.65685424949238,8
"2817","P03056_N",4.45477272147525,6.3
"2818","P03057_C",4.03050865276332,5.7
"2819","P03057_E",1.62634559672906,2.3
"2820","P03057_N",2.82842712474619,4
"2821","P03058_C",4.24264068711928,6
"2822","P03058_E",11.8086832458153,16.7
"2823","P03058_N",5.939696961967,8.40000000000001
"2824","P03059_C",0.494974746830585,0.700000000000003
"2825","P03059_E",12.7279220613579,18
"2826","P03059_N",2.12132034355964,3
"2827","P03060_C",NA,0
"2828","P03060_E",NA,0
"2829","P03060_N",NA,0
"2830","P03061_C",NA,0
"2831","P03061_E",NA,0
"2832","P03061_N",NA,0
"2833","P03062_C",4.94974746830583,7
"2834","P03062_E",5.44472221513642,7.7
"2835","P03062_N",4.03050865276332,5.7
"2836","P03063_C",NA,0
"2837","P03063_E",NA,0
"2838","P03063_N",NA,0
"2839","P03064_C",NA,0
"2840","P03064_E",NA,0
"2841","P03064_N",NA,0
"2842","P03065_C",NA,0
"2843","P03065_E",NA,0
"2844","P03065_N",NA,0
"2845","P03066_C",6.15182899632297,8.7
"2846","P03066_E",6.36396103067893,9
"2847","P03066_N",7.3539105243401,10.4
"2848","P03067_C",1.90918830920368,2.7
"2849","P03067_E",1.4142135623731,2
"2850","P03067_N",5.65685424949238,8
"2851","P03068_C",7.07106781186548,10
"2852","P03068_E",7.56604255869606,10.7
"2853","P03068_N",6.0811183182043,8.59999999999999
"2854","P03069_C",13.930003589375,19.7
"2855","P03069_E",3.32340187157678,4.7
"2856","P03069_N",1.13137084989847,1.59999999999999
"2857","P03103_C",1.4142135623731,2
"2858","P03103_E",0.707106781186548,1
"2859","P03103_N",0.707106781186548,1
"2860","P03104_C",NA,0
"2861","P03104_E",NA,0
"2862","P03104_N",NA,0
"2863","P03105_C",NA,0
"2864","P03105_E",NA,0
"2865","P03105_N",NA,0
"2866","P03106_C",7.56604255869605,10.7
"2867","P03106_E",13.4350288425444,19
"2868","P03106_N",8.2731493398826,11.7
"2869","P03108_C",NA,0
"2870","P03108_E",NA,0
"2871","P03108_N",NA,0
"2872","P03109_C",7.07106781186548,10
"2873","P03109_E",2.12132034355964,3
"2874","P03109_N",0.707106781186548,1
"2875","P03110_C",4.24264068711928,6
"2876","P03110_E",3.53553390593274,5
"2877","P03110_N",2.82842712474619,4
"2878","P03114_C",5.44472221513641,7.69999999999999
"2879","P03114_E",1.90918830920367,2.69999999999999
"2880","P03114_N",6.15182899632295,8.69999999999999
"2881","P03117_C",4.94974746830583,7
"2882","P03117_E",2.61629509039022,3.69999999999999
"2883","P03117_N",5.65685424949238,8
"2884","P03118_C",8.48528137423857,12
"2885","P03118_E",4.24264068711928,6
"2886","P03118_N",6.08111831820433,8.60000000000002
"2887","P03120_C",7.56604255869605,10.7
"2888","P03120_E",10.8187337521542,15.3
"2889","P03120_N",6.36396103067893,9
"2890","P03122_C",1.62634559672907,2.30000000000001
"2891","P03122_E",7.07106781186548,10
"2892","P03122_N",3.32340187157677,4.69999999999999
"2893","P03123_C",0.212132034355972,0.300000000000011
"2894","P03123_E",4.24264068711928,6
"2895","P03123_N",1.20208152801712,1.69999999999999
"2896","P03124_C",1.62634559672907,2.30000000000001
"2897","P03124_E",0.494974746830575,0.699999999999989
"2898","P03124_N",2.82842712474619,4
"2899","P03126_C",1.90918830920367,2.69999999999999
"2900","P03126_E",3.81837661840734,5.39999999999998
"2901","P03126_N",1.90918830920367,2.69999999999999
"2902","P03128_C",1.4142135623731,2
"2903","P03128_E",0.494974746830575,0.699999999999989
"2904","P03128_N",2.12132034355964,3
"2905","P03131_C",0.212132034355972,0.300000000000011
"2906","P03131_E",3.04055915910216,4.30000000000001
"2907","P03131_N",3.25269119345813,4.60000000000002
"2908","P03135_C",2.54558441227159,3.60000000000002
"2909","P03135_E",7.07106781186548,10
"2910","P03135_N",1.90918830920367,2.69999999999999
"2911","P03136_C",12.9400540957138,18.3
"2912","P03136_E",5.65685424949238,8
"2913","P03136_N",4.73761543394986,6.69999999999999
"2914","P03138_C",NA,0
"2915","P03138_E",NA,0
"2916","P03138_N",NA,0
"2917","P03139_C",5.44472221513641,7.69999999999999
"2918","P03139_E",3.53553390593274,5
"2919","P03139_N",4.52548339959389,6.39999999999998
"2920","P03140_C",7.07106781186548,10
"2921","P03140_E",4.66690475583123,6.60000000000002
"2922","P03140_N",4.94974746830583,7
"2923","P03142_C",1.83847763108504,2.60000000000002
"2924","P03142_E",3.18198051533946,4.5
"2925","P03142_N",2.12132034355964,3
"2926","P03144_C",NA,0
"2927","P03144_E",NA,0
"2928","P03144_N",NA,0
"2929","P03146_C",1.76776695296637,2.5
"2930","P03146_E",1.83847763108504,2.60000000000002
"2931","P03146_N",7.21248916810278,10.2
"2932","P03148_C",NA,0
"2933","P03148_E",NA,0
"2934","P03148_N",NA,0
"2935","P03150_C",1.06066017177982,1.5
"2936","P03150_E",4.59619407771256,6.5
"2937","P03150_N",3.88908729652601,5.5
"2938","P03152_C",5.65685424949238,8
"2939","P03152_E",1.62634559672907,2.30000000000001
"2940","P03152_N",0.494974746830575,0.699999999999989
"2941","P03154_C",3.18198051533946,4.5
"2942","P03154_E",2.61629509039022,3.69999999999999
"2943","P03154_N",5.86898628384835,8.30000000000001
"2944","P03155_C",4.59619407771256,6.5
"2945","P03155_E",1.06066017177982,1.5
"2946","P03155_N",3.32340187157677,4.69999999999999
"2947","P03158_C",1.5556349186104,2.19999999999999
"2948","P03158_E",1.06066017177982,1.5
"2949","P03158_N",2.75771644662752,3.89999999999998
"2950","P03159_C",0.707106781186548,1
"2951","P03159_E",1.34350288425442,1.89999999999998
"2952","P03159_N",4.24264068711928,6
"2953","P03160_C",9.19238815542512,13
"2954","P03160_E",2.54558441227159,3.60000000000002
"2955","P03160_N",0.636396103067877,0.899999999999977
"2956","P03161_C",7.63675323681472,10.8
"2957","P03161_E",7.990306627408,11.3
"2958","P03161_N",3.18198051533946,4.5
"2959","P03162_C",2.68700576850889,3.80000000000001
"2960","P03162_E",2.40416305603425,3.39999999999998
"2961","P03162_N",1.76776695296637,2.5
"2962","P03163_C",5.44472221513641,7.69999999999999
"2963","P03163_E",5.37401153701778,7.60000000000002
"2964","P03163_N",0.848528137423849,1.19999999999999
"2965","P03164_C",NA,0
"2966","P03164_E",NA,0
"2967","P03164_N",NA,0
"2968","P03168_C",4.59619407771256,6.5
"2969","P03168_E",1.34350288425442,1.89999999999998
"2970","P03168_N",2.33345237791562,3.30000000000001
"2971","P03169_C",1.27279220613579,1.80000000000001
"2972","P03169_E",1.20208152801712,1.69999999999999
"2973","P03169_N",1.5556349186104,2.19999999999999
"2974","P03170_C",6.8589357775095,9.69999999999999
"2975","P03170_E",4.94974746830583,7
"2976","P03170_N",2.61629509039022,3.69999999999999
"2977","P03171_C",0.98994949366115,1.39999999999998
"2978","P03171_E",2.40416305603425,3.39999999999998
"2979","P03171_N",0.212132034355972,0.300000000000011
"2980","P03173_C",4.24264068711928,6
"2981","P03173_E",4.24264068711928,6
"2982","P03173_N",1.62634559672907,2.30000000000001
"2983","P03174_C",1.48492424049177,2.10000000000002
"2984","P03174_E",5.09116882454313,7.19999999999999
"2985","P03174_N",0.141421356237301,0.199999999999989
"2986","P03176_C",3.18198051533946,4.5
"2987","P03176_E",0.636396103067877,0.899999999999977
"2988","P03176_N",3.32340187157677,4.69999999999999
"2989","P03177_C",3.18198051533946,4.5
"2990","P03177_E",2.33345237791562,3.30000000000001
"2991","P03177_N",0.424264068711945,0.600000000000023
"2992","P03178_C",0.353553390593274,0.5
"2993","P03178_E",0.98994949366115,1.39999999999998
"2994","P03178_N",0.424264068711945,0.600000000000023
"2995","P03179_C",4.94974746830583,7
"2996","P03179_E",1.90918830920367,2.69999999999999
"2997","P03179_N",9.97020561473034,14.1
"2998","P03180_C",2.61629509039022,3.69999999999999
"2999","P03180_E",4.94974746830583,7
"3000","P03180_N",4.45477272147526,6.30000000000001
"3001","P03201_C",3.95979797464468,5.60000000000002
"3002","P03201_E",1.4142135623731,2
"3003","P03201_N",4.24264068711928,6
"3004","P03204_C",1.6970562748477,2.39999999999998
"3005","P03204_E",0,0
"3006","P03204_N",0.494974746830575,0.699999999999989
"3007","P03205_C",5.65685424949238,8
"3008","P03205_E",1.4142135623731,2
"3009","P03205_N",6.36396103067893,9
"3010","P03206_C",0.212132034355972,0.300000000000011
"3011","P03206_E",0.494974746830575,0.699999999999989
"3012","P03206_N",1.69705627484771,2.39999999999999
"3013","P03207_C",9.40452018978109,13.3
"3014","P03207_E",9.89949493661168,14
"3015","P03207_N",13.8592929112563,19.6
"3016","P03208_C",1.62634559672906,2.3
"3017","P03208_E",2.12132034355964,3
"3018","P03208_N",0.212132034355962,0.299999999999997
"3019","P03211_C",1.20208152801712,1.69999999999999
"3020","P03211_E",3.11126983722079,4.39999999999998
"3021","P03211_N",0.707106781186548,1
"3022","P03212_C",4.5254833995939,6.39999999999999
"3023","P03212_E",3.81837661840736,5.40000000000001
"3024","P03212_N",3.7476659402887,5.3
"3025","P03213_C",0.707106781186558,1.00000000000001
"3026","P03213_E",3.32340187157677,4.69999999999999
"3027","P03213_N",1.4142135623731,2
"3028","P03216_C",2.82842712474619,4
"3029","P03216_E",2.12132034355964,3
"3030","P03216_N",0.707106781186548,1
"3031","P03217_C",1.90918830920367,2.69999999999999
"3032","P03217_E",0.212132034355962,0.299999999999997
"3033","P03217_N",2.12132034355964,3
"3034","P03219_C",1.69705627484771,2.39999999999999
"3035","P03219_E",1.4142135623731,2
"3036","P03219_N",2.61629509039023,3.7
"3037","P03222_C",6.5760930650349,9.30000000000001
"3038","P03222_E",1.20208152801713,1.7
"3039","P03222_N",3.32340187157678,4.7
"3040","P03223_C",1.62634559672907,2.30000000000001
"3041","P03223_E",1.90918830920367,2.69999999999999
"3042","P03223_N",0.707106781186548,1
"3043","P03224_C",5.16187950266179,7.3
"3044","P03224_E",5.23259018078046,7.40000000000001
"3045","P03224_N",7.56604255869606,10.7
"3046","P03226_C",0.282842712474603,0.399999999999977
"3047","P03226_E",4.94974746830583,7
"3048","P03226_N",1.13137084989847,1.59999999999999
"3049","P03228_C",6.57609306503489,9.3
"3050","P03228_E",0.212132034355962,0.299999999999997
"3051","P03228_N",6.0811183182043,8.59999999999999
"3052","P03230_C",0.707106781186558,1.00000000000001
"3053","P03230_E",1.4142135623731,2
"3054","P03230_N",0,0
"3055","P03231_C",7.77817459305203,11
"3056","P03231_E",3.53553390593274,5
"3057","P03231_N",9.40452018978108,13.3
"3058","P03232_C",0.494974746830585,0.700000000000003
"3059","P03232_E",2.82842712474619,4
"3060","P03232_N",4.73761543394987,6.7
"3061","P03235_C",1.62634559672906,2.3
"3062","P03235_E",2.12132034355964,3
"3063","P03235_N",4.24264068711928,6
"3064","P03237_C",4.94974746830583,7
"3065","P03237_E",7.99030662740799,11.3
"3066","P03237_N",3.25269119345812,4.60000000000001
"3067","P03239_C",2.82842712474618,3.99999999999999
"3068","P03239_E",1.62634559672906,2.3
"3069","P03239_N",8.76812408671318,12.4
"3070","P03240_C",3.95979797464466,5.59999999999999
"3071","P03240_E",4.94974746830583,7
"3072","P03240_N",0.494974746830585,0.700000000000003
"3073","P03241_C",3.95979797464467,5.60000000000001
"3074","P03241_E",2.61629509039022,3.69999999999999
"3075","P03241_N",NA,-Inf
"3076","P03242_C",1.83847763108503,2.60000000000001
"3077","P03242_E",2.40416305603427,3.40000000000001
"3078","P03242_N",1.90918830920368,2.7
"3079","P03245_C",3.53553390593274,5
"3080","P03245_E",4.66690475583122,6.60000000000001
"3081","P03245_N",5.65685424949238,8
"3082","P03249_C",1.20208152801713,1.7
"3083","P03249_E",3.53553390593274,5
"3084","P03249_N",2.3334523779156,3.3
"3085","P03251_C",4.94974746830583,7
"3086","P03251_E",6.36396103067894,9.00000000000001
"3087","P03251_N",7.49533188057741,10.6
"3088","P03253_C",0.91923881554251,1.3
"3089","P03253_E",3.53553390593274,5
"3090","P03253_N",2.12132034355964,3
"3091","P03255_C",2.61629509039023,3.7
"3092","P03255_E",2.12132034355964,3
"3093","P03255_N",6.57609306503489,9.3
"3094","P03257_C",6.78822509939086,9.60000000000001
"3095","P03257_E",9.61665222413705,13.6
"3096","P03257_N",5.65685424949238,8
"3097","P03258_C",1.62634559672906,2.3
"3098","P03258_E",1.90918830920368,2.7
"3099","P03258_N",0.707106781186548,1
"3100","P03259_C",6.08111831820431,8.60000000000001
"3101","P03259_E",4.52548339959391,6.40000000000001
"3102","P03259_N",1.4142135623731,2
"3103","P03263_C",0.212132034355972,0.300000000000011
"3104","P03263_E",10.1116269709676,14.3
"3105","P03263_N",3.04055915910215,4.3
"3106","P03265_C",7.07106781186548,10
"3107","P03265_E",0,0
"3108","P03265_N",5.65685424949238,8
"3109","P03266_C",4.66690475583122,6.60000000000001
"3110","P03266_E",0.707106781186548,1
"3111","P03266_N",3.32340187157678,4.7
"3112","P03269_C",6.36396103067893,9
"3113","P03269_E",9.68736290225569,13.7
"3114","P03269_N",6.8589357775095,9.69999999999999
"3115","P03270_C",1.4142135623731,2
"3116","P03270_E",2.3334523779156,3.3
"3117","P03270_N",3.53553390593274,5
"3118","P03271_C",4.94974746830583,7
"3119","P03271_E",5.65685424949238,8
"3120","P03271_N",1.4142135623731,2
"3121","P03272_C",0.212132034355962,0.299999999999997
"3122","P03272_E",1.13137084989847,1.59999999999999
"3123","P03272_N",1.4142135623731,2
"3124","P03275_C",7.77817459305202,11
"3125","P03275_E",1.90918830920368,2.7
"3126","P03275_N",2.61629509039023,3.7
"3127","P03276_C",0.212132034355962,0.299999999999997
"3128","P03276_E",5.93969696196699,8.39999999999999
"3129","P03276_N",2.3334523779156,3.3
"3130","P03277_C",1.20208152801713,1.7
"3131","P03277_E",4.24264068711928,6
"3132","P03277_N",2.54558441227157,3.59999999999999
"3133","P03278_C",1.62634559672907,2.30000000000001
"3134","P03278_E",0.494974746830585,0.700000000000003
"3135","P03278_N",1.20208152801713,1.7
"3136","P03401_C",1.4142135623731,2
"3137","P03401_E",2.82842712474619,4
"3138","P03401_N",0.424264068711945,0.600000000000023
"3139","P03403_C",6.15182899632295,8.69999999999999
"3140","P03403_E",13.4350288425444,19
"3141","P03403_N",2.12132034355964,3
"3142","P03404_C",1.6970562748477,2.39999999999998
"3143","P03404_E",2.82842712474619,4
"3144","P03404_N",4.45477272147526,6.30000000000001
"3145","P03407_C",4.24264068711928,6
"3146","P03407_E",6.78822509939087,9.60000000000002
"3147","P03407_N",0.91923881554252,1.30000000000001
"3148","P03409_C",2.54558441227159,3.60000000000002
"3149","P03409_E",6.15182899632295,8.69999999999999
"3150","P03409_N",3.04055915910216,4.30000000000001
"3151","P03411_C",2.82842712474619,4
"3152","P03411_E",3.81837661840734,5.39999999999998
"3153","P03411_N",0.282842712474603,0.399999999999977
"3154","P03412_C",15.556349186104,22
"3155","P03412_E",2.12132034355964,3
"3156","P03412_N",1.20208152801712,1.69999999999999
"3157","P03415_C",5.44472221513641,7.69999999999999
"3158","P03415_E",3.81837661840734,5.39999999999998
"3159","P03415_N",24.4658946290546,34.6
"3160","P03417_C",8.76812408671317,12.4
"3161","P03417_E",6.36396103067893,9
"3162","P03417_N",1.4142135623731,2
"3163","P03418_C",4.94974746830583,7
"3164","P03418_E",4.24264068711928,6
"3165","P03418_N",1.13137084989849,1.60000000000002
"3166","P03420_C",1.4142135623731,2
"3167","P03420_E",1.6970562748477,2.39999999999998
"3168","P03420_N",9.40452018978109,13.3
"3169","P03421_C",2.12132034355964,3
"3170","P03421_E",3.53553390593274,5
"3171","P03421_N",6.08111831820433,8.60000000000002
"3172","P03423_C",NA,0
"3173","P03423_E",NA,0
"3174","P03423_N",NA,0
"3175","P03424_C",6.15182899632295,8.69999999999999
"3176","P03424_E",6.08111831820433,8.60000000000002
"3177","P03424_N",15.0613744392735,21.3
"3178","P03426_C",4.52548339959389,6.39999999999998
"3179","P03426_E",3.11126983722079,4.39999999999998
"3180","P03426_N",5.65685424949238,8
"3181","P03428_C",5.86898628384835,8.30000000000001
"3182","P03428_E",8.76812408671317,12.4
"3183","P03428_N",0.424264068711945,0.600000000000023
"3184","P03429_C",1.6970562748477,2.39999999999998
"3185","P03429_E",3.95979797464468,5.60000000000002
"3186","P03429_N",3.32340187157677,4.69999999999999
"3187","P03431_C",4.73761543394986,6.69999999999999
"3188","P03431_E",4.45477272147526,6.30000000000001
"3189","P03431_N",7.28319984622145,10.3
"3190","P03433_C",8.69741340859454,12.3
"3191","P03433_E",4.94974746830583,7
"3192","P03433_N",1.4142135623731,2
"3193","P03435_C",0.98994949366115,1.39999999999998
"3194","P03435_E",9.19238815542512,13
"3195","P03435_N",3.53553390593274,5
"3196","P03437_C",3.74766594028871,5.30000000000001
"3197","P03437_E",1.20208152801712,1.69999999999999
"3198","P03437_N",3.53553390593274,5
"3199","P03438_C",48.5782358675158,68.7
"3200","P03438_E",10.6066017177982,15
"3201","P03438_N",2.82842712474619,4
"3202","P03439_C",6.36396103067893,9
"3203","P03439_E",12.9400540957138,18.3
"3204","P03439_N",3.81837661840734,5.39999999999998
"3205","P03441_C",4.66690475583123,6.60000000000002
"3206","P03441_E",1.83847763108504,2.60000000000002
"3207","P03441_N",1.13137084989849,1.60000000000002
"3208","P03443_C",1.6970562748477,2.39999999999998
"3209","P03443_E",51.406662992262,72.7
"3210","P03443_N",22.1324422511389,31.3
"3211","P03444_C",4.45477272147526,6.30000000000001
"3212","P03444_E",8.98025612106914,12.7
"3213","P03444_N",7.28319984622145,10.3
"3214","P03446_C",4.66690475583123,6.60000000000002
"3215","P03446_E",10.3237590053236,14.6
"3216","P03446_N",9.89949493661167,14
"3217","P03448_C",11.8086832458153,16.7
"3218","P03448_E",8.98025612106914,12.7
"3219","P03448_N",0.212132034355972,0.300000000000011
"3220","P03450_C",5.44472221513641,7.69999999999999
"3221","P03450_E",9.68736290225569,13.7
"3222","P03450_N",6.64680374315353,9.39999999999998
"3223","P03451_C",10.6066017177982,15
"3224","P03451_E",15.0613744392735,21.3
"3225","P03451_N",NA,0
"3226","P03453_C",2.61629509039022,3.69999999999999
"3227","P03453_E",6.5760930650349,9.30000000000001
"3228","P03453_N",0.91923881554252,1.30000000000001
"3229","P03454_C",8.20243866176397,11.6
"3230","P03454_E",44.3355951803965,62.7
"3231","P03454_N",1.20208152801712,1.69999999999999
"3232","P03456_C",3.04055915910216,4.30000000000001
"3233","P03456_E",14.8492424049175,21
"3234","P03456_N",23.546655813512,33.3
"3235","P03459_C",8.98025612106914,12.7
"3236","P03459_E",0.91923881554252,1.30000000000001
"3237","P03459_N",3.81837661840734,5.39999999999998
"3238","P03460_C",0,0
"3239","P03460_E",1.20208152801712,1.69999999999999
"3240","P03460_N",4.03050865276331,5.69999999999999
"3241","P03462_C",3.74766594028871,5.30000000000001
"3242","P03462_E",5.1618795026618,7.30000000000001
"3243","P03462_N",7.07106781186548,10
"3244","P03463_C",6.5760930650349,9.30000000000001
"3245","P03463_E",7.28319984622145,10.3
"3246","P03463_N",9.68736290225569,13.7
"3247","P03464_C",4.73761543394986,6.69999999999999
"3248","P03464_E",1.62634559672907,2.30000000000001
"3249","P03464_N",4.45477272147526,6.30000000000001
"3250","P03467_C",10.6066017177982,15
"3251","P03467_E",9.61665222413706,13.6
"3252","P03467_N",12.4450793488833,17.6
"3253","P03469_C",13.930003589375,19.7
"3254","P03469_E",14.5663996924429,20.6
"3255","P03469_N",10.1823376490863,14.4
"3256","P03470_C",9.68736290225569,13.7
"3257","P03470_E",46.1740728114816,65.3
"3258","P03470_N",3.25269119345813,4.60000000000002
"3259","P03471_C",3.32340187157677,4.69999999999999
"3260","P03471_E",2.12132034355964,3
"3261","P03471_N",0,0
"3262","P03472_C",NA,-Inf
"3263","P03472_E",NA,-Inf
"3264","P03472_N",NA,-Inf
"3265","P03474_C",8.2731493398826,11.7
"3266","P03474_E",4.94974746830583,7
"3267","P03474_N",7.07106781186548,10
"3268","P03476_C",5.1618795026618,7.30000000000001
"3269","P03476_E",0,0
"3270","P03476_N",1.13137084989849,1.60000000000002
"3271","P03477_C",2.12132034355964,3
"3272","P03477_E",2.61629509039022,3.69999999999999
"3273","P03477_N",13.4350288425444,19
"3274","P03480_C",15.556349186104,22
"3275","P03480_E",1.90918830920367,2.69999999999999
"3276","P03480_N",1.4142135623731,2
"3277","P03503_C",NA,0
"3278","P03503_E",NA,0
"3279","P03503_N",NA,0
"3280","P03505_C",1.4142135623731,2
"3281","P03505_E",0.707106781186548,1
"3282","P03505_N",0.494974746830575,0.699999999999989
"3283","P03506_C",NA,0
"3284","P03506_E",NA,0
"3285","P03506_N",NA,0
"3286","P03507_C",NA,0
"3287","P03507_E",NA,0
"3288","P03507_N",NA,0
"3289","P03509_C",NA,0
"3290","P03509_E",NA,0
"3291","P03509_N",NA,0
"3292","P03512_C",NA,0
"3293","P03512_E",NA,0
"3294","P03512_N",NA,0
"3295","P03513_C",NA,0
"3296","P03513_E",NA,0
"3297","P03513_N",NA,0
"3298","P03516_C",1.62634559672907,2.30000000000001
"3299","P03516_E",0,0
"3300","P03516_N",1.90918830920367,2.69999999999999
"3301","P03517_C",1.13137084989849,1.60000000000002
"3302","P03517_E",1.83847763108504,2.60000000000002
"3303","P03517_N",0.282842712474603,0.399999999999977
"3304","P03518_C",NA,0
"3305","P03518_E",NA,0
"3306","P03518_N",NA,0
"3307","P03519_C",0.212132034355972,0.300000000000011
"3308","P03519_E",1.62634559672907,2.30000000000001
"3309","P03519_N",0.91923881554252,1.30000000000001
"3310","P03520_C",NA,0
"3311","P03520_E",NA,0
"3312","P03520_N",NA,0
"3313","P03523_C",NA,0
"3314","P03523_E",NA,0
"3315","P03523_N",NA,0
"3316","P03524_C",NA,0
"3317","P03524_E",NA,0
"3318","P03524_N",NA,0
"3319","P03525_C",NA,0
"3320","P03525_E",NA,0
"3321","P03525_N",NA,0
"3322","P03526_C",NA,0
"3323","P03526_E",NA,0
"3324","P03526_N",NA,0
"3325","P03527_C",NA,0
"3326","P03527_E",NA,0
"3327","P03527_N",NA,0
"3328","P03528_C",NA,0
"3329","P03528_E",NA,0
"3330","P03528_N",NA,0
"3331","P03529_C",NA,0
"3332","P03529_E",NA,0
"3333","P03529_N",NA,0
"3334","P03533_C",NA,0
"3335","P03533_E",NA,0
"3336","P03533_N",NA,0
"3337","P03535_C",NA,0
"3338","P03535_E",NA,0
"3339","P03535_N",NA,0
"3340","P03537_C",NA,0
"3341","P03537_E",NA,0
"3342","P03537_N",NA,0
"3343","P03539_C",NA,0
"3344","P03539_E",NA,0
"3345","P03539_N",NA,0
"3346","P03541_C",NA,0
"3347","P03541_E",NA,0
"3348","P03541_N",NA,0
"3349","P03542_C",NA,0
"3350","P03542_E",NA,0
"3351","P03542_N",NA,0
"3352","P03543_C",NA,0
"3353","P03543_E",NA,0
"3354","P03543_N",NA,0
"3355","P03546_C",NA,0
"3356","P03546_E",NA,0
"3357","P03546_N",NA,0
"3358","P03547_C",NA,0
"3359","P03547_E",NA,0
"3360","P03547_N",NA,0
"3361","P03548_C",NA,0
"3362","P03548_E",NA,0
"3363","P03548_N",NA,0
"3364","P03551_C",4.03050865276331,5.69999999999999
"3365","P03551_E",7.07106781186548,10
"3366","P03551_N",4.24264068711928,6
"3367","P03552_C",NA,0
"3368","P03552_E",NA,0
"3369","P03552_N",NA,0
"3370","P03554_C",3.81837661840734,5.39999999999998
"3371","P03554_E",2.82842712474619,4
"3372","P03554_N",0.707106781186548,1
"3373","P03555_C",4.24264068711928,6
"3374","P03555_E",6.15182899632295,8.69999999999999
"3375","P03555_N",10.3944696834422,14.7
"3376","P03557_C",1.13137084989849,1.60000000000002
"3377","P03557_E",4.73761543394986,6.69999999999999
"3378","P03557_N",5.1618795026618,7.30000000000001
"3379","P03558_C",NA,0
"3380","P03558_E",NA,0
"3381","P03558_N",NA,0
"3382","P03559_C",8.48528137423857,12
"3383","P03559_E",5.1618795026618,7.30000000000001
"3384","P03559_N",8.76812408671317,12.4
"3385","P03560_C",3.25269119345813,4.60000000000002
"3386","P03560_E",2.82842712474619,4
"3387","P03560_N",2.33345237791562,3.30000000000001
"3388","P03562_C",NA,0
"3389","P03562_E",NA,0
"3390","P03562_N",NA,0
"3391","P03563_C",NA,0
"3392","P03563_E",NA,0
"3393","P03563_N",NA,0
"3394","P03565_C",NA,0
"3395","P03565_E",NA,0
"3396","P03565_N",NA,0
"3397","P03566_C",NA,0
"3398","P03566_E",NA,0
"3399","P03566_N",NA,0
"3400","P03567_C",NA,0
"3401","P03567_E",NA,0
"3402","P03567_N",NA,0
"3403","P03570_C",NA,0
"3404","P03570_E",NA,0
"3405","P03570_N",NA,0
"3406","P03571_C",NA,0
"3407","P03571_E",NA,0
"3408","P03571_N",NA,0
"3409","P03576_C",NA,0
"3410","P03576_E",NA,0
"3411","P03576_N",NA,0
"3412","P03602_C",1.4142135623731,2
"3413","P03602_E",6.36396103067893,9
"3414","P03602_N",3.74766594028871,5.30000000000001
"3415","P03603_C",3.53553390593274,5
"3416","P03603_E",1.62634559672907,2.30000000000001
"3417","P03603_N",2.61629509039022,3.69999999999999
"3418","P03604_C",14.8492424049175,21
"3419","P03604_E",4.03050865276331,5.69999999999999
"3420","P03604_N",0.707106781186548,1
"3421","P03606_C",9.89949493661167,14
"3422","P03606_E",17.3948268171891,24.6
"3423","P03606_N",2.61629509039022,3.69999999999999
"3424","P03608_C",9.61665222413706,13.6
"3425","P03608_E",28.0014285349873,39.6
"3426","P03608_N",4.24264068711928,6
"3427","P03610_C",2.82842712474619,4
"3428","P03610_E",1.20208152801712,1.69999999999999
"3429","P03610_N",6.15182899632295,8.69999999999999
"3430","P03612_C",10.6066017177982,15
"3431","P03612_E",7.49533188057742,10.6
"3432","P03612_N",12.7279220613579,18
"3433","P03614_C",1.4142135623731,2
"3434","P03614_E",0.494974746830575,0.699999999999989
"3435","P03614_N",0,0
"3436","P03615_C",2.12132034355964,3
"3437","P03615_E",7.07106781186548,10
"3438","P03615_N",7.77817459305202,11
"3439","P03618_C",NA,0
"3440","P03618_E",NA,0
"3441","P03618_N",NA,0
"3442","P03619_C",NA,0
"3443","P03619_E",NA,0
"3444","P03619_N",NA,0
"3445","P03620_C",NA,0
"3446","P03620_E",NA,0
"3447","P03620_N",NA,0
"3448","P03622_C",1.4142135623731,2
"3449","P03622_E",3.53553390593274,5
"3450","P03622_N",4.73761543394986,6.69999999999999
"3451","P03623_C",0.212132034355972,0.300000000000011
"3452","P03623_E",1.83847763108504,2.60000000000002
"3453","P03623_N",2.33345237791562,3.30000000000001
"3454","P03625_C",1.13137084989849,1.60000000000002
"3455","P03625_E",2.12132034355964,3
"3456","P03625_N",5.65685424949238,8
"3457","P03627_C",2.12132034355964,3
"3458","P03627_E",0,0
"3459","P03627_N",0.424264068711945,0.600000000000023
"3460","P03628_C",3.04055915910216,4.30000000000001
"3461","P03628_E",5.44472221513641,7.69999999999999
"3462","P03628_N",2.82842712474619,4
"3463","P03629_C",4.94974746830583,7
"3464","P03629_E",4.66690475583123,6.60000000000002
"3465","P03629_N",6.15182899632295,8.69999999999999
"3466","P03632_C",4.94974746830583,7
"3467","P03632_E",2.54558441227159,3.60000000000002
"3468","P03632_N",0,0
"3469","P03633_C",0.91923881554252,1.30000000000001
"3470","P03633_E",1.4142135623731,2
"3471","P03633_N",1.62634559672907,2.30000000000001
"3472","P03634_C",1.20208152801712,1.69999999999999
"3473","P03634_E",11.3137084989848,16
"3474","P03634_N",0.424264068711945,0.600000000000023
"3475","P03642_C",4.03050865276331,5.69999999999999
"3476","P03642_E",5.65685424949238,8
"3477","P03642_N",8.20243866176397,11.6
"3478","P03643_C",3.53553390593274,5
"3479","P03643_E",1.90918830920367,2.69999999999999
"3480","P03643_N",1.83847763108504,2.60000000000002
"3481","P03644_C",7.35391052434008,10.4
"3482","P03644_E",5.93969696196698,8.39999999999998
"3483","P03644_N",10.3944696834422,14.7
"3484","P03647_C",20.2939646200539,28.7
"3485","P03647_E",18.1019335983756,25.6
"3486","P03647_N",18.1019335983756,25.6
"3487","P03649_C",16.0513239329346,22.7
"3488","P03649_E",15.76848122046,22.3
"3489","P03649_N",17.6776695296637,25
"3490","P03650_C",8.98025612106914,12.7
"3491","P03650_E",2.82842712474619,4
"3492","P03650_N",4.24264068711928,6
"3493","P03652_C",0.707106781186548,1
"3494","P03652_E",1.90918830920367,2.69999999999999
"3495","P03652_N",5.1618795026618,7.30000000000001
"3496","P03653_C",0.91923881554252,1.30000000000001
"3497","P03653_E",2.82842712474619,4
"3498","P03653_N",0.494974746830575,0.699999999999989
"3499","P03655_C",6.36396103067893,9
"3500","P03655_E",10.8187337521542,15.3
"3501","P03655_N",13.4350288425444,19
"3502","P03656_C",19.7989898732233,28
"3503","P03656_E",21.708178182427,30.7
"3504","P03656_N",11.3137084989848,16
"3505","P03658_C",7.77817459305202,11
"3506","P03658_E",22.8395490323255,32.3
"3507","P03658_N",9.61665222413706,13.6
"3508","P03659_C",12.7279220613579,18
"3509","P03659_E",21.708178182427,30.7
"3510","P03659_N",10.3237590053236,14.6
"3511","P03661_C",3.25269119345813,4.60000000000002
"3512","P03661_E",14.8492424049175,21
"3513","P03661_N",9.68736290225569,13.7
"3514","P03663_C",8.98025612106914,12.7
"3515","P03663_E",11.0308657865102,15.6
"3516","P03663_N",6.5760930650349,9.30000000000001
"3517","P03664_C",7.07106781186548,10
"3518","P03664_E",0,0
"3519","P03664_N",14.142135623731,20
"3520","P03668_C",4.94974746830583,7
"3521","P03668_E",5.93969696196698,8.39999999999998
"3522","P03668_N",3.04055915910216,4.30000000000001
"3523","P03669_C",5.65685424949238,8
"3524","P03669_E",5.1618795026618,7.30000000000001
"3525","P03669_N",0.424264068711945,0.600000000000023
"3526","P03670_C",6.36396103067893,9
"3527","P03670_E",2.33345237791562,3.30000000000001
"3528","P03670_N",3.11126983722079,4.39999999999998
"3529","P03672_C",8.69741340859454,12.3
"3530","P03672_E",10.1823376490863,14.4
"3531","P03672_N",5.23259018078044,7.39999999999998
"3532","P03673_C",2.40416305603425,3.39999999999998
"3533","P03673_E",2.12132034355964,3
"3534","P03673_N",3.32340187157677,4.69999999999999
"3535","P03675_C",7.77817459305202,11
"3536","P03675_E",7.07106781186548,10
"3537","P03675_N",4.24264068711928,6
"3538","P03676_C",1.83847763108504,2.60000000000002
"3539","P03676_E",3.32340187157677,4.69999999999999
"3540","P03676_N",4.45477272147526,6.30000000000001
"3541","P03677_C",6.5760930650349,9.30000000000001
"3542","P03677_E",14.6371103705615,20.7
"3543","P03677_N",8.06101730552663,11.4
"3544","P03678_C",10.3944696834422,14.7
"3545","P03678_E",11.5258405333407,16.3
"3546","P03678_N",9.61665222413706,13.6
"3547","P03701_C",3.53553390593274,5
"3548","P03701_E",1.62634559672907,2.30000000000001
"3549","P03701_N",8.69741340859454,12.3
"3550","P03704_C",3.74766594028871,5.30000000000001
"3551","P03704_E",1.4142135623731,2
"3552","P03704_N",4.24264068711928,6
"3553","P03705_C",3.74766594028871,5.30000000000001
"3554","P03705_E",1.6970562748477,2.39999999999998
"3555","P03705_N",0.91923881554252,1.30000000000001
"3556","P03707_C",1.4142135623731,2
"3557","P03707_E",4.94974746830583,7
"3558","P03707_N",22.4152849636135,31.7
"3559","P03708_C",2.61629509039022,3.69999999999999
"3560","P03708_E",3.04055915910216,4.30000000000001
"3561","P03708_N",1.90918830920367,2.69999999999999
"3562","P03710_C",0.91923881554252,1.30000000000001
"3563","P03710_E",8.98025612106914,12.7
"3564","P03710_N",1.20208152801712,1.69999999999999
"3565","P03712_C",12.9400540957138,18.3
"3566","P03712_E",2.61629509039022,3.69999999999999
"3567","P03712_N",23.1223917448001,32.7
"3568","P03713_C",1.20208152801712,1.69999999999999
"3569","P03713_E",4.94974746830583,7
"3570","P03713_N",7.35391052434008,10.4
"3571","P03715_C",0.282842712474603,0.399999999999977
"3572","P03715_E",0.494974746830575,0.699999999999989
"3573","P03715_N",0.212132034355972,0.300000000000011
"3574","P03716_C",2.12132034355964,3
"3575","P03716_E",0,0
"3576","P03716_N",0.212132034355972,0.300000000000011
"3577","P03718_C",1.13137084989849,1.60000000000002
"3578","P03718_E",6.5760930650349,9.30000000000001
"3579","P03718_N",3.74766594028871,5.30000000000001
"3580","P03719_C",5.1618795026618,7.30000000000001
"3581","P03719_E",6.15182899632295,8.69999999999999
"3582","P03719_N",4.03050865276331,5.69999999999999
"3583","P03721_C",0.212132034355972,0.300000000000011
"3584","P03721_E",16.0513239329346,22.7
"3585","P03721_N",0.91923881554252,1.30000000000001
"3586","P03728_C",0.424264068711945,0.600000000000023
"3587","P03728_E",17.8898015640197,25.3
"3588","P03728_N",0.91923881554252,1.30000000000001
"3589","P03732_C",1.4142135623731,2
"3590","P03732_E",9.47523086789972,13.4
"3591","P03732_N",6.08111831820433,8.60000000000002
"3592","P03737_C",3.74766594028871,5.30000000000001
"3593","P03737_E",0.494974746830575,0.699999999999989
"3594","P03737_N",7.49533188057742,10.6
"3595","P03738_C",3.95979797464468,5.60000000000002
"3596","P03738_E",13.4350288425444,19
"3597","P03738_N",13.4350288425444,19
"3598","P03740_C",7.28319984622145,10.3
"3599","P03740_E",6.36396103067893,9
"3600","P03740_N",1.62634559672907,2.30000000000001
"3601","P03745_C",0.91923881554252,1.30000000000001
"3602","P03745_E",4.03050865276331,5.69999999999999
"3603","P03745_N",0.494974746830575,0.699999999999989
"3604","P03746_C",5.44472221513641,7.69999999999999
"3605","P03746_E",6.15182899632295,8.69999999999999
"3606","P03746_N",8.76812408671317,12.4
"3607","P03748_C",0.212132034355972,0.300000000000011
"3608","P03748_E",3.53553390593274,5
"3609","P03748_N",11.0308657865102,15.6
"3610","P03750_C",0.707106781186548,1
"3611","P03750_E",9.19238815542512,13
"3612","P03750_N",1.90918830920367,2.69999999999999
"3613","P03751_C",4.94974746830583,7
"3614","P03751_E",57.9827560572969,82
"3615","P03751_N",1.6970562748477,2.39999999999998
"3616","P03753_C",0.707106781186548,1
"3617","P03753_E",11.3137084989848,16
"3618","P03753_N",6.8589357775095,9.69999999999999
"3619","P03755_C",42.6385389055488,60.3
"3620","P03755_E",7.49533188057742,10.6
"3621","P03755_N",1.4142135623731,2
"3622","P03756_C",5.86898628384835,8.30000000000001
"3623","P03756_E",2.61629509039022,3.69999999999999
"3624","P03756_N",4.03050865276331,5.69999999999999
"3625","P03757_C",2.61629509039022,3.69999999999999
"3626","P03757_E",0.494974746830575,0.699999999999989
"3627","P03757_N",0.91923881554252,1.30000000000001
"3628","P03759_C",1.4142135623731,2
"3629","P03759_E",6.8589357775095,9.69999999999999
"3630","P03759_N",3.04055915910216,4.30000000000001
"3631","P03768_C",2.61629509039022,3.69999999999999
"3632","P03768_E",2.33345237791562,3.30000000000001
"3633","P03768_N",8.48528137423857,12
"3634","P03769_C",1.4142135623731,2
"3635","P03769_E",2.33345237791562,3.30000000000001
"3636","P03769_N",3.53553390593274,5
"3637","P03770_C",4.94974746830583,7
"3638","P03770_E",1.13137084989849,1.60000000000002
"3639","P03770_N",2.33345237791562,3.30000000000001
"3640","P03771_C",17.6776695296637,25
"3641","P03771_E",5.44472221513641,7.69999999999999
"3642","P03771_N",3.32340187157677,4.69999999999999
"3643","P03772_C",1.90918830920367,2.69999999999999
"3644","P03772_E",1.4142135623731,2
"3645","P03772_N",4.66690475583123,6.60000000000002
"3646","P03775_C",2.33345237791562,3.30000000000001
"3647","P03775_E",27.7892965006313,39.3
"3648","P03775_N",47.1640223051427,66.7
"3649","P03777_C",1.62634559672907,2.30000000000001
"3650","P03777_E",0.282842712474603,0.399999999999977
"3651","P03777_N",3.32340187157677,4.69999999999999
"3652","P03778_C",1.62634559672907,2.30000000000001
"3653","P03778_E",0.707106781186548,1
"3654","P03778_N",0.707106781186548,1
"3655","P03780_C",44.3355951803965,62.7
"3656","P03780_E",7.35391052434008,10.4
"3657","P03780_N",0.707106781186548,1
"3658","P03781_C",NA,0
"3659","P03781_E",NA,0
"3660","P03781_N",NA,0
"3661","P03782_C",NA,0
"3662","P03782_E",NA,0
"3663","P03782_N",NA,0
"3664","P03783_C",NA,0
"3665","P03783_E",NA,0
"3666","P03783_N",NA,0
"3667","P03784_C",NA,-Inf
"3668","P03784_E",NA,-Inf
"3669","P03784_N",NA,-Inf
"3670","P03785_C",NA,0
"3671","P03785_E",NA,0
"3672","P03785_N",NA,0
"3673","P03786_C",NA,0
"3674","P03786_E",NA,0
"3675","P03786_N",NA,0
"3676","P03787_C",NA,-Inf
"3677","P03787_E",NA,-Inf
"3678","P03787_N",NA,-Inf
"3679","P03788_C",NA,0
"3680","P03788_E",NA,0
"3681","P03788_N",NA,0
"3682","P03901_C",4.24264068711928,6
"3683","P03901_E",5.86898628384835,8.30000000000001
"3684","P03901_N",1.4142135623731,2
"3685","P03904_C",4.24264068711928,6
"3686","P03904_E",4.45477272147526,6.30000000000001
"3687","P03904_N",10.8894444302728,15.4
"3688","P03905_C",1.4142135623731,2
"3689","P03905_E",0.707106781186548,1
"3690","P03905_N",3.11126983722079,4.39999999999998
"3691","P03906_C",4.24264068711928,6
"3692","P03906_E",3.32340187157677,4.69999999999999
"3693","P03906_N",0.282842712474603,0.399999999999977
"3694","P03908_C",9.68736290225569,13.7
"3695","P03908_E",5.86898628384835,8.30000000000001
"3696","P03908_N",2.12132034355964,3
"3697","P03909_C",4.94974746830583,7
"3698","P03909_E",5.1618795026618,7.30000000000001
"3699","P03909_N",4.73761543394986,6.69999999999999
"3700","P03912_C",4.24264068711928,6
"3701","P03912_E",0.707106781186548,1
"3702","P03912_N",3.11126983722079,4.39999999999998
"3703","P03913_C",1.62634559672907,2.30000000000001
"3704","P03913_E",1.83847763108504,2.60000000000002
"3705","P03913_N",1.20208152801712,1.69999999999999
"3706","P03915_C",6.36396103067893,9
"3707","P03915_E",2.12132034355964,3
"3708","P03915_N",6.08111831820433,8.60000000000002
"3709","P03922_C",8.98025612106914,12.7
"3710","P03922_E",4.94974746830583,7
"3711","P03922_N",4.03050865276331,5.69999999999999
"3712","P03923_C",0.98994949366115,1.39999999999998
"3713","P03923_E",7.49533188057742,10.6
"3714","P03923_N",2.61629509039022,3.69999999999999
"3715","P03924_C",0.212132034355972,0.300000000000011
"3716","P03924_E",1.20208152801712,1.69999999999999
"3717","P03924_N",1.4142135623731,2
"3718","P03928_C",6.5760930650349,9.30000000000001
"3719","P03928_E",4.94974746830583,7
"3720","P03928_N",4.03050865276331,5.69999999999999
"3721","P03929_C",0.91923881554252,1.30000000000001
"3722","P03929_E",3.53553390593274,5
"3723","P03929_N",7.77817459305202,11
"3724","P03930_C",0.494974746830575,0.699999999999989
"3725","P03930_E",3.81837661840734,5.39999999999998
"3726","P03930_N",1.4142135623731,2
"3727","P03931_C",2.82842712474619,4
"3728","P03931_E",1.83847763108504,2.60000000000002
"3729","P03931_N",7.77817459305202,11
"3730","P03934_C",1.4142135623731,2
"3731","P03934_E",1.6970562748477,2.39999999999998
"3732","P03934_N",1.62634559672907,2.30000000000001
"3733","P03935_C",9.89949493661167,14
"3734","P03935_E",7.07106781186548,10
"3735","P03935_N",10.3237590053236,14.6
"3736","P03937_C",1.90918830920367,2.69999999999999
"3737","P03937_E",3.32340187157677,4.69999999999999
"3738","P03937_N",3.11126983722079,4.39999999999998
"3739","P03938_C",0.424264068711945,0.600000000000023
"3740","P03938_E",3.32340187157677,4.69999999999999
"3741","P03938_N",4.94974746830583,7
"3742","P03940_C",3.95979797464468,5.60000000000002
"3743","P03940_E",3.11126983722079,4.39999999999998
"3744","P03940_N",2.54558441227159,3.60000000000002
"3745","P03942_C",5.93969696196698,8.39999999999998
"3746","P03942_E",4.94974746830583,7
"3747","P03942_N",0.494974746830575,0.699999999999989
"3748","P03943_C",3.53553390593274,5
"3749","P03943_E",2.61629509039022,3.69999999999999
"3750","P03943_N",1.90918830920367,2.69999999999999
"3751","P03944_C",0.707106781186548,1
"3752","P03944_E",1.4142135623731,2
"3753","P03944_N",0.424264068711945,0.600000000000023
"3754","P03947_C",3.04055915910216,4.30000000000001
"3755","P03947_E",3.32340187157677,4.69999999999999
"3756","P03947_N",3.25269119345813,4.60000000000002
"3757","P03948_C",2.82842712474619,4
"3758","P03948_E",8.98025612106914,12.7
"3759","P03948_N",2.33345237791562,3.30000000000001
"3760","P03950_C",2.33345237791562,3.30000000000001
"3761","P03950_E",0.91923881554252,1.30000000000001
"3762","P03950_N",3.04055915910216,4.30000000000001
"3763","P03951_C",1.6970562748477,2.39999999999998
"3764","P03951_E",6.08111831820433,8.60000000000002
"3765","P03951_N",2.33345237791562,3.30000000000001
"3766","P03952_C",2.40416305603425,3.39999999999998
"3767","P03952_E",1.20208152801712,1.69999999999999
"3768","P03952_N",0.494974746830575,0.699999999999989
"3769","P03955_C",0,0
"3770","P03955_E",1.20208152801712,1.69999999999999
"3771","P03955_N",0.494974746830575,0.699999999999989
"3772","P03957_C",0.98994949366115,1.39999999999998
"3773","P03957_E",1.20208152801712,1.69999999999999
"3774","P03957_N",0.282842712474603,0.399999999999977
"3775","P03958_C",6.36396103067893,9
"3776","P03958_E",5.1618795026618,7.30000000000001
"3777","P03958_N",4.24264068711928,6
"3778","P03959_C",0.494974746830575,0.699999999999989
"3779","P03959_E",0.212132034355972,0.300000000000011
"3780","P03959_N",5.65685424949238,8
"3781","P03961_C",0.282842712474603,0.399999999999977
"3782","P03961_E",1.4142135623731,2
"3783","P03961_N",3.11126983722079,4.39999999999998
"3784","P03963_C",2.33345237791562,3.30000000000001
"3785","P03963_E",0.424264068711945,0.600000000000023
"3786","P03963_N",0.707106781186548,1
"3787","P03964_C",0.494974746830575,0.699999999999989
"3788","P03964_E",0.91923881554252,1.30000000000001
"3789","P03964_N",2.33345237791562,3.30000000000001
"3790","P03966_C",0,0
"3791","P03966_E",2.33345237791562,3.30000000000001
"3792","P03966_N",0.212132034355972,0.300000000000011
"3793","P03967_C",0.282842712474603,0.399999999999977
"3794","P03967_E",1.20208152801712,1.69999999999999
"3795","P03967_N",2.12132034355964,3
"3796","P03968_C",2.12132034355964,3
"3797","P03968_E",2.12132034355964,3
"3798","P03968_N",3.74766594028871,5.30000000000001
"3799","P03971_C",0.212132034355972,0.300000000000011
"3800","P03971_E",0.91923881554252,1.30000000000001
"3801","P03971_N",2.12132034355964,3
"3802","P03973_C",0.494974746830575,0.699999999999989
"3803","P03973_E",1.83847763108504,2.60000000000002
"3804","P03973_N",0.98994949366115,1.39999999999998
"3805","P03975_C",0.98994949366115,1.39999999999998
"3806","P03975_E",3.04055915910216,4.30000000000001
"3807","P03975_N",1.62634559672907,2.30000000000001
"3808","P03977_C",0.707106781186548,1
"3809","P03977_E",1.83847763108504,2.60000000000002
"3810","P03977_N",3.32340187157677,4.69999999999999
"3811","P03978_C",1.20208152801712,1.69999999999999
"3812","P03978_E",0,0
"3813","P03978_N",0.91923881554252,1.30000000000001
"3814","P03979_C",1.90918830920367,2.69999999999999
"3815","P03979_E",2.12132034355964,3
"3816","P03979_N",1.20208152801712,1.69999999999999
"3817","P04302_C",1.90918830920367,2.69999999999999
"3818","P04302_E",6.15182899632295,8.69999999999999
"3819","P04302_N",3.53553390593274,5
"3820","P04303_C",5.65685424949238,8
"3821","P04303_E",7.07106781186548,10
"3822","P04303_N",8.20243866176397,11.6
"3823","P04305_C",7.77817459305202,11
"3824","P04305_E",10.3944696834422,14.7
"3825","P04305_N",4.03050865276331,5.69999999999999
"3826","P04308_C",5.1618795026618,7.30000000000001
"3827","P04308_E",6.36396103067893,9
"3828","P04308_N",4.24264068711928,6
"3829","P04310_C",3.11126983722079,4.39999999999998
"3830","P04310_E",2.82842712474619,4
"3831","P04310_N",2.12132034355964,3
"3832","P04311_C",2.12132034355964,3
"3833","P04311_E",4.03050865276331,5.69999999999999
"3834","P04311_N",4.45477272147526,6.30000000000001
"3835","P04313_C",0.212132034355972,0.300000000000011
"3836","P04313_E",1.90918830920367,2.69999999999999
"3837","P04313_N",5.65685424949238,8
"3838","P04315_C",1.4142135623731,2
"3839","P04315_E",1.83847763108504,2.60000000000002
"3840","P04315_N",0,0
"3841","P04317_C",1.62634559672907,2.30000000000001
"3842","P04317_E",4.52548339959389,6.39999999999998
"3843","P04317_N",3.32340187157677,4.69999999999999
"3844","P04319_C",1.4142135623731,2
"3845","P04319_E",3.53553390593274,5
"3846","P04319_N",4.73761543394986,6.69999999999999
"3847","P04320_C",0.91923881554252,1.30000000000001
"3848","P04320_E",0.707106781186548,1
"3849","P04320_N",3.81837661840734,5.39999999999998
"3850","P04323_C",2.61629509039022,3.69999999999999
"3851","P04323_E",0.282842712474603,0.399999999999977
"3852","P04323_N",3.11126983722079,4.39999999999998
"3853","P04324_C",1.20208152801712,1.69999999999999
"3854","P04324_E",1.4142135623731,2
"3855","P04324_N",0.212132034355972,0.300000000000011
"3856","P04325_C",0.212132034355972,0.300000000000011
"3857","P04325_E",3.32340187157677,4.69999999999999
"3858","P04325_N",2.82842712474619,4
"3859","P04327_C",3.95979797464468,5.60000000000002
"3860","P04327_E",2.12132034355964,3
"3861","P04327_N",2.82842712474619,4
"3862","P04328_C",3.95979797464468,5.60000000000002
"3863","P04328_E",3.53553390593274,5
"3864","P04328_N",0.98994949366115,1.39999999999998
"3865","P04329_C",2.33345237791562,3.30000000000001
"3866","P04329_E",1.90918830920367,2.69999999999999
"3867","P04329_N",2.12132034355964,3
"3868","P04333_C",2.12132034355964,3
"3869","P04333_E",3.25269119345813,4.60000000000002
"3870","P04333_N",1.4142135623731,2
"3871","P04334_C",1.20208152801712,1.69999999999999
"3872","P04334_E",1.90918830920367,2.69999999999999
"3873","P04334_N",1.90918830920367,2.69999999999999
"3874","P04335_C",2.12132034355964,3
"3875","P04335_E",0.282842712474603,0.399999999999977
"3876","P04335_N",1.13137084989849,1.60000000000002
"3877","P04338_C",1.4142135623731,2
"3878","P04338_E",0.212132034355972,0.300000000000011
"3879","P04338_N",1.4142135623731,2
"3880","P04339_C",13.6471608769004,19.3
"3881","P04339_E",0,0
"3882","P04339_N",0.91923881554252,1.30000000000001
"3883","P04344_C",NA,0
"3884","P04344_E",NA,0
"3885","P04344_N",NA,0
"3886","P04345_C",1.20208152801712,1.69999999999999
"3887","P04345_E",0.707106781186548,1
"3888","P04345_N",0,0
"3889","P04348_C",3.53553390593274,5
"3890","P04348_E",2.12132034355964,3
"3891","P04348_N",4.94974746830583,7
"3892","P04349_C",0.707106781186548,1
"3893","P04349_E",2.61629509039022,3.69999999999999
"3894","P04349_N",0.282842712474603,0.399999999999977
"3895","P04350_C",NA,0
"3896","P04350_E",NA,0
"3897","P04350_N",NA,0
"3898","P04352_C",1.90918830920367,2.69999999999999
"3899","P04352_E",2.12132034355964,3
"3900","P04352_N",1.62634559672907,2.30000000000001
"3901","P04353_C",1.6970562748477,2.39999999999998
"3902","P04353_E",0.707106781186548,1
"3903","P04353_N",1.20208152801712,1.69999999999999
"3904","P04354_C",0.424264068711945,0.600000000000023
"3905","P04354_E",0.424264068711945,0.600000000000023
"3906","P04354_N",0.91923881554252,1.30000000000001
"3907","P04356_C",2.33345237791562,3.30000000000001
"3908","P04356_E",0.212132034355972,0.300000000000011
"3909","P04356_N",0.494974746830575,0.699999999999989
"3910","P04358_C",1.20208152801712,1.69999999999999
"3911","P04358_E",0.91923881554252,1.30000000000001
"3912","P04358_N",4.66690475583123,6.60000000000002
"3913","P04359_C",0.494974746830575,0.699999999999989
"3914","P04359_E",2.54558441227159,3.60000000000002
"3915","P04359_N",4.94974746830583,7
"3916","P04361_C",0.494974746830575,0.699999999999989
"3917","P04361_E",0.494974746830575,0.699999999999989
"3918","P04361_N",0.98994949366115,1.39999999999998
"3919","P04362_C",1.90918830920367,2.69999999999999
"3920","P04362_E",0.212132034355972,0.300000000000011
"3921","P04362_N",2.33345237791562,3.30000000000001
"3922","P04365_C",2.12132034355964,3
"3923","P04365_E",1.4142135623731,2
"3924","P04365_N",3.53553390593274,5
"3925","P04366_C",0.212132034355972,0.300000000000011
"3926","P04366_E",0.98994949366115,1.39999999999998
"3927","P04366_N",8.69741340859454,12.3
"3928","P04368_C",0.212132034355972,0.300000000000011
"3929","P04368_E",1.90918830920367,2.69999999999999
"3930","P04368_N",1.4142135623731,2
"3931","P04369_C",1.20208152801712,1.69999999999999
"3932","P04369_E",2.61629509039022,3.69999999999999
"3933","P04369_N",15.8391918985786,22.4
"3934","P04371_C",0,0
"3935","P04371_E",1.20208152801712,1.69999999999999
"3936","P04371_N",0.424264068711945,0.600000000000023
"3937","P04372_C",0,0
"3938","P04372_E",2.12132034355964,3
"3939","P04372_N",1.20208152801712,1.69999999999999
"3940","P04375_C",2.12132034355964,3
"3941","P04375_E",2.82842712474619,4
"3942","P04375_N",0.424264068711945,0.600000000000023
"3943","P04378_C",0.282842712474603,0.399999999999977
"3944","P04378_E",3.11126983722079,4.39999999999998
"3945","P04378_N",0,0
"3946","P04379_C",0.707106781186548,1
"3947","P04379_E",2.82842712474619,4
"3948","P04379_N",3.04055915910216,4.30000000000001
"3949","P04380_C",1.6970562748477,2.39999999999998
"3950","P04380_E",3.11126983722079,4.39999999999998
"3951","P04380_N",1.4142135623731,2
"3952","P04402_C",4.52548339959389,6.39999999999998
"3953","P04402_E",4.03050865276331,5.69999999999999
"3954","P04402_N",1.20208152801712,1.69999999999999
"3955","P04404_C",1.90918830920367,2.69999999999999
"3956","P04404_E",1.20208152801712,1.69999999999999
"3957","P04404_N",1.20208152801712,1.69999999999999
"3958","P04405_C",1.90918830920367,2.69999999999999
"3959","P04405_E",1.4142135623731,2
"3960","P04405_N",3.74766594028871,5.30000000000001
"3961","P04406_C",1.83847763108504,2.60000000000002
"3962","P04406_E",1.62634559672907,2.30000000000001
"3963","P04406_N",0.707106781186548,1
"3964","P04408_C",1.13137084989849,1.60000000000002
"3965","P04408_E",1.90918830920367,2.69999999999999
"3966","P04408_N",0.91923881554252,1.30000000000001
"3967","P04410_C",0.212132034355972,0.300000000000011
"3968","P04410_E",8.2731493398826,11.7
"3969","P04410_N",0.707106781186548,1
"3970","P04416_C",9.19238815542512,13
"3971","P04416_E",3.32340187157677,4.69999999999999
"3972","P04416_N",0.91923881554252,1.30000000000001
"3973","P04417_C",3.32340187157677,4.69999999999999
"3974","P04417_E",2.12132034355964,3
"3975","P04417_N",4.94974746830583,7
"3976","P04418_C",1.4142135623731,2
"3977","P04418_E",1.4142135623731,2
"3978","P04418_N",8.20243866176397,11.6
"3979","P04421_C",4.03050865276331,5.69999999999999
"3980","P04421_E",1.90918830920367,2.69999999999999
"3981","P04421_N",4.52548339959389,6.39999999999998
"3982","P04422_C",0.91923881554252,1.30000000000001
"3983","P04422_E",1.62634559672907,2.30000000000001
"3984","P04422_N",1.20208152801712,1.69999999999999
"3985","P04425_C",NA,0
"3986","P04425_E",NA,0
"3987","P04425_N",NA,0
"3988","P04426_C",2.82842712474619,4
"3989","P04426_E",3.04055915910216,4.30000000000001
"3990","P04426_N",1.20208152801712,1.69999999999999
"3991","P04427_C",4.24264068711928,6
"3992","P04427_E",0.212132034355972,0.300000000000011
"3993","P04427_N",3.53553390593274,5
"3994","P04428_C",NA,0
"3995","P04428_E",NA,0
"3996","P04428_N",NA,0
"3997","P04431_C",2.82842712474619,4
"3998","P04431_E",2.82842712474619,4
"3999","P04431_N",1.6970562748477,2.39999999999998
"4000","P04432_C",3.74766594028871,5.30000000000001
"4001","P04432_E",5.44472221513641,7.69999999999999
"4002","P04432_N",0.707106781186548,1
"4003","P04434_C",2.82842712474619,4
"4004","P04434_E",0.91923881554252,1.30000000000001
"4005","P04434_N",1.6970562748477,2.39999999999998
"4006","P04436_C",2.12132034355964,3
"4007","P04436_E",2.33345237791562,3.30000000000001
"4008","P04436_N",2.82842712474619,4
"4009","P04437_C",6.78822509939087,9.60000000000002
"4010","P04437_E",1.62634559672907,2.30000000000001
"4011","P04437_N",0.707106781186548,1
"4012","P04439_C",3.95979797464468,5.60000000000002
"4013","P04439_E",1.4142135623731,2
"4014","P04439_N",1.62634559672907,2.30000000000001
"4015","P04441_C",2.82842712474619,4
"4016","P04441_E",0.707106781186548,1
"4017","P04441_N",0.282842712474603,0.399999999999977
"4018","P04444_C",2.12132034355964,3
"4019","P04444_E",1.62634559672907,2.30000000000001
"4020","P04444_N",6.15182899632295,8.69999999999999
"4021","P04445_C",1.4142135623731,2
"4022","P04445_E",1.20208152801712,1.69999999999999
"4023","P04445_N",4.45477272147526,6.30000000000001
"4024","P04446_C",2.33345237791562,3.30000000000001
"4025","P04446_E",3.11126983722079,4.39999999999998
"4026","P04446_N",0.494974746830575,0.699999999999989
"4027","P04448_C",0.91923881554252,1.30000000000001
"4028","P04448_E",2.33345237791562,3.30000000000001
"4029","P04448_N",3.11126983722079,4.39999999999998
"4030","P04450_C",1.4142135623731,2
"4031","P04450_E",3.32340187157677,4.69999999999999
"4032","P04450_N",1.4142135623731,2
"4033","P04451_C",5.65685424949238,8
"4034","P04451_E",0.424264068711945,0.600000000000023
"4035","P04451_N",4.03050865276331,5.69999999999999
"4036","P04452_C",3.32340187157677,4.69999999999999
"4037","P04452_E",3.95979797464468,5.60000000000002
"4038","P04452_N",8.76812408671317,12.4
"4039","P04453_C",11.8086832458153,16.7
"4040","P04453_E",13.4350288425444,19
"4041","P04453_N",4.52548339959389,6.39999999999998
"4042","P04456_C",0.424264068711945,0.600000000000023
"4043","P04456_E",6.8589357775095,9.69999999999999
"4044","P04456_N",0.494974746830575,0.699999999999989
"4045","P04457_C",0.212132034355972,0.300000000000011
"4046","P04457_E",0.707106781186548,1
"4047","P04457_N",4.73761543394986,6.69999999999999
"4048","P04458_C",1.4142135623731,2
"4049","P04458_E",4.24264068711928,6
"4050","P04458_N",1.62634559672907,2.30000000000001
"4051","P04461_C",0.707106781186548,1
"4052","P04461_E",0.424264068711945,0.600000000000023
"4053","P04461_N",1.6970562748477,2.39999999999998
"4054","P04462_C",1.4142135623731,2
"4055","P04462_E",0,0
"4056","P04462_N",2.82842712474619,4
"4057","P04463_C",7.28319984622145,10.3
"4058","P04463_E",2.12132034355964,3
"4059","P04463_N",4.24264068711928,6
"4060","P04466_C",3.53553390593274,5
"4061","P04466_E",0.424264068711945,0.600000000000023
"4062","P04466_N",2.33345237791562,3.30000000000001
"4063","P04468_C",1.90918830920367,2.69999999999999
"4064","P04468_E",1.4142135623731,2
"4065","P04468_N",0.707106781186548,1
"4066","P04470_C",0.494974746830575,0.699999999999989
"4067","P04470_E",2.12132034355964,3
"4068","P04470_N",1.83847763108504,2.60000000000002
"4069","P04471_C",0.707106781186548,1
"4070","P04471_E",6.64680374315353,9.39999999999998
"4071","P04471_N",5.44472221513641,7.69999999999999
"4072","P04473_C",0,0
"4073","P04473_E",3.53553390593274,5
"4074","P04473_N",4.73761543394986,6.69999999999999
"4075","P04474_C",0.424264068711945,0.600000000000023
"4076","P04474_E",0.707106781186548,1
"4077","P04474_N",0.91923881554252,1.30000000000001
"4078","P04476_C",3.32340187157677,4.69999999999999
"4079","P04476_E",2.40416305603425,3.39999999999998
"4080","P04476_N",2.82842712474619,4
"4081","P04479_C",0,0
"4082","P04479_E",1.4142135623731,2
"4083","P04479_N",3.53553390593274,5
"4084","P04480_C",2.61629509039022,3.69999999999999
"4085","P04480_E",1.4142135623731,2
"4086","P04480_N",2.33345237791562,3.30000000000001
"4087","P04481_C",NA,0
"4088","P04481_E",NA,0
"4089","P04481_N",NA,0
"4090","P04501_C",4.03050865276331,5.69999999999999
"4091","P04501_E",1.6970562748477,2.39999999999998
"4092","P04501_N",3.53553390593274,5
"4093","P04503_C",0.424264068711945,0.600000000000023
"4094","P04503_E",1.62634559672907,2.30000000000001
"4095","P04503_N",1.90918830920367,2.69999999999999
"4096","P04505_C",0.707106781186548,1
"4097","P04505_E",2.61629509039022,3.69999999999999
"4098","P04505_N",6.36396103067893,9
"4099","P04506_C",4.52548339959389,6.39999999999998
"4100","P04506_E",4.73761543394986,6.69999999999999
"4101","P04506_N",4.45477272147526,6.30000000000001
"4102","P04507_C",2.33345237791562,3.30000000000001
"4103","P04507_E",1.4142135623731,2
"4104","P04507_N",4.03050865276331,5.69999999999999
"4105","P04510_C",2.40416305603425,3.39999999999998
"4106","P04510_E",0.707106781186548,1
"4107","P04510_N",0.707106781186548,1
"4108","P04513_C",10.6066017177982,15
"4109","P04513_E",3.53553390593274,5
"4110","P04513_N",6.5760930650349,9.30000000000001
"4111","P04514_C",1.4142135623731,2
"4112","P04514_E",1.4142135623731,2
"4113","P04514_N",3.32340187157677,4.69999999999999
"4114","P04515_C",3.74766594028871,5.30000000000001
"4115","P04515_E",3.32340187157677,4.69999999999999
"4116","P04515_N",4.24264068711928,6
"4117","P04516_C",4.45477272147526,6.30000000000001
"4118","P04516_E",2.12132034355964,3
"4119","P04516_N",4.94974746830583,7
"4120","P04517_C",0.212132034355972,0.300000000000011
"4121","P04517_E",11.8086832458153,16.7
"4122","P04517_N",11.3137084989848,16
"4123","P04518_C",7.07106781186548,10
"4124","P04518_E",9.68736290225569,13.7
"4125","P04518_N",1.4142135623731,2
"4126","P04521_C",0.707106781186548,1
"4127","P04521_E",0,0
"4128","P04521_N",0.98994949366115,1.39999999999998
"4129","P04524_C",11.5965512114594,16.4
"4130","P04524_E",4.45477272147526,6.30000000000001
"4131","P04524_N",6.8589357775095,9.69999999999999
"4132","P04525_C",2.40416305603425,3.39999999999998
"4133","P04525_E",15.76848122046,22.3
"4134","P04525_N",6.15182899632295,8.69999999999999
"4135","P04527_C",1.4142135623731,2
"4136","P04527_E",2.82842712474619,4
"4137","P04527_N",49.2853426487024,69.7
"4138","P04528_C",2.33345237791562,3.30000000000001
"4139","P04528_E",5.44472221513641,7.69999999999999
"4140","P04528_N",0.494974746830575,0.699999999999989
"4141","P04529_C",9.68736290225569,13.7
"4142","P04529_E",4.24264068711928,6
"4143","P04529_N",7.56604255869605,10.7
"4144","P04532_C",6.08111831820433,8.60000000000002
"4145","P04532_E",4.45477272147526,6.30000000000001
"4146","P04532_N",4.94974746830583,7
"4147","P04534_C",4.03050865276331,5.69999999999999
"4148","P04534_E",5.1618795026618,7.30000000000001
"4149","P04534_N",4.73761543394986,6.69999999999999
"4150","P04535_C",12.0208152801713,17
"4151","P04535_E",11.3137084989848,16
"4152","P04535_N",11.3137084989848,16
"4153","P04536_C",0.707106781186548,1
"4154","P04536_E",3.32340187157677,4.69999999999999
"4155","P04536_N",0.91923881554252,1.30000000000001
"4156","P04537_C",2.61629509039022,3.69999999999999
"4157","P04537_E",8.98025612106914,12.7
"4158","P04537_N",0,0
"4159","P04539_C",0.494974746830575,0.699999999999989
"4160","P04539_E",0.98994949366115,1.39999999999998
"4161","P04539_N",6.64680374315353,9.39999999999998
"4162","P04541_C",3.95979797464468,5.60000000000002
"4163","P04541_E",0.707106781186548,1
"4164","P04541_N",1.4142135623731,2
"4165","P04542_C",7.49533188057742,10.6
"4166","P04542_E",14.142135623731,20
"4167","P04542_N",25.2437120883597,35.7
"4168","P04545_C",14.142135623731,20
"4169","P04545_E",8.90954544295051,12.6
"4170","P04545_N",1.90918830920367,2.69999999999999
"4171","P04546_C",2.82842712474619,4
"4172","P04546_E",1.83847763108504,2.60000000000002
"4173","P04546_N",0.212132034355972,0.300000000000011
"4174","P04547_C",6.78822509939087,9.60000000000002
"4175","P04547_E",0,0
"4176","P04547_N",6.08111831820433,8.60000000000002
"4177","P04550_C",5.65685424949238,8
"4178","P04550_E",1.20208152801712,1.69999999999999
"4179","P04550_N",6.36396103067893,9
"4180","P04552_C",0,0
"4181","P04552_E",3.74766594028871,5.30000000000001
"4182","P04552_N",0.91923881554252,1.30000000000001
"4183","P04553_C",0.424264068711945,0.600000000000023
"4184","P04553_E",3.32340187157677,4.69999999999999
"4185","P04553_N",1.83847763108504,2.60000000000002
"4186","P04555_C",4.94974746830583,7
"4187","P04555_E",0.282842712474603,0.399999999999977
"4188","P04555_N",12.7279220613579,18
"4189","P04560_C",2.54558441227159,3.60000000000002
"4190","P04560_E",17.3948268171891,24.6
"4191","P04560_N",4.66690475583123,6.60000000000002
"4192","P04581_C",NA,0
"4193","P04581_E",NA,0
"4194","P04581_N",NA,0
"4195","P04582_C",NA,0
"4196","P04582_E",NA,0
"4197","P04582_N",NA,0
"4198","P04583_C",NA,0
"4199","P04583_E",NA,0
"4200","P04583_N",NA,0
"4201","P04584_C",NA,0
"4202","P04584_E",NA,0
"4203","P04584_N",NA,0
"4204","P04585_C",NA,0
"4205","P04585_E",NA,0
"4206","P04585_N",NA,0
"4207","P04586_C",NA,0
"4208","P04586_E",NA,0
"4209","P04586_N",NA,0
"4210","P04587_C",NA,0
"4211","P04587_E",NA,0
"4212","P04587_N",NA,0
"4213","P04588_C",NA,0
"4214","P04588_E",NA,0
"4215","P04588_N",NA,0
"4216","P04589_C",NA,0
"4217","P04589_E",NA,0
"4218","P04589_N",NA,0
"4219","P04590_C",NA,0
"4220","P04590_E",NA,0
"4221","P04590_N",NA,0
"4222","P04591_C",NA,0
"4223","P04591_E",NA,0
"4224","P04591_N",NA,0
"4225","P04702_C",NA,-Inf
"4226","P04702_E",NA,-Inf
"4227","P04702_N",NA,-Inf
"4228","P04703_C",NA,-Inf
"4229","P04703_E",NA,-Inf
"4230","P04703_N",NA,-Inf
"4231","P04704_C",NA,-Inf
"4232","P04704_E",NA,-Inf
"4233","P04704_N",NA,-Inf
"4234","P04707_C",0.494974746830575,0.699999999999989
"4235","P04707_E",2.61629509039022,3.69999999999999
"4236","P04707_N",2.82842712474619,4
"4237","P04711_C",20.5060966544099,29
"4238","P04711_E",12.9400540957138,18.3
"4239","P04711_N",21.2132034355964,30
"4240","P04714_C",20.2939646200539,28.7
"4241","P04714_E",19.7989898732233,28
"4242","P04714_N",22.8395490323255,32.3
"4243","P04715_C",21.496046148071,30.4
"4244","P04715_E",23.758787847868,33.6
"4245","P04715_N",24.0416305603426,34
"4246","P04716_C",2.82842712474619,4
"4247","P04716_E",10.6066017177982,15
"4248","P04716_N",3.04055915910216,4.30000000000001
"4249","P04717_C",7.77817459305202,11
"4250","P04717_E",8.48528137423857,12
"4251","P04717_N",9.19238815542512,13
"4252","P04720_C",2.33345237791562,3.30000000000001
"4253","P04720_E",4.03050865276331,5.69999999999999
"4254","P04720_N",7.07106781186548,10
"4255","P04722_C",NA,-Inf
"4256","P04722_E",NA,-Inf
"4257","P04722_N",NA,-Inf
"4258","P04723_C",NA,-Inf
"4259","P04723_E",NA,-Inf
"4260","P04723_N",NA,-Inf
"4261","P04724_C",NA,-Inf
"4262","P04724_E",NA,-Inf
"4263","P04724_N",NA,-Inf
"4264","P04731_C",3.11126983722079,4.39999999999998
"4265","P04731_E",1.4142135623731,2
"4266","P04731_N",0.98994949366115,1.39999999999998
"4267","P04732_C",3.95979797464468,5.60000000000002
"4268","P04732_E",4.03050865276331,5.69999999999999
"4269","P04732_N",7.77817459305202,11
"4270","P04735_C",6.08111831820433,8.60000000000002
"4271","P04735_E",2.61629509039022,3.69999999999999
"4272","P04735_N",5.1618795026618,7.30000000000001
"4273","P04737_C",19.0918830920368,27
"4274","P04737_E",12.7279220613579,18
"4275","P04737_N",16.0513239329346,22.7
"4276","P04739_C",24.0416305603426,34
"4277","P04739_E",22.3445742854949,31.6
"4278","P04739_N",23.1223917448001,32.7
"4279","P04740_C",23.8294985259866,33.7
"4280","P04740_E",19.3040151263928,27.3
"4281","P04740_N",26.3750829382582,37.3
"4282","P04746_C",9.89949493661167,14
"4283","P04746_E",3.53553390593274,5
"4284","P04746_N",0.494974746830575,0.699999999999989
"4285","P04747_C",2.33345237791562,3.30000000000001
"4286","P04747_E",2.12132034355964,3
"4287","P04747_N",2.61629509039022,3.69999999999999
"4288","P04748_C",2.12132034355964,3
"4289","P04748_E",2.12132034355964,3
"4290","P04748_N",9.40452018978109,13.3
"4291","P04752_C",13.2228968081884,18.7
"4292","P04752_E",6.36396103067893,9
"4293","P04752_N",4.03050865276331,5.69999999999999
"4294","P04753_C",0.91923881554252,1.30000000000001
"4295","P04753_E",1.4142135623731,2
"4296","P04753_N",12.0208152801713,17
"4297","P04754_C",5.86898628384835,8.30000000000001
"4298","P04754_E",2.40416305603425,3.39999999999998
"4299","P04754_N",6.78822509939087,9.60000000000002
"4300","P04756_C",12.0208152801713,17
"4301","P04756_E",15.3442171517481,21.7
"4302","P04756_N",7.77817459305202,11
"4303","P04757_C",12.9400540957138,18.3
"4304","P04757_E",13.1521861300698,18.6
"4305","P04757_N",14.3542676580869,20.3
"4306","P04759_C",12.4450793488833,17.6
"4307","P04759_E",6.64680374315353,9.39999999999998
"4308","P04759_N",13.2228968081884,18.7
"4309","P04761_C",NA,-Inf
"4310","P04761_E",NA,-Inf
"4311","P04761_N",NA,-Inf
"4312","P04764_C",NA,-Inf
"4313","P04764_E",NA,-Inf
"4314","P04764_N",NA,-Inf
"4315","P04765_C",2.82842712474619,4
"4316","P04765_E",NA,-Inf
"4317","P04765_N",NA,0
"4318","P04766_C",3.32340187157677,4.69999999999999
"4319","P04766_E",13.4350288425444,19
"4320","P04766_N",2.12132034355964,3
"4321","P04767_C",5.65685424949238,8
"4322","P04767_E",0.494974746830575,0.699999999999989
"4323","P04767_N",5.1618795026618,7.30000000000001
"4324","P04770_C",NA,0
"4325","P04770_E",NA,0
"4326","P04770_N",NA,0
"4327","P04772_C",4.94974746830583,7
"4328","P04772_E",8.20243866176397,11.6
"4329","P04772_N",5.86898628384835,8.30000000000001
"4330","P04773_C",1.4142135623731,2
"4331","P04773_E",4.66690475583123,6.60000000000002
"4332","P04773_N",3.81837661840734,5.39999999999998
"4333","P04774_C",8.20243866176397,11.6
"4334","P04774_E",7.07106781186548,10
"4335","P04774_N",7.77817459305202,11
"4336","P04777_C",8.2731493398826,11.7
"4337","P04777_E",5.44472221513641,7.69999999999999
"4338","P04777_N",10.1116269709676,14.3
"4339","P04778_C",3.53553390593274,5
"4340","P04778_E",9.47523086789972,13.4
"4341","P04778_N",10.1823376490863,14.4
"4342","P04780_C",1.6970562748477,2.39999999999998
"4343","P04780_E",8.2731493398826,11.7
"4344","P04780_N",6.36396103067893,9
"4345","P04781_C",NA,0
"4346","P04781_E",NA,0
"4347","P04781_N",NA,0
"4348","P04782_C",NA,0
"4349","P04782_E",NA,0
"4350","P04782_N",NA,0
"4351","P04783_C",NA,0
"4352","P04783_E",NA,0
"4353","P04783_N",NA,0
"4354","P04784_C",NA,0
"4355","P04784_E",NA,0
"4356","P04784_N",NA,0
"4357","P04786_C",NA,0
"4358","P04786_E",NA,0
"4359","P04786_N",NA,0
"4360","P05001_C",0,0
"4361","P05001_E",0.989949493661171,1.40000000000001
"4362","P05001_N",3.95979797464466,5.59999999999999
"4363","P05002_C",0.494974746830585,0.700000000000003
"4364","P05002_E",1.13137084989847,1.59999999999999
"4365","P05002_N",0.494974746830585,0.700000000000003
"4366","P05003_C",0.424264068711924,0.599999999999994
"4367","P05003_E",0,0
"4368","P05003_N",1.83847763108502,2.59999999999999
"4369","P05004_C",0,0
"4370","P05004_E",0.91923881554251,1.3
"4371","P05004_N",0.212132034355962,0.299999999999997
"4372","P05005_C",1.62634559672906,2.3
"4373","P05005_E",5.65685424949238,8
"4374","P05005_N",0.212132034355962,0.299999999999997
"4375","P05006_C",0.91923881554251,1.3
"4376","P05006_E",0.212132034355962,0.299999999999997
"4377","P05006_N",4.66690475583122,6.60000000000001
"4378","P05007_C",2.61629509039022,3.69999999999999
"4379","P05007_E",6.36396103067893,9
"4380","P05007_N",5.44472221513641,7.69999999999999
"4381","P05008_C",2.82842712474619,4
"4382","P05008_E",0.494974746830585,0.700000000000003
"4383","P05008_N",0.989949493661171,1.40000000000001
"4384","P05009_C",0.707106781186548,1
"4385","P05009_E",4.24264068711928,6
"4386","P05009_N",2.61629509039023,3.7
"4387","P05012_C",0.707106781186548,1
"4388","P05012_E",1.4142135623731,2
"4389","P05012_N",0.494974746830585,0.700000000000003
"4390","P05018_C",1.13137084989847,1.59999999999999
"4391","P05018_E",1.62634559672906,2.3
"4392","P05018_N",1.90918830920368,2.7
"4393","P05024_C",1.13137084989847,1.59999999999999
"4394","P05024_E",4.24264068711928,6
"4395","P05024_N",6.36396103067893,9
"4396","P05025_C",0.989949493661171,1.40000000000001
"4397","P05025_E",2.33345237791562,3.30000000000001
"4398","P05025_N",0.282842712474623,0.400000000000006
"4399","P05026_C",9.40452018978108,13.3
"4400","P05026_E",2.12132034355964,3
"4401","P05026_N",5.65685424949238,8
"4402","P05027_C",2.54558441227157,3.59999999999999
"4403","P05027_E",3.81837661840736,5.40000000000001
"4404","P05027_N",7.77817459305202,11
"4405","P05028_C",6.15182899632297,8.7
"4406","P05028_E",1.62634559672906,2.3
"4407","P05028_N",3.95979797464466,5.59999999999999
"4408","P05030_C",0.494974746830585,0.700000000000003
"4409","P05030_E",4.24264068711928,6
"4410","P05030_N",0.91923881554251,1.3
"4411","P05033_C",0.91923881554251,1.3
"4412","P05033_E",0.212132034355972,0.300000000000011
"4413","P05033_N",2.3334523779156,3.3
"4414","P05034_C",3.04055915910215,4.3
"4415","P05034_E",9.61665222413704,13.6
"4416","P05034_N",3.53553390593274,5
"4417","P05036_C",0.707106781186548,1
"4418","P05036_E",2.12132034355964,3
"4419","P05036_N",2.61629509039023,3.7
"4420","P05037_C",3.04055915910215,4.3
"4421","P05037_E",0.494974746830585,0.700000000000003
"4422","P05037_N",0.494974746830585,0.700000000000003
"4423","P05040_C",1.62634559672907,2.30000000000001
"4424","P05040_E",3.53553390593274,5
"4425","P05040_N",2.82842712474619,4
"4426","P05041_C",4.94974746830583,7
"4427","P05041_E",4.24264068711928,6
"4428","P05041_N",6.57609306503489,9.3
"4429","P05042_C",1.20208152801712,1.69999999999999
"4430","P05042_E",1.90918830920368,2.7
"4431","P05042_N",5.44472221513642,7.7
"4432","P05044_C",7.28319984622144,10.3
"4433","P05044_E",1.13137084989847,1.59999999999999
"4434","P05044_N",1.62634559672906,2.3
"4435","P05045_C",7.56604255869606,10.7
"4436","P05045_E",2.61629509039023,3.7
"4437","P05045_N",4.24264068711928,6
"4438","P05046_C",1.83847763108502,2.59999999999999
"4439","P05046_E",1.83847763108502,2.59999999999999
"4440","P05046_N",1.20208152801713,1.7
"4441","P05047_C",3.32340187157677,4.69999999999999
"4442","P05047_E",6.36396103067893,9
"4443","P05047_N",5.65685424949238,8
"4444","P05048_C",5.65685424949238,8
"4445","P05048_E",2.82842712474619,4
"4446","P05048_N",1.83847763108502,2.59999999999999
"4447","P05049_C",4.24264068711928,6
"4448","P05049_E",2.3334523779156,3.3
"4449","P05049_N",2.54558441227157,3.59999999999999
"4450","P05050_C",0.989949493661171,1.40000000000001
"4451","P05050_E",1.4142135623731,2
"4452","P05050_N",2.3334523779156,3.3
"4453","P05052_C",3.7476659402887,5.3
"4454","P05052_E",1.62634559672906,2.3
"4455","P05052_N",3.53553390593274,5
"4456","P05053_C",6.15182899632297,8.7
"4457","P05053_E",0.494974746830585,0.700000000000003
"4458","P05053_N",0.989949493661171,1.40000000000001
"4459","P05058_C",0.91923881554251,1.3
"4460","P05058_E",1.4142135623731,2
"4461","P05058_N",9.89949493661167,14
"4462","P05059_C",8.98025612106914,12.7
"4463","P05059_E",1.13137084989847,1.59999999999999
"4464","P05059_N",2.82842712474619,4
"4465","P05063_C",0.424264068711924,0.599999999999994
"4466","P05063_E",2.12132034355964,3
"4467","P05063_N",1.20208152801713,1.7
"4468","P05067_C",3.25269119345812,4.60000000000001
"4469","P05067_E",3.32340187157678,4.7
"4470","P05067_N",3.32340187157677,4.69999999999999
"4471","P05068_C",3.32340187157677,4.69999999999999
"4472","P05068_E",4.66690475583121,6.59999999999999
"4473","P05068_N",1.4142135623731,2
"4474","P05071_C",0.91923881554251,1.3
"4475","P05071_E",2.61629509039023,3.7
"4476","P05071_N",0.212132034355962,0.299999999999997
"4477","P05072_C",2.40416305603427,3.40000000000001
"4478","P05072_E",1.20208152801713,1.7
"4479","P05072_N",4.94974746830583,7
"4480","P05074_C",2.54558441227157,3.59999999999999
"4481","P05074_E",2.82842712474619,4
"4482","P05074_N",3.04055915910215,4.3
"4483","P05076_C",3.81837661840734,5.39999999999998
"4484","P05076_E",3.32340187157677,4.69999999999999
"4485","P05076_N",2.61629509039022,3.69999999999999
"4486","P05078_C",0.989949493661171,1.40000000000001
"4487","P05078_E",2.12132034355964,3
"4488","P05078_N",0.91923881554251,1.3
"4489","P05079_C",1.20208152801713,1.7
"4490","P05079_E",3.04055915910215,4.3
"4491","P05079_N",3.32340187157677,4.69999999999999
"4492","P05080_C",4.5254833995939,6.39999999999999
"4493","P05080_E",1.83847763108502,2.59999999999999
"4494","P05080_N",8.69741340859454,12.3
"4495","P05101_C",3.11126983722079,4.39999999999998
"4496","P05101_E",11.1015764646288,15.7
"4497","P05101_N",4.66690475583123,6.60000000000002
"4498","P05104_C",4.24264068711928,6
"4499","P05104_E",1.83847763108504,2.60000000000002
"4500","P05104_N",1.13137084989849,1.60000000000002
"4501","P05105_C",3.53553390593274,5
"4502","P05105_E",3.04055915910216,4.30000000000001
"4503","P05105_N",2.33345237791562,3.30000000000001
"4504","P05106_C",4.24264068711928,6
"4505","P05106_E",3.04055915910216,4.30000000000001
"4506","P05106_N",0.494974746830575,0.699999999999989
"4507","P05110_C",2.54558441227159,3.60000000000002
"4508","P05110_E",4.03050865276331,5.69999999999999
"4509","P05110_N",0.91923881554252,1.30000000000001
"4510","P05111_C",0.707106781186548,1
"4511","P05111_E",0.494974746830575,0.699999999999989
"4512","P05111_N",3.32340187157677,4.69999999999999
"4513","P05112_C",1.13137084989849,1.60000000000002
"4514","P05112_E",1.4142135623731,2
"4515","P05112_N",1.90918830920367,2.69999999999999
"4516","P05114_C",3.53553390593274,5
"4517","P05114_E",0,0
"4518","P05114_N",3.04055915910216,4.30000000000001
"4519","P05115_C",2.82842712474619,4
"4520","P05115_E",3.53553390593274,5
"4521","P05115_N",2.12132034355964,3
"4522","P05116_C",2.40416305603425,3.39999999999998
"4523","P05116_E",2.61629509039022,3.69999999999999
"4524","P05116_N",3.53553390593274,5
"4525","P05117_C",1.62634559672907,2.30000000000001
"4526","P05117_E",1.13137084989849,1.60000000000002
"4527","P05117_N",3.81837661840734,5.39999999999998
"4528","P05120_C",0.98994949366115,1.39999999999998
"4529","P05120_E",6.36396103067893,9
"4530","P05120_N",3.53553390593274,5
"4531","P05123_C",2.40416305603425,3.39999999999998
"4532","P05123_E",3.53553390593274,5
"4533","P05123_N",3.04055915910216,4.30000000000001
"4534","P05126_C",0.212132034355972,0.300000000000011
"4535","P05126_E",1.62634559672907,2.30000000000001
"4536","P05126_N",1.90918830920367,2.69999999999999
"4537","P05127_C",2.54558441227159,3.60000000000002
"4538","P05127_E",0.494974746830575,0.699999999999989
"4539","P05127_N",0.707106781186548,1
"4540","P05128_C",8.48528137423857,12
"4541","P05128_E",0.91923881554252,1.30000000000001
"4542","P05128_N",1.20208152801712,1.69999999999999
"4543","P05130_C",4.24264068711928,6
"4544","P05130_E",0.707106781186548,1
"4545","P05130_N",3.04055915910216,4.30000000000001
"4546","P05131_C",2.82842712474619,4
"4547","P05131_E",4.03050865276331,5.69999999999999
"4548","P05131_N",3.74766594028871,5.30000000000001
"4549","P05132_C",2.61629509039022,3.69999999999999
"4550","P05132_E",4.94974746830583,7
"4551","P05132_N",4.52548339959389,6.39999999999998
"4552","P05133_C",1.4142135623731,2
"4553","P05133_E",0.212132034355972,0.300000000000011
"4554","P05133_N",0.212132034355972,0.300000000000011
"4555","P05134_C",1.6970562748477,2.39999999999998
"4556","P05134_E",0.494974746830575,0.699999999999989
"4557","P05134_N",0,0
"4558","P05135_C",1.20208152801712,1.69999999999999
"4559","P05135_E",0.494974746830575,0.699999999999989
"4560","P05135_N",0.424264068711945,0.600000000000023
"4561","P05136_C",2.54558441227159,3.60000000000002
"4562","P05136_E",1.62634559672907,2.30000000000001
"4563","P05136_N",5.23259018078044,7.39999999999998
"4564","P05137_C",9.68736290225569,13.7
"4565","P05137_E",1.4142135623731,2
"4566","P05137_N",0.494974746830575,0.699999999999989
"4567","P05138_C",1.20208152801712,1.69999999999999
"4568","P05138_E",NA,0
"4569","P05138_N",0.494974746830575,0.699999999999989
"4570","P05139_C",0.98994949366115,1.39999999999998
"4571","P05139_E",0.494974746830575,0.699999999999989
"4572","P05139_N",0.212132034355972,0.300000000000011
"4573","P05140_C",1.62634559672907,2.30000000000001
"4574","P05140_E",3.04055915910216,4.30000000000001
"4575","P05140_N",4.03050865276331,5.69999999999999
"4576","P05143_C",0.707106781186548,1
"4577","P05143_E",0.282842712474603,0.399999999999977
"4578","P05143_N",3.53553390593274,5
"4579","P05144_C",1.13137084989849,1.60000000000002
"4580","P05144_E",0.707106781186548,1
"4581","P05144_N",2.82842712474619,4
"4582","P05147_C",7.35391052434008,10.4
"4583","P05147_E",4.24264068711928,6
"4584","P05147_N",0.494974746830575,0.699999999999989
"4585","P05148_C",2.33345237791562,3.30000000000001
"4586","P05148_E",2.33345237791562,3.30000000000001
"4587","P05148_N",2.33345237791562,3.30000000000001
"4588","P05149_C",1.20208152801712,1.69999999999999
"4589","P05149_E",1.4142135623731,2
"4590","P05149_N",4.03050865276331,5.69999999999999
"4591","P05150_C",0,0
"4592","P05150_E",1.4142135623731,2
"4593","P05150_N",2.12132034355964,3
"4594","P05151_C",2.12132034355964,3
"4595","P05151_E",4.45477272147526,6.30000000000001
"4596","P05151_N",3.53553390593274,5
"4597","P05152_C",1.20208152801712,1.69999999999999
"4598","P05152_E",0.707106781186548,1
"4599","P05152_N",4.03050865276331,5.69999999999999
"4600","P05153_C",1.20208152801712,1.69999999999999
"4601","P05153_E",2.12132034355964,3
"4602","P05153_N",1.20208152801712,1.69999999999999
"4603","P05154_C",0.494974746830575,0.699999999999989
"4604","P05154_E",1.20208152801712,1.69999999999999
"4605","P05154_N",0.424264068711945,0.600000000000023
"4606","P05155_C",0.212132034355972,0.300000000000011
"4607","P05155_E",2.54558441227159,3.60000000000002
"4608","P05155_N",0.212132034355972,0.300000000000011
"4609","P05156_C",2.12132034355964,3
"4610","P05156_E",1.20208152801712,1.69999999999999
"4611","P05156_N",0.494974746830575,0.699999999999989
"4612","P05158_C",1.4142135623731,2
"4613","P05158_E",2.12132034355964,3
"4614","P05158_N",1.62634559672907,2.30000000000001
"4615","P05160_C",0.424264068711945,0.600000000000023
"4616","P05160_E",0.494974746830575,0.699999999999989
"4617","P05160_N",4.03050865276331,5.69999999999999
"4618","P05161_C",1.13137084989849,1.60000000000002
"4619","P05161_E",3.11126983722079,4.39999999999998
"4620","P05161_N",0,0
"4621","P05162_C",7.07106781186548,10
"4622","P05162_E",0.707106781186548,1
"4623","P05162_N",3.95979797464468,5.60000000000002
"4624","P05164_C",3.11126983722079,4.39999999999998
"4625","P05164_E",2.82842712474619,4
"4626","P05164_N",1.6970562748477,2.39999999999998
"4627","P05165_C",1.62634559672907,2.30000000000001
"4628","P05165_E",1.90918830920367,2.69999999999999
"4629","P05165_N",2.33345237791562,3.30000000000001
"4630","P05201_C",20.2939646200539,28.7
"4631","P05201_E",22.6274169979695,32
"4632","P05201_N",4.45477272147526,6.30000000000001
"4633","P05202_C",4.24264068711928,6
"4634","P05202_E",18.1019335983756,25.6
"4635","P05202_N",1.90918830920367,2.69999999999999
"4636","P05203_C",4.52548339959389,6.39999999999998
"4637","P05203_E",1.90918830920367,2.69999999999999
"4638","P05203_N",2.61629509039022,3.69999999999999
"4639","P05204_C",5.86898628384835,8.30000000000001
"4640","P05204_E",11.3137084989848,16
"4641","P05204_N",19.3040151263928,27.3
"4642","P05207_C",2.12132034355964,3
"4643","P05207_E",11.3137084989848,16
"4644","P05207_N",0.282842712474603,0.399999999999977
"4645","P05209_C",37.476659402887,53
"4646","P05209_E",2.82842712474619,4
"4647","P05209_N",2.33345237791562,3.30000000000001
"4648","P05210_C",17.2534054609517,24.4
"4649","P05210_E",3.74766594028871,5.30000000000001
"4650","P05210_N",13.930003589375,19.7
"4651","P05211_C",5.65685424949238,8
"4652","P05211_E",1.4142135623731,2
"4653","P05211_N",0.91923881554252,1.30000000000001
"4654","P05212_C",25.1730014102411,35.6
"4655","P05212_E",17.6776695296637,25
"4656","P05212_N",21.2132034355964,30
"4657","P05213_C",4.73761543394986,6.69999999999999
"4658","P05213_E",NA,0
"4659","P05213_N",9.19238815542512,13
"4660","P05215_C",20.2939646200539,28.7
"4661","P05215_E",3.81837661840734,5.39999999999998
"4662","P05215_N",5.65685424949238,8
"4663","P05216_C",6.64680374315353,9.39999999999998
"4664","P05216_E",16.7584307141212,23.7
"4665","P05216_N",16.9705627484771,24
"4666","P05219_C",28.9913780286484,41
"4667","P05219_E",12.4450793488833,17.6
"4668","P05219_N",16.0513239329346,22.7
"4669","P05220_C",21.0010714012405,29.7
"4670","P05220_E",9.40452018978109,13.3
"4671","P05220_N",51.618795026618,73
"4672","P05223_C",0.91923881554252,1.30000000000001
"4673","P05223_E",49.7096067174143,70.3
"4674","P05223_N",44.7598592491085,63.3
"4675","P05224_C",11.3137084989848,16
"4676","P05224_E",3.95979797464468,5.60000000000002
"4677","P05224_N",4.03050865276331,5.69999999999999
"4678","P05228_C",8.2731493398826,11.7
"4679","P05228_E",5.65685424949238,8
"4680","P05228_N",4.03050865276331,5.69999999999999
"4681","P05229_C",2.12132034355964,3
"4682","P05229_E",0.707106781186548,1
"4683","P05229_N",0.494974746830575,0.699999999999989
"4684","P05231_C",6.5760930650349,9.30000000000001
"4685","P05231_E",2.33345237791562,3.30000000000001
"4686","P05231_N",7.56604255869605,10.7
"4687","P05232_C",26.1629509039023,37
"4688","P05232_E",4.52548339959389,6.39999999999998
"4689","P05232_N",1.62634559672907,2.30000000000001
"4690","P05233_C",4.66690475583123,6.60000000000002
"4691","P05233_E",0,0
"4692","P05233_N",13.8592929112563,19.6
"4693","P05235_C",NA,-Inf
"4694","P05235_E",6.8589357775095,9.69999999999999
"4695","P05235_N",NA,-Inf
"4696","P05241_C",18.1726442764943,25.7
"4697","P05241_E",48.5782358675158,68.7
"4698","P05241_N",10.1116269709676,14.3
"4699","P05242_C",0.282842712474603,0.399999999999977
"4700","P05242_E",9.61665222413706,13.6
"4701","P05242_N",0.707106781186548,1
"4702","P05243_C",36.3452885529885,51.4
"4703","P05243_E",2.12132034355964,3
"4704","P05243_N",9.68736290225569,13.7
"4705","P05245_C",9.89949493661167,14
"4706","P05245_E",8.98025612106914,12.7
"4707","P05245_N",9.89949493661167,14
"4708","P05246_C",1.20208152801712,1.69999999999999
"4709","P05246_E",6.36396103067893,9
"4710","P05246_N",7.07106781186548,10
"4711","P05247_C",9.40452018978109,13.3
"4712","P05247_E",0.494974746830575,0.699999999999989
"4713","P05247_N",37.1938166904124,52.6
"4714","P05249_C",15.76848122046,22.3
"4715","P05249_E",7.28319984622145,10.3
"4716","P05249_N",0.707106781186548,1
"4717","P05250_C",3.74766594028871,5.30000000000001
"4718","P05250_E",3.74766594028871,5.30000000000001
"4719","P05250_N",4.94974746830583,7
"4720","P05251_C",2.12132034355964,3
"4721","P05251_E",4.03050865276331,5.69999999999999
"4722","P05251_N",7.28319984622145,10.3
"4723","P05255_C",2.61629509039022,3.69999999999999
"4724","P05255_E",4.94974746830583,7
"4725","P05255_N",4.73761543394986,6.69999999999999
"4726","P05259_C",5.44472221513641,7.69999999999999
"4727","P05259_E",3.32340187157677,4.69999999999999
"4728","P05259_N",5.86898628384835,8.30000000000001
"4729","P05261_C",6.5760930650349,9.30000000000001
"4730","P05261_E",2.12132034355964,3
"4731","P05261_N",20.0111219075793,28.3
"4732","P05262_C",40.7293505963451,57.6
"4733","P05262_E",1.62634559672907,2.30000000000001
"4734","P05262_N",0.424264068711945,0.600000000000023
"4735","P05263_C",2.12132034355964,3
"4736","P05263_E",0.212132034355972,0.300000000000011
"4737","P05263_N",2.33345237791562,3.30000000000001
"4738","P05264_C",9.40452018978109,13.3
"4739","P05264_E",9.61665222413706,13.6
"4740","P05264_N",15.556349186104,22
"4741","P05265_C",1.62634559672907,2.30000000000001
"4742","P05265_E",28.4964032818179,40.3
"4743","P05265_N",1.13137084989849,1.60000000000002
"4744","P05270_C",19.3747258045114,27.4
"4745","P05270_E",2.12132034355964,3
"4746","P05270_N",6.5760930650349,9.30000000000001
"4747","P05281_C",NA,0
"4748","P05281_E",NA,0
"4749","P05281_N",NA,0
"4750","P05282_C",NA,0
"4751","P05282_E",NA,0
"4752","P05282_N",NA,0
"4753","P05283_C",NA,0
"4754","P05283_E",NA,0
"4755","P05283_N",NA,0
"4756","P05284_C",NA,0
"4757","P05284_E",NA,0
"4758","P05284_N",NA,0
"4759","P05285_C",NA,0
"4760","P05285_E",NA,0
"4761","P05285_N",NA,0
"4762","P05286_C",NA,0
"4763","P05286_E",NA,0
"4764","P05286_N",NA,0
"4765","P05301_C",6.5760930650349,9.30000000000001
"4766","P05301_E",2.82842712474619,4
"4767","P05301_N",1.83847763108504,2.60000000000002
"4768","P05302_C",1.4142135623731,2
"4769","P05302_E",2.33345237791562,3.30000000000001
"4770","P05302_N",33.9411254969543,48
"4771","P05303_C",2.82842712474619,4
"4772","P05303_E",0.212132034355972,0.300000000000011
"4773","P05303_N",1.90918830920367,2.69999999999999
"4774","P05305_C",0.282842712474603,0.399999999999977
"4775","P05305_E",3.95979797464468,5.60000000000002
"4776","P05305_N",0.707106781186548,1
"4777","P05308_C",1.90918830920367,2.69999999999999
"4778","P05308_E",4.24264068711928,6
"4779","P05308_N",8.06101730552663,11.4
"4780","P05309_C",0.98994949366115,1.39999999999998
"4781","P05309_E",1.90918830920367,2.69999999999999
"4782","P05309_N",2.82842712474619,4
"4783","P05310_C",4.94974746830583,7
"4784","P05310_E",5.1618795026618,7.30000000000001
"4785","P05310_N",5.44472221513641,7.69999999999999
"4786","P05311_C",2.12132034355964,3
"4787","P05311_E",4.52548339959389,6.39999999999998
"4788","P05311_N",0.707106781186548,1
"4789","P05312_C",1.13137084989849,1.60000000000002
"4790","P05312_E",7.28319984622145,10.3
"4791","P05312_N",6.36396103067893,9
"4792","P05313_C",2.33345237791562,3.30000000000001
"4793","P05313_E",4.73761543394986,6.69999999999999
"4794","P05313_N",4.03050865276331,5.69999999999999
"4795","P05315_C",1.20208152801712,1.69999999999999
"4796","P05315_E",2.82842712474619,4
"4797","P05315_N",6.8589357775095,9.69999999999999
"4798","P05316_C",2.82842712474619,4
"4799","P05316_E",5.44472221513641,7.69999999999999
"4800","P05316_N",7.77817459305202,11
"4801","P05317_C",7.07106781186548,10
"4802","P05317_E",3.32340187157677,4.69999999999999
"4803","P05317_N",2.12132034355964,3
"4804","P05318_C",1.4142135623731,2
"4805","P05318_E",0.91923881554252,1.30000000000001
"4806","P05318_N",10.1116269709676,14.3
"4807","P05319_C",0.212132034355972,0.300000000000011
"4808","P05319_E",1.20208152801712,1.69999999999999
"4809","P05319_N",7.35391052434008,10.4
"4810","P05320_C",1.4142135623731,2
"4811","P05320_E",0.707106781186548,1
"4812","P05320_N",0.282842712474603,0.399999999999977
"4813","P05321_C",2.61629509039022,3.69999999999999
"4814","P05321_E",0.212132034355972,0.300000000000011
"4815","P05321_N",0.212132034355972,0.300000000000011
"4816","P05325_C",0.494974746830575,0.699999999999989
"4817","P05325_E",1.4142135623731,2
"4818","P05325_N",1.4142135623731,2
"4819","P05326_C",6.64680374315353,9.39999999999998
"4820","P05326_E",0.424264068711945,0.600000000000023
"4821","P05326_N",5.65685424949238,8
"4822","P05328_C",5.86898628384835,8.30000000000001
"4823","P05328_E",8.69741340859454,12.3
"4824","P05328_N",5.86898628384835,8.30000000000001
"4825","P05329_C",3.81837661840734,5.39999999999998
"4826","P05329_E",2.82842712474619,4
"4827","P05329_N",5.65685424949238,8
"4828","P05330_C",0.98994949366115,1.39999999999998
"4829","P05330_E",3.32340187157677,4.69999999999999
"4830","P05330_N",0.707106781186548,1
"4831","P05332_C",0.91923881554252,1.30000000000001
"4832","P05332_E",1.62634559672907,2.30000000000001
"4833","P05332_N",0.707106781186548,1
"4834","P05336_C",0.424264068711945,0.600000000000023
"4835","P05336_E",6.78822509939087,9.60000000000002
"4836","P05336_N",2.33345237791562,3.30000000000001
"4837","P05339_C",3.11126983722079,4.39999999999998
"4838","P05339_E",0.707106781186548,1
"4839","P05339_N",0.98994949366115,1.39999999999998
"4840","P05343_C",2.82842712474619,4
"4841","P05343_E",1.62634559672907,2.30000000000001
"4842","P05343_N",4.24264068711928,6
"4843","P05345_C",7.77817459305202,11
"4844","P05345_E",6.08111831820433,8.60000000000002
"4845","P05345_N",4.66690475583123,6.60000000000002
"4846","P05346_C",1.83847763108504,2.60000000000002
"4847","P05346_E",9.19238815542512,13
"4848","P05346_N",17.4655374953077,24.7
"4849","P05347_C",9.61665222413706,13.6
"4850","P05347_E",10.8187337521542,15.3
"4851","P05347_N",1.20208152801712,1.69999999999999
"4852","P05349_C",4.52548339959389,6.39999999999998
"4853","P05349_E",1.4142135623731,2
"4854","P05349_N",4.94974746830583,7
"4855","P05350_C",1.90918830920367,2.69999999999999
"4856","P05350_E",3.53553390593274,5
"4857","P05350_N",2.61629509039022,3.69999999999999
"4858","P05353_C",NA,0
"4859","P05353_E",NA,0
"4860","P05353_N",NA,0
"4861","P05357_C",18.6676190233248,26.4
"4862","P05357_E",3.74766594028871,5.30000000000001
"4863","P05357_N",6.08111831820433,8.60000000000002
"4864","P05359_C",6.78822509939087,9.60000000000002
"4865","P05359_E",2.61629509039022,3.69999999999999
"4866","P05359_N",1.62634559672907,2.30000000000001
"4867","P05360_C",0.494974746830575,0.699999999999989
"4868","P05360_E",2.40416305603425,3.39999999999998
"4869","P05360_N",0.707106781186548,1
"4870","P05363_C",2.82842712474619,4
"4871","P05363_E",0.91923881554252,1.30000000000001
"4872","P05363_N",6.36396103067893,9
"4873","P05364_C",1.83847763108504,2.60000000000002
"4874","P05364_E",3.53553390593274,5
"4875","P05364_N",3.74766594028871,5.30000000000001
"4876","P05365_C",1.4142135623731,2
"4877","P05365_E",5.93969696196698,8.39999999999998
"4878","P05365_N",12.7279220613579,18
"4879","P05366_C",2.33345237791562,3.30000000000001
"4880","P05366_E",3.32340187157677,4.69999999999999
"4881","P05366_N",1.13137084989849,1.60000000000002
"4882","P05367_C",6.78822509939087,9.60000000000002
"4883","P05367_E",5.1618795026618,7.30000000000001
"4884","P05367_N",4.52548339959389,6.39999999999998
"4885","P05368_C",5.1618795026618,7.30000000000001
"4886","P05368_E",4.73761543394986,6.69999999999999
"4887","P05368_N",3.04055915910216,4.30000000000001
"4888","P05371_C",1.4142135623731,2
"4889","P05371_E",3.32340187157677,4.69999999999999
"4890","P05371_N",3.04055915910216,4.30000000000001
"4891","P05373_C",3.32340187157677,4.69999999999999
"4892","P05373_E",4.45477272147526,6.30000000000001
"4893","P05373_N",0.707106781186548,1
"4894","P05381_C",NA,0
"4895","P05381_E",NA,0
"4896","P05381_N",NA,0
"4897","P05382_C",NA,0
"4898","P05382_E",NA,0
"4899","P05382_N",NA,0
"4900","P05401_C",5.16187950266179,7.3
"4901","P05401_E",2.82842712474619,4
"4902","P05401_N",2.12132034355964,3
"4903","P05403_C",0.91923881554251,1.3
"4904","P05403_E",5.44472221513642,7.7
"4905","P05403_N",1.20208152801713,1.7
"4906","P05405_C",7.28319984622144,10.3
"4907","P05405_E",5.65685424949238,8
"4908","P05405_N",0.424264068711924,0.599999999999994
"4909","P05408_C",4.52548339959391,6.40000000000001
"4910","P05408_E",3.53553390593274,5
"4911","P05408_N",0.494974746830585,0.700000000000003
"4912","P05409_C",1.4142135623731,2
"4913","P05409_E",2.12132034355964,3
"4914","P05409_N",0.424264068711924,0.599999999999994
"4915","P05410_C",2.3334523779156,3.3
"4916","P05410_E",4.45477272147525,6.3
"4917","P05410_N",2.12132034355964,3
"4918","P05412_C",6.15182899632297,8.7
"4919","P05412_E",1.4142135623731,2
"4920","P05412_N",0.707106781186548,1
"4921","P05413_C",3.04055915910215,4.3
"4922","P05413_E",0.494974746830585,0.700000000000003
"4923","P05413_N",3.32340187157678,4.7
"4924","P05414_C",0.707106781186548,1
"4925","P05414_E",3.04055915910215,4.3
"4926","P05414_N",1.13137084989847,1.59999999999999
"4927","P05419_C",0.494974746830585,0.700000000000003
"4928","P05419_E",0.494974746830585,0.700000000000003
"4929","P05419_N",0.494974746830585,0.700000000000003
"4930","P05425_C",2.3334523779156,3.3
"4931","P05425_E",4.03050865276332,5.7
"4932","P05425_N",2.3334523779156,3.3
"4933","P05431_C",1.20208152801713,1.7
"4934","P05431_E",10.3944696834423,14.7
"4935","P05431_N",1.20208152801713,1.7
"4936","P05435_C",1.90918830920368,2.7
"4937","P05435_E",0.424264068711924,0.599999999999994
"4938","P05435_N",3.32340187157678,4.7
"4939","P05437_C",0,0
"4940","P05437_E",1.83847763108502,2.59999999999999
"4941","P05437_N",4.03050865276332,5.7
"4942","P05439_C",7.77817459305202,11
"4943","P05439_E",NA,0
"4944","P05439_N",2.12132034355964,3
"4945","P05440_C",0.91923881554251,1.3
"4946","P05440_E",3.32340187157678,4.7
"4947","P05440_N",5.86898628384834,8.3
"4948","P05456_C",3.81837661840736,5.40000000000001
"4949","P05456_E",3.53553390593274,5
"4950","P05456_N",4.45477272147525,6.3
"4951","P05457_C",4.24264068711928,6
"4952","P05457_E",3.53553390593274,5
"4953","P05457_N",0.989949493661171,1.40000000000001
"4954","P05461_C",0.989949493661171,1.40000000000001
"4955","P05461_E",0,0
"4956","P05461_N",6.36396103067893,9
"4957","P05462_C",3.53553390593274,5
"4958","P05462_E",4.45477272147525,6.3
"4959","P05462_N",2.3334523779156,3.3
"4960","P05463_C",7.07106781186548,10
"4961","P05463_E",4.45477272147525,6.3
"4962","P05463_N",5.939696961967,8.40000000000001
"4963","P05464_C",NA,0
"4964","P05464_E",NA,0
"4965","P05464_N",NA,0
"4966","P05465_C",2.3334523779156,3.3
"4967","P05465_E",3.32340187157678,4.7
"4968","P05465_N",0.212132034355962,0.299999999999997
"4969","P05466_C",0.424264068711924,0.599999999999994
"4970","P05466_E",3.81837661840736,5.40000000000001
"4971","P05466_N",7.77817459305202,11
"4972","P05467_C",6.36396103067893,9
"4973","P05467_E",7.07106781186548,10
"4974","P05467_N",0,0
"4975","P05468_C",0.494974746830585,0.700000000000003
"4976","P05468_E",7.28319984622144,10.3
"4977","P05468_N",3.95979797464466,5.59999999999999
"4978","P05469_C",2.54558441227157,3.59999999999999
"4979","P05469_E",0.282842712474623,0.400000000000006
"4980","P05469_N",5.23259018078046,7.40000000000001
"4981","P05470_C",1.90918830920368,2.7
"4982","P05470_E",2.82842712474619,4
"4983","P05470_N",5.23259018078046,7.40000000000001
"4984","P05471_C",1.4142135623731,2
"4985","P05471_E",0.707106781186548,1
"4986","P05471_N",1.20208152801713,1.7
"4987","P05472_C",0.282842712474623,0.400000000000006
"4988","P05472_E",2.12132034355964,3
"4989","P05472_N",3.7476659402887,5.3
"4990","P05473_C",3.53553390593274,5
"4991","P05473_E",3.53553390593274,5
"4992","P05473_N",1.20208152801713,1.7
"4993","P05474_C",0.212132034355962,0.299999999999997
"4994","P05474_E",3.53553390593274,5
"4995","P05474_N",2.82842712474619,4
"4996","P05475_C",4.45477272147525,6.3
"4997","P05475_E",3.32340187157678,4.7
"4998","P05475_N",3.11126983722081,4.40000000000001
"4999","P05477_C",0.424264068711924,0.599999999999994
"5000","P05477_E",1.4142135623731,2
"5001","P05477_N",1.90918830920368,2.7
"5002","P05478_C",4.94974746830583,7
"5003","P05478_E",4.52548339959391,6.40000000000001
"5004","P05478_N",0.707106781186548,1
"5005","P05479_C",4.45477272147525,6.3
"5006","P05479_E",3.53553390593274,5
"5007","P05479_N",4.73761543394987,6.7
"5008","P05480_C",1.62634559672906,2.3
"5009","P05480_E",1.4142135623731,2
"5010","P05480_N",3.25269119345811,4.59999999999999
"5011","P05481_C",NA,0
"5012","P05481_E",NA,0
"5013","P05481_N",NA,0
"5014","P05482_C",NA,0
"5015","P05482_E",NA,0
"5016","P05482_N",NA,0
"5017","P05483_C",NA,0
"5018","P05483_E",NA,-Inf
"5019","P05483_N",NA,0
"5020","P05484_C",NA,0
"5021","P05484_E",NA,0
"5022","P05484_N",NA,0
"5023","P05485_C",NA,0
"5024","P05485_E",NA,0
"5025","P05485_N",NA,0
"5026","P05486_C",NA,0
"5027","P05486_E",NA,0
"5028","P05486_N",NA,0
"5029","P05487_C",NA,0
"5030","P05487_E",NA,0
"5031","P05487_N",NA,0
"5032","P05488_C",NA,0
"5033","P05488_E",NA,0
"5034","P05488_N",NA,0
"5035","P05503_C",0.707106781186548,1
"5036","P05503_E",1.4142135623731,2
"5037","P05503_N",0.424264068711945,0.600000000000023
"5038","P05505_C",2.33345237791562,3.30000000000001
"5039","P05505_E",0.494974746830575,0.699999999999989
"5040","P05505_N",1.62634559672907,2.30000000000001
"5041","P05509_C",0.494974746830575,0.699999999999989
"5042","P05509_E",0.494974746830575,0.699999999999989
"5043","P05509_N",4.45477272147526,6.30000000000001
"5044","P05510_C",1.4142135623731,2
"5045","P05510_E",0.212132034355972,0.300000000000011
"5046","P05510_N",0.494974746830575,0.699999999999989
"5047","P05512_C",2.54558441227159,3.60000000000002
"5048","P05512_E",1.4142135623731,2
"5049","P05512_N",1.62634559672907,2.30000000000001
"5050","P05513_C",3.32340187157677,4.69999999999999
"5051","P05513_E",2.82842712474619,4
"5052","P05513_N",1.4142135623731,2
"5053","P05514_C",1.20208152801712,1.69999999999999
"5054","P05514_E",0,0
"5055","P05514_N",8.98025612106914,12.7
"5056","P05515_C",11.0308657865102,15.6
"5057","P05515_E",0,0
"5058","P05515_N",NA,0
"5059","P05516_C",1.20208152801712,1.69999999999999
"5060","P05516_E",3.11126983722079,4.39999999999998
"5061","P05516_N",4.94974746830583,7
"5062","P05517_C",0.494974746830575,0.699999999999989
"5063","P05517_E",3.04055915910216,4.30000000000001
"5064","P05517_N",0.707106781186548,1
"5065","P05518_C",3.32340187157677,4.69999999999999
"5066","P05518_E",1.4142135623731,2
"5067","P05518_N",4.94974746830583,7
"5068","P05519_C",0.98994949366115,1.39999999999998
"5069","P05519_E",0.494974746830575,0.699999999999989
"5070","P05519_N",3.53553390593274,5
"5071","P05521_C",2.54558441227159,3.60000000000002
"5072","P05521_E",1.83847763108504,2.60000000000002
"5073","P05521_N",0,0
"5074","P05522_C",4.94974746830583,7
"5075","P05522_E",0.91923881554252,1.30000000000001
"5076","P05522_N",0.494974746830575,0.699999999999989
"5077","P05523_C",2.40416305603425,3.39999999999998
"5078","P05523_E",0.707106781186548,1
"5079","P05523_N",6.36396103067893,9
"5080","P05524_C",2.12132034355964,3
"5081","P05524_E",2.33345237791562,3.30000000000001
"5082","P05524_N",3.53553390593274,5
"5083","P05525_C",2.61629509039022,3.69999999999999
"5084","P05525_E",0,0
"5085","P05525_N",0.91923881554252,1.30000000000001
"5086","P05528_C",6.78822509939087,9.60000000000002
"5087","P05528_E",8.2731493398826,11.7
"5088","P05528_N",6.08111831820433,8.60000000000002
"5089","P05529_C",0.91923881554252,1.30000000000001
"5090","P05529_E",3.32340187157677,4.69999999999999
"5091","P05529_N",4.24264068711928,6
"5092","P05530_C",0.91923881554252,1.30000000000001
"5093","P05530_E",0.91923881554252,1.30000000000001
"5094","P05530_N",0.494974746830575,0.699999999999989
"5095","P05531_C",0.707106781186548,1
"5096","P05531_E",1.20208152801712,1.69999999999999
"5097","P05531_N",2.12132034355964,3
"5098","P05532_C",0.91923881554252,1.30000000000001
"5099","P05532_E",0.707106781186548,1
"5100","P05532_N",0.707106781186548,1
"5101","P05533_C",8.76812408671317,12.4
"5102","P05533_E",5.65685424949238,8
"5103","P05533_N",3.11126983722079,4.39999999999998
"5104","P05538_C",1.62634559672907,2.30000000000001
"5105","P05538_E",6.78822509939087,9.60000000000002
"5106","P05538_N",1.4142135623731,2
"5107","P05541_C",0.707106781186548,1
"5108","P05541_E",3.53553390593274,5
"5109","P05541_N",0.282842712474603,0.399999999999977
"5110","P05542_C",8.76812408671317,12.4
"5111","P05542_E",1.6970562748477,2.39999999999998
"5112","P05542_N",1.90918830920367,2.69999999999999
"5113","P05543_C",2.61629509039022,3.69999999999999
"5114","P05543_E",0.282842712474603,0.399999999999977
"5115","P05543_N",2.33345237791562,3.30000000000001
"5116","P05544_C",0,0
"5117","P05544_E",1.62634559672907,2.30000000000001
"5118","P05544_N",1.20208152801712,1.69999999999999
"5119","P05546_C",0.98994949366115,1.39999999999998
"5120","P05546_E",3.04055915910216,4.30000000000001
"5121","P05546_N",0.707106781186548,1
"5122","P05547_C",0.707106781186548,1
"5123","P05547_E",2.61629509039022,3.69999999999999
"5124","P05547_N",1.20208152801712,1.69999999999999
"5125","P05549_C",4.73761543394986,6.69999999999999
"5126","P05549_E",0.707106781186548,1
"5127","P05549_N",0,0
"5128","P05551_C",2.12132034355964,3
"5129","P05551_E",0.707106781186548,1
"5130","P05551_N",0,0
"5131","P05552_C",4.45477272147526,6.30000000000001
"5132","P05552_E",3.74766594028871,5.30000000000001
"5133","P05552_N",0.98994949366115,1.39999999999998
"5134","P05554_C",2.82842712474619,4
"5135","P05554_E",8.48528137423857,12
"5136","P05554_N",2.12132034355964,3
"5137","P05556_C",NA,-Inf
"5138","P05556_E",NA,0
"5139","P05556_N",NA,0
"5140","P05561_C",0.494974746830575,0.699999999999989
"5141","P05561_E",0.91923881554252,1.30000000000001
"5142","P05561_N",0.212132034355972,0.300000000000011
"5143","P05563_C",4.03050865276331,5.69999999999999
"5144","P05563_E",1.90918830920367,2.69999999999999
"5145","P05563_N",1.4142135623731,2
"5146","P05564_C",4.73761543394986,6.69999999999999
"5147","P05564_E",0,0
"5148","P05564_N",1.62634559672907,2.30000000000001
"5149","P05565_C",0.91923881554252,1.30000000000001
"5150","P05565_E",0,0
"5151","P05565_N",0.707106781186548,1
"5152","P05566_C",6.15182899632295,8.69999999999999
"5153","P05566_E",9.19238815542512,13
"5154","P05566_N",6.15182899632295,8.69999999999999
"5155","P05568_C",4.94974746830583,7
"5156","P05568_E",3.53553390593274,5
"5157","P05568_N",5.1618795026618,7.30000000000001
"5158","P05569_C",4.24264068711928,6
"5159","P05569_E",0,0
"5160","P05569_N",3.74766594028871,5.30000000000001
"5161","P05570_C",6.5760930650349,9.30000000000001
"5162","P05570_E",1.62634559672907,2.30000000000001
"5163","P05570_N",8.20243866176397,11.6
"5164","P05573_C",4.73761543394986,6.69999999999999
"5165","P05573_E",4.24264068711928,6
"5166","P05573_N",4.94974746830583,7
"5167","P05581_C",NA,0
"5168","P05581_E",NA,0
"5169","P05581_N",NA,0
"5170","P05601_C",2.12132034355964,3
"5171","P05601_E",0.282842712474623,0.400000000000006
"5172","P05601_N",2.40416305603426,3.39999999999999
"5173","P05602_C",3.53553390593274,5
"5174","P05602_E",1.13137084989849,1.60000000000002
"5175","P05602_N",2.12132034355965,3.00000000000001
"5176","P05603_C",3.1112698372208,4.39999999999999
"5177","P05603_E",0.212132034355962,0.299999999999997
"5178","P05603_N",0.707106781186548,1
"5179","P05604_C",3.53553390593274,5
"5180","P05604_E",1.4142135623731,2
"5181","P05604_N",3.11126983722079,4.39999999999998
"5182","P05607_C",2.54558441227157,3.59999999999999
"5183","P05607_E",1.83847763108502,2.59999999999999
"5184","P05607_N",0.282842712474623,0.400000000000006
"5185","P05610_C",0.707106781186548,1
"5186","P05610_E",4.24264068711928,6
"5187","P05610_N",3.53553390593274,5
"5188","P05611_C",0,0
"5189","P05611_E",0.707106781186548,1
"5190","P05611_N",0.282842712474603,0.399999999999977
"5191","P05612_C",5.93969696196699,8.39999999999999
"5192","P05612_E",2.82842712474619,4
"5193","P05612_N",0.494974746830585,0.700000000000003
"5194","P05614_C",4.94974746830583,7
"5195","P05614_E",4.66690475583123,6.60000000000002
"5196","P05614_N",0.91923881554252,1.30000000000001
"5197","P05615_C",4.5254833995939,6.39999999999999
"5198","P05615_E",1.41421356237308,1.99999999999999
"5199","P05615_N",0.91923881554252,1.30000000000001
"5200","P05616_C",2.54558441227158,3.60000000000001
"5201","P05616_E",1.90918830920368,2.7
"5202","P05616_N",2.61629509039022,3.69999999999999
"5203","P05618_C",0.494974746830575,0.699999999999989
"5204","P05618_E",0.91923881554251,1.3
"5205","P05618_N",1.20208152801713,1.7
"5206","P05619_C",0,0
"5207","P05619_E",0.212132034355962,0.299999999999997
"5208","P05619_N",2.12132034355964,3
"5209","P05620_C",2.61629509039023,3.7
"5210","P05620_E",3.53553390593274,5
"5211","P05620_N",3.81837661840736,5.40000000000001
"5212","P05623_C",3.74766594028871,5.30000000000001
"5213","P05623_E",0.212132034355972,0.300000000000011
"5214","P05623_N",7.28319984622145,10.3
"5215","P05624_C",3.32340187157677,4.69999999999999
"5216","P05624_E",3.25269119345813,4.60000000000002
"5217","P05624_N",6.5760930650349,9.30000000000001
"5218","P05626_C",1.6970562748477,2.39999999999998
"5219","P05626_E",3.53553390593274,5
"5220","P05626_N",2.12132034355964,3
"5221","P05627_C",1.4142135623731,2
"5222","P05627_E",2.33345237791562,3.30000000000001
"5223","P05627_N",2.12132034355964,3
"5224","P05628_C",6.64680374315353,9.39999999999998
"5225","P05628_E",0.91923881554252,1.30000000000001
"5226","P05628_N",4.94974746830583,7
"5227","P05629_C",2.40416305603426,3.39999999999999
"5228","P05629_E",2.54558441227159,3.60000000000002
"5229","P05629_N",1.90918830920367,2.69999999999999
"5230","P05630_C",5.65685424949238,8
"5231","P05630_E",7.77817459305202,11
"5232","P05630_N",8.2731493398826,11.7
"5233","P05633_C",4.73761543394986,6.69999999999999
"5234","P05633_E",3.81837661840734,5.39999999999998
"5235","P05633_N",3.74766594028871,5.30000000000001
"5236","P05634_C",0.494974746830575,0.699999999999989
"5237","P05634_E",3.25269119345813,4.60000000000002
"5238","P05634_N",4.24264068711928,6
"5239","P05635_C",0.707106781186548,1
"5240","P05635_E",0.212132034355972,0.300000000000011
"5241","P05635_N",1.6970562748477,2.39999999999998
"5242","P05636_C",0,0
"5243","P05636_E",0.212132034355972,0.300000000000011
"5244","P05636_N",1.90918830920368,2.7
"5245","P05639_C",1.90918830920368,2.7
"5246","P05639_E",1.13137084989849,1.60000000000002
"5247","P05639_N",1.20208152801712,1.69999999999999
"5248","P05641_C",0.494974746830575,0.699999999999989
"5249","P05641_E",2.12132034355964,3
"5250","P05641_N",2.61629509039023,3.7
"5251","P05642_C",6.8589357775095,9.69999999999999
"5252","P05642_E",4.94974746830583,7
"5253","P05642_N",1.62634559672907,2.30000000000001
"5254","P05643_C",1.62634559672907,2.30000000000001
"5255","P05643_E",4.94974746830583,7
"5256","P05643_N",14.3542676580869,20.3
"5257","P05648_C",5.37401153701777,7.60000000000001
"5258","P05648_E",2.12132034355963,2.99999999999999
"5259","P05648_N",5.23259018078045,7.39999999999999
"5260","P05650_C",7.07106781186548,10
"5261","P05650_E",4.45477272147526,6.30000000000001
"5262","P05650_N",6.36396103067893,9
"5263","P05651_C",NA,-Inf
"5264","P05651_E",NA,-Inf
"5265","P05651_N",NA,-Inf
"5266","P05652_C",NA,0
"5267","P05652_E",NA,0
"5268","P05652_N",NA,0
"5269","P05655_C",NA,0
"5270","P05655_E",NA,0
"5271","P05655_N",NA,0
"5272","P05656_C",6.8589357775095,9.69999999999999
"5273","P05656_E",9.19238815542512,13
"5274","P05656_N",4.24264068711928,6
"5275","P05657_C",0.212132034355972,0.300000000000011
"5276","P05657_E",3.74766594028871,5.30000000000001
"5277","P05657_N",3.53553390593274,5
"5278","P05659_C",1.90918830920367,2.69999999999999
"5279","P05659_E",3.04055915910216,4.30000000000001
"5280","P05659_N",0.424264068711945,0.600000000000023
"5281","P05660_C",5.65685424949238,8
"5282","P05660_E",3.25269119345813,4.60000000000002
"5283","P05660_N",2.54558441227159,3.60000000000002
"5284","P05662_C",7.28319984622145,10.3
"5285","P05662_E",0.989949493661171,1.40000000000001
"5286","P05662_N",24.7487373415292,35
"5287","P05663_C",3.53553390593274,5
"5288","P05663_E",5.44472221513641,7.69999999999999
"5289","P05663_N",3.25269119345813,4.60000000000002
"5290","P05664_C",16.2634559672906,23
"5291","P05664_E",1.83847763108502,2.59999999999999
"5292","P05664_N",4.94974746830583,7
"5293","P05665_C",1.62634559672906,2.3
"5294","P05665_E",0.989949493661171,1.40000000000001
"5295","P05665_N",5.16187950266179,7.3
"5296","P05666_C",4.45477272147526,6.30000000000001
"5297","P05666_E",2.12132034355964,3
"5298","P05666_N",5.23259018078045,7.39999999999999
"5299","P05667_C",4.73761543394986,6.69999999999999
"5300","P05667_E",7.07106781186548,10
"5301","P05667_N",7.07106781186546,9.99999999999999
"5302","P05668_C",3.53553390593274,5
"5303","P05668_E",1.41421356237311,2.00000000000001
"5304","P05668_N",7.28319984622144,10.3
"5305","P05801_C",6.36396103067893,9
"5306","P05801_E",5.44472221513641,7.69999999999999
"5307","P05801_N",3.11126983722079,4.39999999999998
"5308","P05802_C",0.707106781186548,1
"5309","P05802_E",2.12132034355964,3
"5310","P05802_N",0.212132034355972,0.300000000000011
"5311","P05805_C",0.282842712474603,0.399999999999977
"5312","P05805_E",10.1116269709676,14.3
"5313","P05805_N",3.74766594028871,5.30000000000001
"5314","P05816_C",1.13137084989849,1.60000000000002
"5315","P05816_E",1.62634559672907,2.30000000000001
"5316","P05816_N",0.282842712474603,0.399999999999977
"5317","P05817_C",5.44472221513641,7.69999999999999
"5318","P05817_E",0.98994949366115,1.39999999999998
"5319","P05817_N",3.04055915910216,4.30000000000001
"5320","P05819_C",NA,0
"5321","P05819_E",3.04055915910216,4.30000000000001
"5322","P05819_N",13.4350288425444,19
"5323","P05820_C",0,0
"5324","P05820_E",6.5760930650349,9.30000000000001
"5325","P05820_N",1.62634559672907,2.30000000000001
"5326","P05821_C",1.13137084989849,1.60000000000002
"5327","P05821_E",1.90918830920367,2.69999999999999
"5328","P05821_N",0.707106781186548,1
"5329","P05824_C",6.5760930650349,9.30000000000001
"5330","P05824_E",0,0
"5331","P05824_N",4.52548339959389,6.39999999999998
"5332","P05825_C",1.4142135623731,2
"5333","P05825_E",4.24264068711928,6
"5334","P05825_N",11.5258405333407,16.3
"5335","P05826_C",0.707106781186548,1
"5336","P05826_E",6.64680374315353,9.39999999999998
"5337","P05826_N",8.69741340859454,12.3
"5338","P05828_C",4.94974746830583,7
"5339","P05828_E",4.45477272147526,6.30000000000001
"5340","P05828_N",NA,0
"5341","P05832_C",6.8589357775095,9.69999999999999
"5342","P05832_E",NA,0
"5343","P05832_N",4.94974746830583,7
"5344","P05833_C",3.53553390593274,5
"5345","P05833_E",5.65685424949238,8
"5346","P05833_N",1.4142135623731,2
"5347","P05835_C",2.82842712474619,4
"5348","P05835_E",2.82842712474619,4
"5349","P05835_N",1.90918830920367,2.69999999999999
"5350","P05836_C",2.12132034355964,3
"5351","P05836_E",0.707106781186548,1
"5352","P05836_N",9.19238815542512,13
"5353","P05837_C",2.54558441227159,3.60000000000002
"5354","P05837_E",1.20208152801712,1.69999999999999
"5355","P05837_N",1.83847763108504,2.60000000000002
"5356","P05842_C",5.86898628384835,8.30000000000001
"5357","P05842_E",1.4142135623731,2
"5358","P05842_N",0.282842712474603,0.399999999999977
"5359","P05843_C",2.33345237791562,3.30000000000001
"5360","P05843_E",7.990306627408,11.3
"5361","P05843_N",1.90918830920367,2.69999999999999
"5362","P05844_C",0.212132034355972,0.300000000000011
"5363","P05844_E",0.212132034355972,0.300000000000011
"5364","P05844_N",5.86898628384835,8.30000000000001
"5365","P05845_C",1.13137084989849,1.60000000000002
"5366","P05845_E",1.4142135623731,2
"5367","P05845_N",2.33345237791562,3.30000000000001
"5368","P05846_C",3.32340187157677,4.69999999999999
"5369","P05846_E",10.1116269709676,14.3
"5370","P05846_N",4.03050865276331,5.69999999999999
"5371","P05847_C",2.61629509039022,3.69999999999999
"5372","P05847_E",3.04055915910216,4.30000000000001
"5373","P05847_N",2.40416305603425,3.39999999999998
"5374","P05848_C",3.53553390593274,5
"5375","P05848_E",3.04055915910216,4.30000000000001
"5376","P05848_N",2.33345237791562,3.30000000000001
"5377","P05850_C",1.20208152801712,1.69999999999999
"5378","P05850_E",5.44472221513641,7.69999999999999
"5379","P05850_N",4.94974746830583,7
"5380","P05853_C",5.93969696196698,8.39999999999998
"5381","P05853_E",2.61629509039022,3.69999999999999
"5382","P05853_N",5.1618795026618,7.30000000000001
"5383","P05855_C",16.9705627484771,24
"5384","P05855_E",2.82842712474619,4
"5385","P05855_N",2.82842712474619,4
"5386","P05856_C",29.486352775479,41.7
"5387","P05856_E",1.20208152801712,1.69999999999999
"5388","P05856_N",14.8492424049175,21
"5389","P05860_C",10.8187337521542,15.3
"5390","P05860_E",13.4350288425444,19
"5391","P05860_N",4.03050865276331,5.69999999999999
"5392","P05861_C",2.54558441227159,3.60000000000002
"5393","P05861_E",1.90918830920367,2.69999999999999
"5394","P05861_N",1.83847763108504,2.60000000000002
"5395","P05862_C",4.03050865276331,5.69999999999999
"5396","P05862_E",9.40452018978109,13.3
"5397","P05862_N",0.494974746830575,0.699999999999989
"5398","P05866_C",2.12132034355964,3
"5399","P05866_E",1.4142135623731,2
"5400","P05866_N",27.7892965006313,39.3
"5401","P05867_C",2.12132034355964,3
"5402","P05867_E",5.1618795026618,7.30000000000001
"5403","P05867_N",0.707106781186548,1
"5404","P05868_C",6.5760930650349,9.30000000000001
"5405","P05868_E",3.53553390593274,5
"5406","P05868_N",13.0107647738325,18.4
"5407","P05869_C",0.707106781186548,1
"5408","P05869_E",8.98025612106914,12.7
"5409","P05869_N",5.44472221513641,7.69999999999999
"5410","P05870_C",6.64680374315353,9.39999999999998
"5411","P05870_E",2.40416305603425,3.39999999999998
"5412","P05870_N",4.24264068711928,6
"5413","P05872_C",1.13137084989849,1.60000000000002
"5414","P05872_E",3.74766594028871,5.30000000000001
"5415","P05872_N",8.2731493398826,11.7
"5416","P05873_C",0.91923881554252,1.30000000000001
"5417","P05873_E",6.64680374315353,9.39999999999998
"5418","P05873_N",4.94974746830583,7
"5419","P05874_C",12.0208152801713,17
"5420","P05874_E",7.77817459305202,11
"5421","P05874_N",0.494974746830575,0.699999999999989
"5422","P05881_C",NA,0
"5423","P05881_E",NA,0
"5424","P05881_N",NA,0
"5425","P05882_C",NA,0
"5426","P05882_E",NA,0
"5427","P05882_N",NA,0
"5428","P05883_C",NA,0
"5429","P05883_E",NA,0
"5430","P05883_N",NA,0
"5431","P05884_C",NA,0
"5432","P05884_E",NA,0
"5433","P05884_N",NA,0
"5434","P05885_C",NA,0
"5435","P05885_E",NA,0
"5436","P05885_N",NA,0
"5437","P05886_C",NA,0
"5438","P05886_E",NA,0
"5439","P05886_N",NA,0
"5440","P05901_C",6.64680374315353,9.39999999999998
"5441","P05901_E",2.82842712474619,4
"5442","P05901_N",0.98994949366115,1.39999999999998
"5443","P05902_C",3.74766594028871,5.30000000000001
"5444","P05902_E",1.6970562748477,2.39999999999998
"5445","P05902_N",0.494974746830575,0.699999999999989
"5446","P05904_C",0,0
"5447","P05904_E",0.707106781186548,1
"5448","P05904_N",0.91923881554252,1.30000000000001
"5449","P05905_C",1.62634559672907,2.30000000000001
"5450","P05905_E",0.707106781186548,1
"5451","P05905_N",4.24264068711928,6
"5452","P05907_C",1.13137084989849,1.60000000000002
"5453","P05907_E",1.6970562748477,2.39999999999998
"5454","P05907_N",0.424264068711945,0.600000000000023
"5455","P05908_C",2.82842712474619,4
"5456","P05908_E",2.82842712474619,4
"5457","P05908_N",4.24264068711928,6
"5458","P05910_C",1.90918830920367,2.69999999999999
"5459","P05910_E",2.33345237791562,3.30000000000001
"5460","P05910_N",0.91923881554252,1.30000000000001
"5461","P05911_C",4.94974746830583,7
"5462","P05911_E",5.65685424949238,8
"5463","P05911_N",0.494974746830575,0.699999999999989
"5464","P05913_C",3.32340187157677,4.69999999999999
"5465","P05913_E",1.6970562748477,2.39999999999998
"5466","P05913_N",0.707106781186548,1
"5467","P05914_C",6.5760930650349,9.30000000000001
"5468","P05914_E",4.45477272147526,6.30000000000001
"5469","P05914_N",4.24264068711928,6
"5470","P05916_C",1.13137084989849,1.60000000000002
"5471","P05916_E",1.4142135623731,2
"5472","P05916_N",4.45477272147526,6.30000000000001
"5473","P05917_C",1.4142135623731,2
"5474","P05917_E",1.6970562748477,2.39999999999998
"5475","P05917_N",2.82842712474619,4
"5476","P05918_C",3.04055915910216,4.30000000000001
"5477","P05918_E",3.74766594028871,5.30000000000001
"5478","P05918_N",1.13137084989849,1.60000000000002
"5479","P05919_C",2.12132034355964,3
"5480","P05919_E",0.91923881554252,1.30000000000001
"5481","P05919_N",7.28319984622145,10.3
"5482","P05921_C",4.03050865276331,5.69999999999999
"5483","P05921_E",2.12132034355964,3
"5484","P05921_N",1.4142135623731,2
"5485","P05922_C",1.4142135623731,2
"5486","P05922_E",13.717871555019,19.4
"5487","P05922_N",2.33345237791562,3.30000000000001
"5488","P05923_C",3.11126983722079,4.39999999999998
"5489","P05923_E",1.4142135623731,2
"5490","P05923_N",2.82842712474619,4
"5491","P05924_C",6.36396103067893,9
"5492","P05924_E",7.28319984622145,10.3
"5493","P05924_N",2.33345237791562,3.30000000000001
"5494","P05928_C",2.54558441227159,3.60000000000002
"5495","P05928_E",0,0
"5496","P05928_N",1.20208152801712,1.69999999999999
"5497","P05929_C",0.91923881554252,1.30000000000001
"5498","P05929_E",4.24264068711928,6
"5499","P05929_N",1.62634559672907,2.30000000000001
"5500","P05930_C",1.13137084989849,1.60000000000002
"5501","P05930_E",1.62634559672907,2.30000000000001
"5502","P05930_N",1.90918830920367,2.69999999999999
"5503","P05931_C",1.20208152801712,1.69999999999999
"5504","P05931_E",0.707106781186548,1
"5505","P05931_N",1.62634559672907,2.30000000000001
"5506","P05932_C",0.91923881554252,1.30000000000001
"5507","P05932_E",1.90918830920367,2.69999999999999
"5508","P05932_N",3.32340187157677,4.69999999999999
"5509","P05933_C",2.61629509039022,3.69999999999999
"5510","P05933_E",1.83847763108504,2.60000000000002
"5511","P05933_N",0.494974746830575,0.699999999999989
"5512","P05935_C",2.54558441227159,3.60000000000002
"5513","P05935_E",3.32340187157677,4.69999999999999
"5514","P05935_N",3.04055915910216,4.30000000000001
"5515","P05936_C",0.707106781186548,1
"5516","P05936_E",0.494974746830575,0.699999999999989
"5517","P05936_N",2.33345237791562,3.30000000000001
"5518","P05937_C",0.494974746830575,0.699999999999989
"5519","P05937_E",0.282842712474603,0.399999999999977
"5520","P05937_N",1.20208152801712,1.69999999999999
"5521","P05938_C",3.04055915910216,4.30000000000001
"5522","P05938_E",2.61629509039022,3.69999999999999
"5523","P05938_N",2.40416305603425,3.39999999999998
"5524","P05940_C",2.12132034355964,3
"5525","P05940_E",0.494974746830575,0.699999999999989
"5526","P05940_N",0.91923881554252,1.30000000000001
"5527","P05941_C",2.40416305603425,3.39999999999998
"5528","P05941_E",0.424264068711945,0.600000000000023
"5529","P05941_N",0.424264068711945,0.600000000000023
"5530","P05942_C",1.13137084989849,1.60000000000002
"5531","P05942_E",0.98994949366115,1.39999999999998
"5532","P05942_N",0.494974746830575,0.699999999999989
"5533","P05945_C",1.90918830920367,2.69999999999999
"5534","P05945_E",0.494974746830575,0.699999999999989
"5535","P05945_N",0.707106781186548,1
"5536","P05946_C",1.20208152801712,1.69999999999999
"5537","P05946_E",1.62634559672907,2.30000000000001
"5538","P05946_N",1.90918830920367,2.69999999999999
"5539","P05948_C",0.91923881554252,1.30000000000001
"5540","P05948_E",0.424264068711945,0.600000000000023
"5541","P05948_N",0.282842712474603,0.399999999999977
"5542","P05949_C",1.4142135623731,2
"5543","P05949_E",3.25269119345813,4.60000000000002
"5544","P05949_N",0.212132034355972,0.300000000000011
"5545","P05952_C",1.20208152801712,1.69999999999999
"5546","P05952_E",1.4142135623731,2
"5547","P05952_N",1.13137084989849,1.60000000000002
"5548","P05953_C",0.494974746830575,0.699999999999989
"5549","P05953_E",2.82842712474619,4
"5550","P05953_N",2.82842712474619,4
"5551","P05954_C",1.4142135623731,2
"5552","P05954_E",1.13137084989849,1.60000000000002
"5553","P05954_N",2.12132034355964,3
"5554","P05955_C",2.33345237791562,3.30000000000001
"5555","P05955_E",0.91923881554252,1.30000000000001
"5556","P05955_N",0.424264068711945,0.600000000000023
"5557","P05957_C",0,0
"5558","P05957_E",2.33345237791562,3.30000000000001
"5559","P05957_N",0.707106781186548,1
"5560","P05958_C",0.707106781186548,1
"5561","P05958_E",0.494974746830575,0.699999999999989
"5562","P05958_N",0.424264068711945,0.600000000000023
"5563","P05959_C",5.65685424949238,8
"5564","P05959_E",2.12132034355964,3
"5565","P05959_N",1.13137084989849,1.60000000000002
"5566","P05961_C",0.212132034355972,0.300000000000011
"5567","P05961_E",0.212132034355972,0.300000000000011
"5568","P05961_N",1.62634559672907,2.30000000000001
"5569","P05963_C",0.91923881554252,1.30000000000001
"5570","P05963_E",0.282842712474603,0.399999999999977
"5571","P05963_N",0.282842712474603,0.399999999999977
"5572","P05965_C",0.91923881554252,1.30000000000001
"5573","P05965_E",1.20208152801712,1.69999999999999
"5574","P05965_N",0.424264068711945,0.600000000000023
"5575","P06102_C",5.1618795026618,7.30000000000001
"5576","P06102_E",13.6471608769004,19.3
"5577","P06102_N",2.82842712474619,4
"5578","P06103_C",6.08111831820433,8.60000000000002
"5579","P06103_E",0.91923881554252,1.30000000000001
"5580","P06103_N",8.48528137423857,12
"5581","P06106_C",3.74766594028871,5.30000000000001
"5582","P06106_E",6.36396103067893,9
"5583","P06106_N",0,0
"5584","P06107_C",1.62634559672907,2.30000000000001
"5585","P06107_E",5.86898628384835,8.30000000000001
"5586","P06107_N",0.494974746830575,0.699999999999989
"5587","P06109_C",3.53553390593274,5
"5588","P06109_E",1.4142135623731,2
"5589","P06109_N",0.707106781186548,1
"5590","P06111_C",6.8589357775095,9.69999999999999
"5591","P06111_E",4.73761543394986,6.69999999999999
"5592","P06111_N",9.47523086789972,13.4
"5593","P06112_C",6.15182899632295,8.69999999999999
"5594","P06112_E",12.5157900270019,17.7
"5595","P06112_N",11.5965512114594,16.4
"5596","P06115_C",5.93969696196698,8.39999999999998
"5597","P06115_E",10.3944696834422,14.7
"5598","P06115_N",8.90954544295051,12.6
"5599","P06120_C",8.90954544295051,12.6
"5600","P06120_E",10.8187337521542,15.3
"5601","P06120_N",10.1823376490863,14.4
"5602","P06121_C",1.4142135623731,2
"5603","P06121_E",0.424264068711945,0.600000000000023
"5604","P06121_N",5.65685424949238,8
"5605","P06127_C",1.90918830920367,2.69999999999999
"5606","P06127_E",5.44472221513641,7.69999999999999
"5607","P06127_N",1.20208152801712,1.69999999999999
"5608","P06129_C",6.36396103067893,9
"5609","P06129_E",6.5760930650349,9.30000000000001
"5610","P06129_N",7.35391052434008,10.4
"5611","P06130_C",1.90918830920367,2.69999999999999
"5612","P06130_E",6.5760930650349,9.30000000000001
"5613","P06130_N",5.65685424949238,8
"5614","P06132_C",1.13137084989849,1.60000000000002
"5615","P06132_E",1.62634559672907,2.30000000000001
"5616","P06132_N",2.61629509039022,3.69999999999999
"5617","P06133_C",9.89949493661167,14
"5618","P06133_E",5.65685424949238,8
"5619","P06133_N",13.4350288425444,19
"5620","P06134_C",3.74766594028871,5.30000000000001
"5621","P06134_E",12.0208152801713,17
"5622","P06134_N",3.32340187157677,4.69999999999999
"5623","P06135_C",8.2731493398826,11.7
"5624","P06135_E",10.8894444302728,15.4
"5625","P06135_N",7.77817459305202,11
"5626","P06136_C",5.44472221513641,7.69999999999999
"5627","P06136_E",10.6066017177982,15
"5628","P06136_N",8.69741340859454,12.3
"5629","P06137_C",8.90954544295051,12.6
"5630","P06137_E",4.94974746830583,7
"5631","P06137_N",5.65685424949238,8
"5632","P06140_C",8.48528137423857,12
"5633","P06140_E",8.06101730552663,11.4
"5634","P06140_N",9.47523086789972,13.4
"5635","P06141_C",2.12132034355964,3
"5636","P06141_E",1.4142135623731,2
"5637","P06141_N",0.707106781186548,1
"5638","P06142_C",2.12132034355964,3
"5639","P06142_E",3.95979797464468,5.60000000000002
"5640","P06142_N",0.91923881554252,1.30000000000001
"5641","P06144_C",0.707106781186548,1
"5642","P06144_E",4.24264068711928,6
"5643","P06144_N",5.44472221513641,7.69999999999999
"5644","P06146_C",0.494974746830575,0.699999999999989
"5645","P06146_E",3.25269119345813,4.60000000000002
"5646","P06146_N",2.61629509039022,3.69999999999999
"5647","P06149_C",7.35391052434008,10.4
"5648","P06149_E",6.64680374315353,9.39999999999998
"5649","P06149_N",3.53553390593274,5
"5650","P06150_C",4.24264068711928,6
"5651","P06150_E",1.20208152801712,1.69999999999999
"5652","P06150_N",0.282842712474603,0.399999999999977
"5653","P06151_C",8.98025612106914,12.7
"5654","P06151_E",4.73761543394986,6.69999999999999
"5655","P06151_N",3.25269119345813,4.60000000000002
"5656","P06152_C",8.20243866176397,11.6
"5657","P06152_E",3.32340187157677,4.69999999999999
"5658","P06152_N",0.212132034355972,0.300000000000011
"5659","P06153_C",2.82842712474619,4
"5660","P06153_E",8.06101730552663,11.4
"5661","P06153_N",3.11126983722079,4.39999999999998
"5662","P06154_C",2.82842712474619,4
"5663","P06154_E",0.494974746830575,0.699999999999989
"5664","P06154_N",4.24264068711928,6
"5665","P06159_C",4.94974746830583,7
"5666","P06159_E",5.44472221513641,7.69999999999999
"5667","P06159_N",7.28319984622145,10.3
"5668","P06161_C",4.45477272147526,6.30000000000001
"5669","P06161_E",5.1618795026618,7.30000000000001
"5670","P06161_N",5.1618795026618,7.30000000000001
"5671","P06162_C",0,0
"5672","P06162_E",0.424264068711945,0.600000000000023
"5673","P06162_N",3.11126983722079,4.39999999999998
"5674","P06163_C",3.53553390593274,5
"5675","P06163_E",3.32340187157677,4.69999999999999
"5676","P06163_N",1.4142135623731,2
"5677","P06164_C",1.4142135623731,2
"5678","P06164_E",3.74766594028871,5.30000000000001
"5679","P06164_N",4.03050865276331,5.69999999999999
"5680","P06166_C",3.11126983722079,4.39999999999998
"5681","P06166_E",4.45477272147526,6.30000000000001
"5682","P06166_N",0.494974746830575,0.699999999999989
"5683","P06169_C",1.4142135623731,2
"5684","P06169_E",0.212132034355972,0.300000000000011
"5685","P06169_N",0.494974746830575,0.699999999999989
"5686","P06170_C",0.494974746830575,0.699999999999989
"5687","P06170_E",2.12132034355964,3
"5688","P06170_N",0,0
"5689","P06171_C",3.53553390593274,5
"5690","P06171_E",3.32340187157677,4.69999999999999
"5691","P06171_N",0.282842712474603,0.399999999999977
"5692","P06172_C",6.36396103067893,9
"5693","P06172_E",2.33345237791562,3.30000000000001
"5694","P06172_N",1.20208152801712,1.69999999999999
"5695","P06174_C",2.82842712474619,4
"5696","P06174_E",2.82842712474619,4
"5697","P06174_N",2.82842712474619,4
"5698","P06175_C",3.25269119345813,4.60000000000002
"5699","P06175_E",0.91923881554252,1.30000000000001
"5700","P06175_N",3.53553390593274,5
"5701","P06177_C",4.66690475583123,6.60000000000002
"5702","P06177_E",5.44472221513641,7.69999999999999
"5703","P06177_N",7.77817459305202,11
"5704","P06181_C",NA,0
"5705","P06181_E",NA,0
"5706","P06181_N",NA,0
"5707","P06182_C",NA,0
"5708","P06182_E",NA,0
"5709","P06182_N",NA,0
"5710","P06201_C",0.989949493661171,1.40000000000001
"5711","P06201_E",0.424264068711924,0.599999999999994
"5712","P06201_N",0.212132034355962,0.299999999999997
"5713","P06202_C",1.4142135623731,2
"5714","P06202_E",1.4142135623731,2
"5715","P06202_N",1.20208152801713,1.7
"5716","P06203_C",3.81837661840736,5.40000000000001
"5717","P06203_E",2.3334523779156,3.3
"5718","P06203_N",0,0
"5719","P06205_C",1.4142135623731,2
"5720","P06205_E",0.212132034355962,0.299999999999997
"5721","P06205_N",1.20208152801713,1.7
"5722","P06206_C",4.03050865276332,5.7
"5723","P06206_E",1.4142135623731,2
"5724","P06206_N",4.52548339959391,6.40000000000001
"5725","P06209_C",1.20208152801713,1.7
"5726","P06209_E",1.20208152801713,1.7
"5727","P06209_N",1.90918830920368,2.7
"5728","P06210_C",2.12132034355964,3
"5729","P06210_E",3.53553390593274,5
"5730","P06210_N",0,0
"5731","P06211_C",3.53553390593274,5
"5732","P06211_E",0.494974746830585,0.700000000000003
"5733","P06211_N",3.04055915910215,4.3
"5734","P06213_C",0.989949493661171,1.40000000000001
"5735","P06213_E",2.61629509039023,3.7
"5736","P06213_N",4.45477272147525,6.3
"5737","P06214_C",0.707106781186548,1
"5738","P06214_E",4.73761543394987,6.7
"5739","P06214_N",4.24264068711928,6
"5740","P06215_C",4.73761543394987,6.7
"5741","P06215_E",4.03050865276332,5.7
"5742","P06215_N",2.54558441227157,3.59999999999999
"5743","P06218_C",0.707106781186548,1
"5744","P06218_E",0.494974746830585,0.700000000000003
"5745","P06218_N",2.12132034355964,3
"5746","P06219_C",2.54558441227157,3.59999999999999
"5747","P06219_E",0.707106781186548,1
"5748","P06219_N",0.989949493661171,1.40000000000001
"5749","P06220_C",1.20208152801713,1.7
"5750","P06220_E",1.62634559672906,2.3
"5751","P06220_N",2.3334523779156,3.3
"5752","P06221_C",2.54558441227157,3.59999999999999
"5753","P06221_E",0.424264068711924,0.599999999999994
"5754","P06221_N",0.282842712474623,0.400000000000006
"5755","P06223_C",0.707106781186548,1
"5756","P06223_E",2.3334523779156,3.3
"5757","P06223_N",1.20208152801713,1.7
"5758","P06225_C",1.62634559672906,2.3
"5759","P06225_E",7.28319984622144,10.3
"5760","P06225_N",0.989949493661171,1.40000000000001
"5761","P06227_C",1.90918830920368,2.7
"5762","P06227_E",5.16187950266179,7.3
"5763","P06227_N",5.65685424949238,8
"5764","P06228_C",1.4142135623731,2
"5765","P06228_E",0,0
"5766","P06228_N",0.989949493661171,1.40000000000001
"5767","P06229_C",1.20208152801713,1.7
"5768","P06229_E",3.7476659402887,5.3
"5769","P06229_N",2.61629509039023,3.7
"5770","P06230_C",3.32340187157678,4.7
"5771","P06230_E",0,0
"5772","P06230_N",1.20208152801713,1.7
"5773","P06231_C",4.03050865276332,5.7
"5774","P06231_E",9.6873629022557,13.7
"5775","P06231_N",0.707106781186548,1
"5776","P06233_C",1.20208152801713,1.7
"5777","P06233_E",2.3334523779156,3.3
"5778","P06233_N",0.989949493661171,1.40000000000001
"5779","P06234_C",2.3334523779156,3.3
"5780","P06234_E",0.91923881554251,1.3
"5781","P06234_N",1.20208152801713,1.7
"5782","P06235_C",1.90918830920368,2.7
"5783","P06235_E",0.212132034355962,0.299999999999997
"5784","P06235_N",0.282842712474623,0.400000000000006
"5785","P06236_C",0.212132034355962,0.299999999999997
"5786","P06236_E",0.707106781186548,1
"5787","P06236_N",1.4142135623731,2
"5788","P06237_C",0.212132034355962,0.299999999999997
"5789","P06237_E",0.494974746830585,0.700000000000003
"5790","P06237_N",7.99030662740799,11.3
"5791","P06242_C",0.989949493661171,1.40000000000001
"5792","P06242_E",2.61629509039023,3.7
"5793","P06242_N",0.212132034355962,0.299999999999997
"5794","P06246_C",0,0
"5795","P06246_E",2.61629509039023,3.7
"5796","P06246_N",1.20208152801713,1.7
"5797","P06249_C",3.32340187157678,4.7
"5798","P06249_E",2.61629509039023,3.7
"5799","P06249_N",3.11126983722081,4.40000000000001
"5800","P06250_C",4.73761543394987,6.7
"5801","P06250_E",3.7476659402887,5.3
"5802","P06250_N",0.212132034355962,0.299999999999997
"5803","P06252_C",0.707106781186548,1
"5804","P06252_E",2.61629509039023,3.7
"5805","P06252_N",3.32340187157678,4.7
"5806","P06254_C",3.04055915910215,4.3
"5807","P06254_E",2.61629509039023,3.7
"5808","P06254_N",6.57609306503489,9.3
"5809","P06255_C",4.03050865276332,5.7
"5810","P06255_E",7.07106781186548,10
"5811","P06255_N",4.03050865276332,5.7
"5812","P06258_C",2.12132034355964,3
"5813","P06258_E",3.04055915910215,4.3
"5814","P06258_N",1.13137084989847,1.59999999999999
"5815","P06259_C",2.82842712474619,4
"5816","P06259_E",2.61629509039023,3.7
"5817","P06259_N",0.494974746830585,0.700000000000003
"5818","P06263_C",1.83847763108502,2.59999999999999
"5819","P06263_E",0,0
"5820","P06263_N",4.03050865276332,5.7
"5821","P06264_C",0.494974746830585,0.700000000000003
"5822","P06264_E",NA,-Inf
"5823","P06264_N",0.282842712474623,0.400000000000006
"5824","P06265_C",NA,0
"5825","P06265_E",NA,0
"5826","P06265_N",NA,0
"5827","P06266_C",3.32340187157678,4.7
"5828","P06266_E",3.25269119345811,4.59999999999999
"5829","P06266_N",1.13137084989847,1.59999999999999
"5830","P06267_C",5.939696961967,8.40000000000001
"5831","P06267_E",1.13137084989847,1.59999999999999
"5832","P06267_N",2.3334523779156,3.3
"5833","P06268_C",2.82842712474619,4
"5834","P06268_E",7.07106781186548,10
"5835","P06268_N",0.282842712474623,0.400000000000006
"5836","P06269_C",4.45477272147525,6.3
"5837","P06269_E",0,0
"5838","P06269_N",1.62634559672906,2.3
"5839","P06273_C",0.707106781186548,1
"5840","P06273_E",2.82842712474619,4
"5841","P06273_N",2.61629509039023,3.7
"5842","P06274_C",1.20208152801713,1.7
"5843","P06274_E",1.90918830920368,2.7
"5844","P06274_N",1.20208152801713,1.7
"5845","P06301_C",3.32340187157677,4.69999999999999
"5846","P06301_E",2.33345237791562,3.30000000000001
"5847","P06301_N",3.53553390593274,5
"5848","P06302_C",2.40416305603425,3.39999999999998
"5849","P06302_E",5.44472221513641,7.69999999999999
"5850","P06302_N",3.53553390593274,5
"5851","P06303_C",1.90918830920367,2.69999999999999
"5852","P06303_E",8.2731493398826,11.7
"5853","P06303_N",3.95979797464468,5.60000000000002
"5854","P06306_C",0.91923881554252,1.30000000000001
"5855","P06306_E",12.5157900270019,17.7
"5856","P06306_N",2.33345237791562,3.30000000000001
"5857","P06309_C",4.73761543394986,6.69999999999999
"5858","P06309_E",0.212132034355972,0.300000000000011
"5859","P06309_N",1.4142135623731,2
"5860","P06311_C",6.8589357775095,9.69999999999999
"5861","P06311_E",2.12132034355964,3
"5862","P06311_N",3.53553390593274,5
"5863","P06313_C",3.74766594028871,5.30000000000001
"5864","P06313_E",1.4142135623731,2
"5865","P06313_N",3.32340187157677,4.69999999999999
"5866","P06315_C",2.33345237791562,3.30000000000001
"5867","P06315_E",13.930003589375,19.7
"5868","P06315_N",5.65685424949238,8
"5869","P06316_C",1.4142135623731,2
"5870","P06316_E",7.77817459305202,11
"5871","P06316_N",9.19238815542512,13
"5872","P06318_C",8.48528137423857,12
"5873","P06318_E",0.424264068711945,0.600000000000023
"5874","P06318_N",7.35391052434008,10.4
"5875","P06319_C",1.62634559672907,2.30000000000001
"5876","P06319_E",8.98025612106914,12.7
"5877","P06319_N",2.82842712474619,4
"5878","P06320_C",11.3137084989848,16
"5879","P06320_E",3.53553390593274,5
"5880","P06320_N",6.36396103067893,9
"5881","P06321_C",2.33345237791562,3.30000000000001
"5882","P06321_E",5.65685424949238,8
"5883","P06321_N",0.494974746830575,0.699999999999989
"5884","P06322_C",2.82842712474619,4
"5885","P06322_E",4.45477272147526,6.30000000000001
"5886","P06322_N",3.53553390593274,5
"5887","P06323_C",4.73761543394986,6.69999999999999
"5888","P06323_E",1.20208152801712,1.69999999999999
"5889","P06323_N",5.44472221513641,7.69999999999999
"5890","P06325_C",7.28319984622145,10.3
"5891","P06325_E",0.707106781186548,1
"5892","P06325_N",1.20208152801712,1.69999999999999
"5893","P06326_C",2.33345237791562,3.30000000000001
"5894","P06326_E",5.23259018078044,7.39999999999998
"5895","P06326_N",5.86898628384835,8.30000000000001
"5896","P06329_C",15.3442171517481,21.7
"5897","P06329_E",15.8391918985786,22.4
"5898","P06329_N",0,0
"5899","P06333_C",8.48528137423857,12
"5900","P06333_E",0.91923881554252,1.30000000000001
"5901","P06333_N",3.04055915910216,4.30000000000001
"5902","P06334_C",3.95979797464468,5.60000000000002
"5903","P06334_E",1.20208152801712,1.69999999999999
"5904","P06334_N",11.3137084989848,16
"5905","P06335_C",5.44472221513641,7.69999999999999
"5906","P06335_E",13.4350288425444,19
"5907","P06335_N",4.03050865276331,5.69999999999999
"5908","P06336_C",4.24264068711928,6
"5909","P06336_E",4.73761543394986,6.69999999999999
"5910","P06336_N",0.424264068711945,0.600000000000023
"5911","P06337_C",5.65685424949238,8
"5912","P06337_E",1.62634559672907,2.30000000000001
"5913","P06337_N",2.82842712474619,4
"5914","P06338_C",2.61629509039022,3.69999999999999
"5915","P06338_E",6.36396103067893,9
"5916","P06338_N",13.717871555019,19.4
"5917","P06339_C",10.8187337521542,15.3
"5918","P06339_E",7.49533188057742,10.6
"5919","P06339_N",2.82842712474619,4
"5920","P06340_C",3.32340187157677,4.69999999999999
"5921","P06340_E",3.53553390593274,5
"5922","P06340_N",12.5157900270019,17.7
"5923","P06341_C",3.53553390593274,5
"5924","P06341_E",4.94974746830583,7
"5925","P06341_N",0.212132034355972,0.300000000000011
"5926","P06342_C",5.86898628384835,8.30000000000001
"5927","P06342_E",1.20208152801712,1.69999999999999
"5928","P06342_N",2.12132034355964,3
"5929","P06343_C",1.20208152801712,1.69999999999999
"5930","P06343_E",9.19238815542512,13
"5931","P06343_N",6.8589357775095,9.69999999999999
"5932","P06344_C",19.3747258045114,27.4
"5933","P06344_E",10.3944696834422,14.7
"5934","P06344_N",4.73761543394986,6.69999999999999
"5935","P06345_C",13.717871555019,19.4
"5936","P06345_E",1.13137084989849,1.60000000000002
"5937","P06345_N",5.23259018078044,7.39999999999998
"5938","P06348_C",1.4142135623731,2
"5939","P06348_E",2.12132034355964,3
"5940","P06348_N",12.3036579926459,17.4
"5941","P06349_C",5.23259018078044,7.39999999999998
"5942","P06349_E",7.28319984622145,10.3
"5943","P06349_N",1.13137084989849,1.60000000000002
"5944","P06350_C",2.40416305603425,3.39999999999998
"5945","P06350_E",2.40416305603425,3.39999999999998
"5946","P06350_N",0.282842712474603,0.399999999999977
"5947","P06351_C",0.707106781186548,1
"5948","P06351_E",1.6970562748477,2.39999999999998
"5949","P06351_N",6.15182899632295,8.69999999999999
"5950","P06352_C",4.73761543394986,6.69999999999999
"5951","P06352_E",4.03050865276331,5.69999999999999
"5952","P06352_N",2.40416305603425,3.39999999999998
"5953","P06354_C",2.61629509039022,3.69999999999999
"5954","P06354_E",3.53553390593274,5
"5955","P06354_N",3.04055915910216,4.30000000000001
"5956","P06357_C",8.2731493398826,11.7
"5957","P06357_E",0.98994949366115,1.39999999999998
"5958","P06357_N",2.82842712474619,4
"5959","P06358_C",0.212132034355972,0.300000000000011
"5960","P06358_E",13.4350288425444,19
"5961","P06358_N",2.12132034355964,3
"5962","P06361_C",3.74766594028871,5.30000000000001
"5963","P06361_E",7.56604255869605,10.7
"5964","P06361_N",4.94974746830583,7
"5965","P06362_C",3.81837661840734,5.39999999999998
"5966","P06362_E",1.62634559672907,2.30000000000001
"5967","P06362_N",6.36396103067893,9
"5968","P06364_C",1.13137084989849,1.60000000000002
"5969","P06364_E",4.73761543394986,6.69999999999999
"5970","P06364_N",9.89949493661167,14
"5971","P06365_C",10.1823376490863,14.4
"5972","P06365_E",0.494974746830575,0.699999999999989
"5973","P06365_N",2.12132034355964,3
"5974","P06366_C",0.91923881554252,1.30000000000001
"5975","P06366_E",0.707106781186548,1
"5976","P06366_N",1.20208152801712,1.69999999999999
"5977","P06370_C",8.06101730552663,11.4
"5978","P06370_E",0.212132034355972,0.300000000000011
"5979","P06370_N",22.6274169979695,32
"5980","P06501_C",NA,0
"5981","P06501_E",NA,0
"5982","P06501_N",NA,0
"5983","P06502_C",NA,0
"5984","P06502_E",NA,0
"5985","P06502_N",NA,0
"5986","P06503_C",NA,0
"5987","P06503_E",NA,0
"5988","P06503_N",NA,0
"5989","P06505_C",NA,0
"5990","P06505_E",NA,0
"5991","P06505_N",NA,0
"5992","P06508_C",NA,0
"5993","P06508_E",NA,0
"5994","P06508_N",NA,0
"5995","P06509_C",NA,0
"5996","P06509_E",NA,0
"5997","P06509_N",NA,0
"5998","P06510_C",NA,0
"5999","P06510_E",NA,0
"6000","P06510_N",NA,0
"6001","P06511_C",2.61629509039022,3.69999999999999
"6002","P06511_E",5.93969696196698,8.39999999999998
"6003","P06511_N",3.53553390593274,5
"6004","P06513_C",0.212132034355972,0.300000000000011
"6005","P06513_E",1.6970562748477,2.39999999999998
"6006","P06513_N",2.82842712474619,4
"6007","P06515_C",8.48528137423857,12
"6008","P06515_E",2.54558441227159,3.60000000000002
"6009","P06515_N",2.12132034355964,3
"6010","P06517_N",NA,0
"6011","P06520_C",NA,0
"6012","P06520_E",NA,0
"6013","P06522_C",2.54558441227159,3.60000000000002
"6014","P06522_E",NA,0
"6015","P06522_N",1.13137084989849,1.60000000000002
"6016","P06524_C",NA,0
"6017","P06524_E",5.1618795026618,7.30000000000001
"6018","P06524_N",2.12132034355964,3
"6019","P06525_C",7.990306627408,11.3
"6020","P06525_E",6.15182899632295,8.69999999999999
"6021","P06525_N",4.73761543394986,6.69999999999999
"6022","P06526_C",2.82842712474619,4
"6023","P06526_E",4.73761543394986,6.69999999999999
"6024","P06526_N",1.4142135623731,2
"6025","P06529_C",3.04055915910216,4.30000000000001
"6026","P06529_E",1.4142135623731,2
"6027","P06529_N",7.77817459305202,11
"6028","P06530_C",NA,-Inf
"6029","P06530_E",NA,0
"6030","P06530_N",NA,-Inf
"6031","P06531_C",0.91923881554252,1.30000000000001
"6032","P06531_E",10.3237590053236,14.6
"6033","P06531_N",2.12132034355964,3
"6034","P06532_E",NA,0
"6035","P06534_C",1.4142135623731,2
"6036","P06534_E",3.04055915910216,4.30000000000001
"6037","P06534_N",NA,0
"6038","P06535_C",7.77817459305202,11
"6039","P06535_E",7.990306627408,11.3
"6040","P06535_N",5.44472221513641,7.69999999999999
"6041","P06537_C",6.5760930650349,9.30000000000001
"6042","P06537_E",6.36396103067893,9
"6043","P06537_N",NA,0
"6044","P06538_C",22.1324422511389,31.3
"6045","P06538_E",7.77817459305202,11
"6046","P06538_N",4.03050865276331,5.69999999999999
"6047","P06540_N",NA,0
"6048","P06544_C",3.25269119345813,4.60000000000002
"6049","P06544_E",0.494974746830575,0.699999999999989
"6050","P06544_N",2.33345237791562,3.30000000000001
"6051","P06545_C",3.74766594028871,5.30000000000001
"6052","P06545_E",7.56604255869605,10.7
"6053","P06545_N",2.12132034355964,3
"6054","P06548_C",0.707106781186548,1
"6055","P06548_E",0,0
"6056","P06548_N",2.61629509039022,3.69999999999999
"6057","P06553_C",NA,0
"6058","P06553_E",NA,-Inf
"6059","P06553_N",NA,0
"6060","P06555_C",NA,0
"6061","P06555_E",NA,0
"6062","P06555_N",NA,-Inf
"6063","P06557_C",1.62634559672907,2.30000000000001
"6064","P06557_E",2.82842712474619,4
"6065","P06557_N",1.20208152801712,1.69999999999999
"6066","P06558_C",NA,0
"6067","P06558_E",NA,0
"6068","P06558_N",NA,0
"6069","P06561_C",2.82842712474619,4
"6070","P06561_E",2.33345237791562,3.30000000000001
"6071","P06561_N",0.212132034355972,0.300000000000011
"6072","P06564_C",1.83847763108504,2.60000000000002
"6073","P06564_E",0.98994949366115,1.39999999999998
"6074","P06564_N",0.707106781186548,1
"6075","P06565_C",0.424264068711945,0.600000000000023
"6076","P06565_E",0,0
"6077","P06565_N",6.08111831820433,8.60000000000002
"6078","P06567_C",0.282842712474603,0.399999999999977
"6079","P06567_E",20.9303607231218,29.6
"6080","P06567_N",12.2329473145273,17.3
"6081","P06568_C",1.62634559672907,2.30000000000001
"6082","P06568_E",2.61629509039022,3.69999999999999
"6083","P06568_N",3.53553390593274,5
"6084","P06569_C",2.12132034355964,3
"6085","P06569_E",6.08111831820433,8.60000000000002
"6086","P06569_N",8.90954544295051,12.6
"6087","P06571_C",3.04055915910216,4.30000000000001
"6088","P06571_E",12.7279220613579,18
"6089","P06571_N",6.36396103067893,9
"6090","P06577_C",2.82842712474619,4
"6091","P06577_E",1.62634559672907,2.30000000000001
"6092","P06577_N",10.6066017177982,15
"6093","P06578_C",24.7487373415292,35
"6094","P06578_E",2.12132034355964,3
"6095","P06578_N",9.19238815542512,13
"6096","P06579_C",4.66690475583123,6.60000000000002
"6097","P06579_E",4.73761543394986,6.69999999999999
"6098","P06579_N",NA,0
"6099","P06580_C",15.76848122046,22.3
"6100","P06580_E",3.74766594028871,5.30000000000001
"6101","P06580_N",9.40452018978109,13.3
"6102","P06581_C",NA,0
"6103","P06581_E",NA,0
"6104","P06581_N",NA,0
"6105","P06582_C",NA,0
"6106","P06582_E",NA,0
"6107","P06582_N",NA,0
"6108","P06583_C",NA,-Inf
"6109","P06583_E",NA,-Inf
"6110","P06583_N",NA,-Inf
"6111","P06584_C",NA,-Inf
"6112","P06584_E",NA,-Inf
"6113","P06584_N",NA,-Inf
"6114","P06585_C",NA,0
"6115","P06585_E",NA,0
"6116","P06585_N",NA,0
"6117","P06586_C",NA,0
"6118","P06586_E",NA,0
"6119","P06586_N",NA,0
"6120","P06601_C",3.53553390593274,5
"6121","P06601_E",7.77817459305202,11
"6122","P06601_N",2.40416305603425,3.39999999999998
"6123","P06602_C",1.83847763108504,2.60000000000002
"6124","P06602_E",1.4142135623731,2
"6125","P06602_N",3.95979797464468,5.60000000000002
"6126","P06604_C",2.54558441227159,3.60000000000002
"6127","P06604_E",5.86898628384835,8.30000000000001
"6128","P06604_N",2.12132034355964,3
"6129","P06605_C",2.40416305603425,3.39999999999998
"6130","P06605_E",0.212132034355972,0.300000000000011
"6131","P06605_N",4.45477272147526,6.30000000000001
"6132","P06606_C",10.3237590053236,14.6
"6133","P06606_E",3.11126983722079,4.39999999999998
"6134","P06606_N",3.32340187157677,4.69999999999999
"6135","P06607_C",1.90918830920367,2.69999999999999
"6136","P06607_E",5.23259018078044,7.39999999999998
"6137","P06607_N",2.33345237791562,3.30000000000001
"6138","P06608_C",0.494974746830575,0.699999999999989
"6139","P06608_E",2.54558441227159,3.60000000000002
"6140","P06608_N",8.48528137423857,12
"6141","P06609_C",0,0
"6142","P06609_E",1.90918830920367,2.69999999999999
"6143","P06609_N",0.707106781186548,1
"6144","P06611_C",3.53553390593274,5
"6145","P06611_E",5.44472221513641,7.69999999999999
"6146","P06611_N",0.707106781186548,1
"6147","P06613_C",7.77817459305202,11
"6148","P06613_E",11.3137084989848,16
"6149","P06613_N",9.40452018978109,13.3
"6150","P06617_C",2.54558441227159,3.60000000000002
"6151","P06617_E",2.33345237791562,3.30000000000001
"6152","P06617_N",5.65685424949238,8
"6153","P06620_C",0.707106781186548,1
"6154","P06620_E",1.13137084989849,1.60000000000002
"6155","P06620_N",2.82842712474619,4
"6156","P06621_C",4.94974746830583,7
"6157","P06621_E",0.282842712474603,0.399999999999977
"6158","P06621_N",2.12132034355964,3
"6159","P06625_C",4.03050865276331,5.69999999999999
"6160","P06625_E",5.23259018078044,7.39999999999998
"6161","P06625_N",7.49533188057742,10.6
"6162","P06627_C",3.04055915910216,4.30000000000001
"6163","P06627_E",5.65685424949238,8
"6164","P06627_N",5.44472221513641,7.69999999999999
"6165","P06628_C",3.04055915910216,4.30000000000001
"6166","P06628_E",3.74766594028871,5.30000000000001
"6167","P06628_N",0.707106781186548,1
"6168","P06629_C",0.494974746830575,0.699999999999989
"6169","P06629_E",4.45477272147526,6.30000000000001
"6170","P06629_N",4.24264068711928,6
"6171","P06630_C",1.4142135623731,2
"6172","P06630_E",3.04055915910216,4.30000000000001
"6173","P06630_N",2.12132034355964,3
"6174","P06632_C",4.94974746830583,7
"6175","P06632_E",1.4142135623731,2
"6176","P06632_N",5.86898628384835,8.30000000000001
"6177","P06634_C",3.25269119345813,4.60000000000002
"6178","P06634_E",1.62634559672907,2.30000000000001
"6179","P06634_N",1.4142135623731,2
"6180","P06636_C",0.494974746830575,0.699999999999989
"6181","P06636_E",1.13137084989849,1.60000000000002
"6182","P06636_N",2.82842712474619,4
"6183","P06638_C",3.74766594028871,5.30000000000001
"6184","P06638_E",1.20208152801712,1.69999999999999
"6185","P06638_N",2.40416305603425,3.39999999999998
"6186","P06643_C",1.90918830920367,2.69999999999999
"6187","P06643_E",5.23259018078044,7.39999999999998
"6188","P06643_N",4.73761543394986,6.69999999999999
"6189","P06644_C",10.1116269709676,14.3
"6190","P06644_E",5.65685424949238,8
"6191","P06644_N",1.62634559672907,2.30000000000001
"6192","P06645_C",0.98994949366115,1.39999999999998
"6193","P06645_E",1.4142135623731,2
"6194","P06645_N",4.03050865276331,5.69999999999999
"6195","P06646_C",2.82842712474619,4
"6196","P06646_E",4.73761543394986,6.69999999999999
"6197","P06646_N",2.82842712474619,4
"6198","P06652_C",11.0308657865102,15.6
"6199","P06652_E",11.5258405333407,16.3
"6200","P06652_N",2.12132034355964,3
"6201","P06653_C",5.23259018078044,7.39999999999998
"6202","P06653_E",5.86898628384835,8.30000000000001
"6203","P06653_N",4.24264068711928,6
"6204","P06655_C",0,0
"6205","P06655_E",4.03050865276331,5.69999999999999
"6206","P06655_N",2.33345237791562,3.30000000000001
"6207","P06656_C",5.37401153701778,7.60000000000002
"6208","P06656_E",0.212132034355972,0.300000000000011
"6209","P06656_N",3.11126983722079,4.39999999999998
"6210","P06657_C",4.73761543394986,6.69999999999999
"6211","P06657_E",1.62634559672907,2.30000000000001
"6212","P06657_N",1.62634559672907,2.30000000000001
"6213","P06661_C",1.62634559672907,2.30000000000001
"6214","P06661_E",5.1618795026618,7.30000000000001
"6215","P06661_N",3.81837661840734,5.39999999999998
"6216","P06663_C",2.33345237791562,3.30000000000001
"6217","P06663_E",0.424264068711945,0.600000000000023
"6218","P06663_N",7.77817459305202,11
"6219","P06664_C",6.5760930650349,9.30000000000001
"6220","P06664_E",2.12132034355964,3
"6221","P06664_N",7.77817459305202,11
"6222","P06670_C",2.61629509039022,3.69999999999999
"6223","P06670_E",8.2731493398826,11.7
"6224","P06670_N",3.11126983722079,4.39999999999998
"6225","P06671_C",0.707106781186548,1
"6226","P06671_E",7.07106781186548,10
"6227","P06671_N",3.25269119345813,4.60000000000002
"6228","P06672_C",0.91923881554252,1.30000000000001
"6229","P06672_E",0.707106781186548,1
"6230","P06672_N",5.1618795026618,7.30000000000001
"6231","P06673_C",0.91923881554252,1.30000000000001
"6232","P06673_E",1.13137084989849,1.60000000000002
"6233","P06673_N",2.33345237791562,3.30000000000001
"6234","P06674_C",0.91923881554252,1.30000000000001
"6235","P06674_E",14.4249783362056,20.4
"6236","P06674_N",1.13137084989849,1.60000000000002
"6237","P06675_C",1.6970562748477,2.39999999999998
"6238","P06675_E",1.62634559672907,2.30000000000001
"6239","P06675_N",0.212132034355972,0.300000000000011
"6240","P06676_C",4.66690475583123,6.60000000000002
"6241","P06676_E",4.73761543394986,6.69999999999999
"6242","P06676_N",6.36396103067893,9
"6243","P06677_C",0.91923881554252,1.30000000000001
"6244","P06677_E",2.33345237791562,3.30000000000001
"6245","P06677_N",1.83847763108504,2.60000000000002
"6246","P06678_C",0.494974746830575,0.699999999999989
"6247","P06678_E",1.83847763108504,2.60000000000002
"6248","P06678_N",1.4142135623731,2
"6249","P06680_C",2.12132034355964,3
"6250","P06680_E",1.4142135623731,2
"6251","P06680_N",6.5760930650349,9.30000000000001
"6252","P06681_C",NA,0
"6253","P06681_E",NA,0
"6254","P06681_N",NA,0
"6255","P06701_C",2.40416305603425,3.39999999999998
"6256","P06701_E",0.707106781186548,1
"6257","P06701_N",0.212132034355972,0.300000000000011
"6258","P06702_C",4.03050865276331,5.69999999999999
"6259","P06702_E",0.707106781186548,1
"6260","P06702_N",0.707106781186548,1
"6261","P06703_C",0.707106781186548,1
"6262","P06703_E",1.90918830920367,2.69999999999999
"6263","P06703_N",0.91923881554252,1.30000000000001
"6264","P06704_C",4.73761543394986,6.69999999999999
"6265","P06704_E",0.494974746830575,0.699999999999989
"6266","P06704_N",3.95979797464468,5.60000000000002
"6267","P06705_C",0.494974746830575,0.699999999999989
"6268","P06705_E",0.91923881554252,1.30000000000001
"6269","P06705_N",0.494974746830575,0.699999999999989
"6270","P06706_C",1.90918830920367,2.69999999999999
"6271","P06706_E",0.494974746830575,0.699999999999989
"6272","P06706_N",8.48528137423857,12
"6273","P06707_C",3.53553390593274,5
"6274","P06707_E",8.20243866176397,11.6
"6275","P06707_N",1.62634559672907,2.30000000000001
"6276","P06708_C",0.212132034355972,0.300000000000011
"6277","P06708_E",3.53553390593274,5
"6278","P06708_N",3.04055915910216,4.30000000000001
"6279","P06709_C",3.81837661840734,5.39999999999998
"6280","P06709_E",1.6970562748477,2.39999999999998
"6281","P06709_N",0.212132034355972,0.300000000000011
"6282","P06710_C",0.91923881554252,1.30000000000001
"6283","P06710_E",0.91923881554252,1.30000000000001
"6284","P06710_N",0,0
"6285","P06711_C",2.82842712474619,4
"6286","P06711_E",0.424264068711945,0.600000000000023
"6287","P06711_N",2.61629509039022,3.69999999999999
"6288","P06712_C",3.53553390593274,5
"6289","P06712_E",1.4142135623731,2
"6290","P06712_N",0.494974746830575,0.699999999999989
"6291","P06713_C",3.25269119345813,4.60000000000002
"6292","P06713_E",7.77817459305202,11
"6293","P06713_N",6.36396103067893,9
"6294","P06714_C",0.212132034355972,0.300000000000011
"6295","P06714_E",1.20208152801712,1.69999999999999
"6296","P06714_N",1.20208152801712,1.69999999999999
"6297","P06715_C",2.40416305603425,3.39999999999998
"6298","P06715_E",2.82842712474619,4
"6299","P06715_N",2.12132034355964,3
"6300","P06716_C",7.56604255869605,10.7
"6301","P06716_E",3.04055915910216,4.30000000000001
"6302","P06716_N",1.4142135623731,2
"6303","P06717_C",2.12132034355964,3
"6304","P06717_E",4.94974746830583,7
"6305","P06717_N",8.98025612106914,12.7
"6306","P06718_C",4.24264068711928,6
"6307","P06718_E",7.77817459305202,11
"6308","P06718_N",5.65685424949238,8
"6309","P06719_C",1.20208152801712,1.69999999999999
"6310","P06719_E",3.53553390593274,5
"6311","P06719_N",5.44472221513641,7.69999999999999
"6312","P06720_C",3.32340187157677,4.69999999999999
"6313","P06720_E",6.36396103067893,9
"6314","P06720_N",3.95979797464468,5.60000000000002
"6315","P06721_C",0.98994949366115,1.39999999999998
"6316","P06721_E",3.53553390593274,5
"6317","P06721_N",0,0
"6318","P06722_C",9.19238815542512,13
"6319","P06722_E",5.65685424949238,8
"6320","P06722_N",6.15182899632295,8.69999999999999
"6321","P06723_C",NA,0
"6322","P06723_E",NA,0
"6323","P06723_N",NA,0
"6324","P06724_C",1.62634559672907,2.30000000000001
"6325","P06724_E",4.24264068711928,6
"6326","P06724_N",0.212132034355972,0.300000000000011
"6327","P06725_C",2.12132034355964,3
"6328","P06725_E",0.494974746830575,0.699999999999989
"6329","P06725_N",1.90918830920367,2.69999999999999
"6330","P06726_C",2.82842712474619,4
"6331","P06726_E",2.33345237791562,3.30000000000001
"6332","P06726_N",1.90918830920367,2.69999999999999
"6333","P06727_C",3.74766594028871,5.30000000000001
"6334","P06727_E",1.4142135623731,2
"6335","P06727_N",0,0
"6336","P06728_C",3.81837661840734,5.39999999999998
"6337","P06728_E",4.24264068711928,6
"6338","P06728_N",1.20208152801712,1.69999999999999
"6339","P06729_C",3.25269119345813,4.60000000000002
"6340","P06729_E",0.424264068711945,0.600000000000023
"6341","P06729_N",2.61629509039022,3.69999999999999
"6342","P06730_C",10.1116269709676,14.3
"6343","P06730_E",2.12132034355964,3
"6344","P06730_N",0.91923881554252,1.30000000000001
"6345","P06731_C",1.4142135623731,2
"6346","P06731_E",NA,0
"6347","P06731_N",NA,0
"6348","P06734_C",5.23259018078044,7.39999999999998
"6349","P06734_E",7.56604255869605,10.7
"6350","P06734_N",4.03050865276331,5.69999999999999
"6351","P06735_C",4.24264068711928,6
"6352","P06735_E",1.90918830920367,2.69999999999999
"6353","P06735_N",4.94974746830583,7
"6354","P06736_C",5.65685424949238,8
"6355","P06736_E",1.62634559672907,2.30000000000001
"6356","P06736_N",2.33345237791562,3.30000000000001
"6357","P06738_C",2.82842712474619,4
"6358","P06738_E",2.61629509039022,3.69999999999999
"6359","P06738_N",4.52548339959389,6.39999999999998
"6360","P06740_C",4.94974746830583,7
"6361","P06740_E",4.94974746830583,7
"6362","P06740_N",4.45477272147526,6.30000000000001
"6363","P06741_C",3.74766594028871,5.30000000000001
"6364","P06741_E",1.4142135623731,2
"6365","P06741_N",5.1618795026618,7.30000000000001
"6366","P06742_C",0.91923881554252,1.30000000000001
"6367","P06742_E",6.15182899632295,8.69999999999999
"6368","P06742_N",0.91923881554252,1.30000000000001
"6369","P06743_C",0.424264068711945,0.600000000000023
"6370","P06743_E",5.86898628384835,8.30000000000001
"6371","P06743_N",3.53553390593274,5
"6372","P06744_C",5.93969696196698,8.39999999999998
"6373","P06744_E",9.40452018978109,13.3
"6374","P06744_N",6.36396103067893,9
"6375","P06745_C",2.33345237791562,3.30000000000001
"6376","P06745_E",0.98994949366115,1.39999999999998
"6377","P06745_N",1.20208152801712,1.69999999999999
"6378","P06746_C",6.8589357775095,9.69999999999999
"6379","P06746_E",6.8589357775095,9.69999999999999
"6380","P06746_N",1.20208152801712,1.69999999999999
"6381","P06749_C",4.73761543394986,6.69999999999999
"6382","P06749_E",NA,0
"6383","P06749_N",24.7487373415292,35
"6384","P06750_C",6.64680374315353,9.39999999999998
"6385","P06750_E",7.990306627408,11.3
"6386","P06750_N",4.24264068711928,6
"6387","P06781_C",NA,0
"6388","P06781_E",NA,0
"6389","P06781_N",NA,0
"6390","P06801_C",18.3847763108502,26
"6391","P06801_E",1.62634559672907,2.30000000000001
"6392","P06801_N",7.56604255869605,10.7
"6393","P06802_C",11.5258405333407,16.3
"6394","P06802_E",13.2228968081884,18.7
"6395","P06802_N",14.142135623731,20
"6396","P06803_C",2.82842712474619,4
"6397","P06803_E",3.53553390593274,5
"6398","P06803_N",4.45477272147526,6.30000000000001
"6399","P06804_C",14.3542676580869,20.3
"6400","P06804_E",58.4777308041275,82.7
"6401","P06804_N",25.9508188695463,36.7
"6402","P06805_C",3.04055915910216,4.30000000000001
"6403","P06805_E",1.4142135623731,2
"6404","P06805_N",4.24264068711928,6
"6405","P06808_E",4.52548339959389,6.39999999999998
"6406","P06811_C",8.90954544295051,12.6
"6407","P06811_E",7.28319984622145,10.3
"6408","P06811_N",8.2731493398826,11.7
"6409","P06812_C",6.8589357775095,9.69999999999999
"6410","P06812_E",5.65685424949238,8
"6411","P06812_N",14.3542676580869,20.3
"6412","P06813_C",6.8589357775095,9.69999999999999
"6413","P06813_E",5.65685424949238,8
"6414","P06813_N",6.78822509939087,9.60000000000002
"6415","P06814_C",6.78822509939087,9.60000000000002
"6416","P06814_E",2.82842712474619,4
"6417","P06814_N",7.77817459305202,11
"6418","P06815_C",9.19238815542512,13
"6419","P06815_E",0.91923881554252,1.30000000000001
"6420","P06815_N",6.36396103067893,9
"6421","P06816_C",5.1618795026618,7.30000000000001
"6422","P06816_E",8.48528137423857,12
"6423","P06816_N",3.04055915910216,4.30000000000001
"6424","P06817_C",20.5060966544099,29
"6425","P06817_E",22.4152849636135,31.7
"6426","P06817_N",1.62634559672907,2.30000000000001
"6427","P06818_C",3.53553390593274,5
"6428","P06818_E",0.98994949366115,1.39999999999998
"6429","P06818_N",3.53553390593274,5
"6430","P06819_C",5.1618795026618,7.30000000000001
"6431","P06819_E",3.04055915910216,4.30000000000001
"6432","P06819_N",12.0208152801713,17
"6433","P06820_C",0.494974746830575,0.699999999999989
"6434","P06820_E",3.25269119345813,4.60000000000002
"6435","P06820_N",4.94974746830583,7
"6436","P06826_C",6.36396103067893,9
"6437","P06826_E",21.2132034355964,30
"6438","P06826_N",7.56604255869605,10.7
"6439","P06827_C",1.4142135623731,2
"6440","P06827_E",1.83847763108504,2.60000000000002
"6441","P06827_N",8.48528137423857,12
"6442","P06828_C",14.142135623731,20
"6443","P06828_E",0.707106781186548,1
"6444","P06828_N",16.0513239329346,22.7
"6445","P06829_C",7.77817459305202,11
"6446","P06829_E",5.65685424949238,8
"6447","P06829_N",7.77817459305202,11
"6448","P06830_C",2.33345237791562,3.30000000000001
"6449","P06830_E",5.65685424949238,8
"6450","P06830_N",2.12132034355964,3
"6451","P06834_C",10.8894444302728,15.4
"6452","P06834_E",1.13137084989849,1.60000000000002
"6453","P06834_N",4.73761543394986,6.69999999999999
"6454","P06836_C",4.45477272147526,6.30000000000001
"6455","P06836_E",8.76812408671317,12.4
"6456","P06836_N",5.1618795026618,7.30000000000001
"6457","P06837_C",0.424264068711945,0.600000000000023
"6458","P06837_E",5.65685424949238,8
"6459","P06837_N",4.03050865276331,5.69999999999999
"6460","P06838_C",14.4249783362056,20.4
"6461","P06838_E",15.0613744392735,21.3
"6462","P06838_N",6.08111831820433,8.60000000000002
"6463","P06839_C",4.73761543394986,6.69999999999999
"6464","P06839_E",8.48528137423857,12
"6465","P06839_N",13.6471608769004,19.3
"6466","P06840_C",7.07106781186548,10
"6467","P06840_E",9.61665222413706,13.6
"6468","P06840_N",12.0208152801713,17
"6469","P06846_C",9.68736290225569,13.7
"6470","P06846_E",15.76848122046,22.3
"6471","P06846_N",7.07106781186548,10
"6472","P06848_C",3.25269119345813,4.60000000000002
"6473","P06848_E",5.44472221513641,7.69999999999999
"6474","P06848_N",3.04055915910216,4.30000000000001
"6475","P06849_C",1.4142135623731,2
"6476","P06849_E",4.66690475583123,6.60000000000002
"6477","P06849_N",0.424264068711945,0.600000000000023
"6478","P06850_C",2.82842712474619,4
"6479","P06850_E",4.66690475583123,6.60000000000002
"6480","P06850_N",4.03050865276331,5.69999999999999
"6481","P06851_C",5.23259018078044,7.39999999999998
"6482","P06851_E",7.35391052434008,10.4
"6483","P06851_N",4.73761543394986,6.69999999999999
"6484","P06853_C",9.19238815542512,13
"6485","P06853_E",5.86898628384835,8.30000000000001
"6486","P06853_N",11.7379725676967,16.6
"6487","P06855_C",14.142135623731,20
"6488","P06855_E",7.990306627408,11.3
"6489","P06855_N",3.74766594028871,5.30000000000001
"6490","P06857_C",3.53553390593274,5
"6491","P06857_E",0,0
"6492","P06857_N",2.54558441227159,3.60000000000002
"6493","P06858_C",12.2329473145273,17.3
"6494","P06858_E",6.36396103067893,9
"6495","P06858_N",1.4142135623731,2
"6496","P06859_C",4.52548339959389,6.39999999999998
"6497","P06859_E",6.64680374315353,9.39999999999998
"6498","P06859_N",11.5258405333407,16.3
"6499","P06860_C",3.04055915910216,4.30000000000001
"6500","P06860_E",1.13137084989849,1.60000000000002
"6501","P06860_N",0.212132034355972,0.300000000000011
"6502","P06863_C",4.24264068711928,6
"6503","P06863_E",1.4142135623731,2
"6504","P06863_N",2.54558441227159,3.60000000000002
"6505","P06865_C",12.0208152801713,17
"6506","P06865_E",3.81837661840734,5.39999999999998
"6507","P06865_N",3.11126983722079,4.39999999999998
"6508","P06866_C",6.36396103067893,9
"6509","P06866_E",0.98994949366115,1.39999999999998
"6510","P06866_N",3.53553390593274,5
"6511","P06870_C",6.36396103067893,9
"6512","P06870_E",1.62634559672907,2.30000000000001
"6513","P06870_N",3.53553390593274,5
"6514","P06871_C",4.73761543394986,6.69999999999999
"6515","P06871_E",6.78822509939087,9.60000000000002
"6516","P06871_N",6.8589357775095,9.69999999999999
"6517","P06876_C",4.52548339959389,6.39999999999998
"6518","P06876_E",8.48528137423857,12
"6519","P06876_N",7.07106781186548,10
"6520","P06879_C",1.20208152801712,1.69999999999999
"6521","P06879_E",12.5157900270019,17.7
"6522","P06879_N",11.3137084989848,16
"6523","P06880_C",6.8589357775095,9.69999999999999
"6524","P06880_E",2.54558441227159,3.60000000000002
"6525","P06880_N",7.77817459305202,11
"6526","P06901_C",0.494974746830575,0.699999999999989
"6527","P06901_E",3.53553390593274,5
"6528","P06901_N",1.90918830920367,2.69999999999999
"6529","P06902_C",57.558491988585,81.4
"6530","P06902_E",14.8492424049175,21
"6531","P06902_N",4.03050865276331,5.69999999999999
"6532","P06903_C",4.73761543394986,6.69999999999999
"6533","P06903_E",4.94974746830583,7
"6534","P06903_N",1.20208152801712,1.69999999999999
"6535","P06904_C",0.91923881554252,1.30000000000001
"6536","P06904_E",3.32340187157677,4.69999999999999
"6537","P06904_N",1.4142135623731,2
"6538","P06905_C",21.708178182427,30.7
"6539","P06905_E",4.24264068711928,6
"6540","P06905_N",5.1618795026618,7.30000000000001
"6541","P06906_C",2.12132034355964,3
"6542","P06906_E",6.64680374315353,9.39999999999998
"6543","P06906_N",5.65685424949238,8
"6544","P06907_C",2.12132034355964,3
"6545","P06907_E",0.424264068711945,0.600000000000023
"6546","P06907_N",15.2735064736294,21.6
"6547","P06908_C",0.494974746830575,0.699999999999989
"6548","P06908_E",3.95979797464468,5.60000000000002
"6549","P06908_N",1.62634559672907,2.30000000000001
"6550","P06909_C",7.07106781186548,10
"6551","P06909_E",1.13137084989849,1.60000000000002
"6552","P06909_N",8.48528137423857,12
"6553","P06910_C",0,0
"6554","P06910_E",7.77817459305202,11
"6555","P06910_N",0.212132034355972,0.300000000000011
"6556","P06911_C",2.61629509039022,3.69999999999999
"6557","P06911_E",0.91923881554252,1.30000000000001
"6558","P06911_N",4.45477272147526,6.30000000000001
"6559","P06912_C",3.53553390593274,5
"6560","P06912_E",4.03050865276331,5.69999999999999
"6561","P06912_N",7.77817459305202,11
"6562","P06913_C",8.48528137423857,12
"6563","P06913_E",7.77817459305202,11
"6564","P06913_N",10.6066017177982,15
"6565","P06914_C",0.212132034355972,0.300000000000011
"6566","P06914_E",8.2731493398826,11.7
"6567","P06914_N",5.37401153701778,7.60000000000002
"6568","P06915_C",11.8086832458153,16.7
"6569","P06915_E",3.81837661840734,5.39999999999998
"6570","P06915_N",9.89949493661167,14
"6571","P06916_C",5.44472221513641,7.69999999999999
"6572","P06916_E",3.53553390593274,5
"6573","P06916_N",4.66690475583123,6.60000000000002
"6574","P06917_C",5.44472221513641,7.69999999999999
"6575","P06917_E",4.45477272147526,6.30000000000001
"6576","P06917_N",9.40452018978109,13.3
"6577","P06919_C",8.48528137423857,12
"6578","P06919_E",2.82842712474619,4
"6579","P06919_N",7.28319984622145,10.3
"6580","P06920_C",0.424264068711945,0.600000000000023
"6581","P06920_E",10.1116269709676,14.3
"6582","P06920_N",5.65685424949238,8
"6583","P06921_C",0.707106781186548,1
"6584","P06921_E",3.04055915910216,4.30000000000001
"6585","P06921_N",2.12132034355964,3
"6586","P06922_C",1.4142135623731,2
"6587","P06922_E",1.6970562748477,2.39999999999998
"6588","P06922_N",2.40416305603425,3.39999999999998
"6589","P06924_C",0.494974746830575,0.699999999999989
"6590","P06924_E",1.62634559672907,2.30000000000001
"6591","P06924_N",5.93969696196698,8.39999999999998
"6592","P06925_C",3.53553390593274,5
"6593","P06925_E",2.33345237791562,3.30000000000001
"6594","P06925_N",2.33345237791562,3.30000000000001
"6595","P06928_C",2.33345237791562,3.30000000000001
"6596","P06928_E",3.53553390593274,5
"6597","P06928_N",1.4142135623731,2
"6598","P06929_C",7.07106781186548,10
"6599","P06929_E",1.90918830920367,2.69999999999999
"6600","P06929_N",1.90918830920367,2.69999999999999
"6601","P06931_C",0.707106781186548,1
"6602","P06931_E",13.0107647738325,18.4
"6603","P06931_N",0.494974746830575,0.699999999999989
"6604","P06932_C",1.83847763108504,2.60000000000002
"6605","P06932_E",0.707106781186548,1
"6606","P06932_N",4.45477272147526,6.30000000000001
"6607","P06933_C",0.98994949366115,1.39999999999998
"6608","P06933_E",4.52548339959389,6.39999999999998
"6609","P06933_N",3.95979797464468,5.60000000000002
"6610","P06934_C",0.98994949366115,1.39999999999998
"6611","P06934_E",15.0613744392735,21.3
"6612","P06934_N",3.95979797464468,5.60000000000002
"6613","P06935_C",7.07106781186548,10
"6614","P06935_E",0.91923881554252,1.30000000000001
"6615","P06935_N",4.94974746830583,7
"6616","P06940_C",NA,0
"6617","P06940_E",NA,0
"6618","P06940_N",NA,0
"6619","P06941_C",0.91923881554252,1.30000000000001
"6620","P06941_E",10.3944696834422,14.7
"6621","P06941_N",4.24264068711928,6
"6622","P06942_C",0.494974746830575,0.699999999999989
"6623","P06942_E",1.4142135623731,2
"6624","P06942_N",1.4142135623731,2
"6625","P06943_C",0.494974746830575,0.699999999999989
"6626","P06943_E",2.61629509039022,3.69999999999999
"6627","P06943_N",3.53553390593274,5
"6628","P06944_C",0.707106781186548,1
"6629","P06944_E",0,0
"6630","P06944_N",3.74766594028871,5.30000000000001
"6631","P06945_C",1.6970562748477,2.39999999999998
"6632","P06945_E",1.4142135623731,2
"6633","P06945_N",1.90918830920367,2.69999999999999
"6634","P06948_C",7.77817459305202,11
"6635","P06948_E",9.89949493661167,14
"6636","P06948_N",6.36396103067893,9
"6637","P06962_C",NA,0
"6638","P06962_E",NA,0
"6639","P06962_N",NA,0
"6640","P06964_C",NA,0
"6641","P06964_E",NA,0
"6642","P06964_N",NA,0
"6643","P06965_C",NA,0
"6644","P06965_E",NA,0
"6645","P06965_N",NA,0
"6646","P06970_C",NA,0
"6647","P06970_E",NA,0
"6648","P06970_N",NA,0
"6649","P06981_C",NA,0
"6650","P06981_E",NA,0
"6651","P06981_N",NA,0
"6652","P06982_C",NA,0
"6653","P06982_E",NA,0
"6654","P06982_N",NA,0
"6655","P06983_C",NA,0
"6656","P06983_E",NA,0
"6657","P06983_N",NA,0
"6658","P06984_C",NA,0
"6659","P06984_E",NA,0
"6660","P06984_N",NA,0
"6661","P07106_C",8.98025612106914,12.7
"6662","P07106_E",3.04055915910216,4.30000000000001
"6663","P07106_N",3.95979797464468,5.60000000000002
"6664","P07108_C",4.03050865276331,5.69999999999999
"6665","P07108_E",4.24264068711928,6
"6666","P07108_N",0.494974746830575,0.699999999999989
"6667","P07109_C",3.32340187157677,4.69999999999999
"6668","P07109_E",0.212132034355972,0.300000000000011
"6669","P07109_N",2.61629509039022,3.69999999999999
"6670","P07111_C",1.13137084989849,1.60000000000002
"6671","P07111_E",2.12132034355964,3
"6672","P07111_N",1.90918830920367,2.69999999999999
"6673","P07112_C",2.33345237791562,3.30000000000001
"6674","P07112_E",0.707106781186548,1
"6675","P07112_N",2.82842712474619,4
"6676","P07113_C",3.32340187157677,4.69999999999999
"6677","P07113_E",7.56604255869605,10.7
"6678","P07113_N",1.20208152801712,1.69999999999999
"6679","P07116_C",3.04055915910216,4.30000000000001
"6680","P07116_E",2.40416305603425,3.39999999999998
"6681","P07116_N",1.62634559672907,2.30000000000001
"6682","P07118_C",0.282842712474603,0.399999999999977
"6683","P07118_E",0,0
"6684","P07118_N",0.91923881554252,1.30000000000001
"6685","P07120_C",13.4350288425444,19
"6686","P07120_E",2.61629509039022,3.69999999999999
"6687","P07120_N",2.33345237791562,3.30000000000001
"6688","P07128_C",2.82842712474619,4
"6689","P07128_E",3.11126983722079,4.39999999999998
"6690","P07128_N",4.45477272147526,6.30000000000001
"6691","P07129_C",0.282842712474603,0.399999999999977
"6692","P07129_E",1.4142135623731,2
"6693","P07129_N",0.212132034355972,0.300000000000011
"6694","P07130_C",2.82842712474619,4
"6695","P07130_E",1.13137084989849,1.60000000000002
"6696","P07130_N",4.24264068711928,6
"6697","P07131_C",2.33345237791562,3.30000000000001
"6698","P07131_E",0.282842712474603,0.399999999999977
"6699","P07131_N",1.13137084989849,1.60000000000002
"6700","P07132_C",0,0
"6701","P07132_E",2.82842712474619,4
"6702","P07132_N",1.13137084989849,1.60000000000002
"6703","P07134_C",2.12132034355964,3
"6704","P07134_E",1.20208152801712,1.69999999999999
"6705","P07134_N",0.494974746830575,0.699999999999989
"6706","P07136_C",4.24264068711928,6
"6707","P07136_E",3.32340187157677,4.69999999999999
"6708","P07136_N",3.74766594028871,5.30000000000001
"6709","P07137_C",1.20208152801712,1.69999999999999
"6710","P07137_E",3.32340187157677,4.69999999999999
"6711","P07137_N",7.49533188057742,10.6
"6712","P07139_C",6.78822509939087,9.60000000000002
"6713","P07139_E",3.32340187157677,4.69999999999999
"6714","P07139_N",3.81837661840734,5.39999999999998
"6715","P07140_C",1.90918830920367,2.69999999999999
"6716","P07140_E",2.40416305603425,3.39999999999998
"6717","P07140_N",12.9400540957138,18.3
"6718","P07141_C",1.90918830920367,2.69999999999999
"6719","P07141_E",2.61629509039022,3.69999999999999
"6720","P07141_N",2.40416305603425,3.39999999999998
"6721","P07142_C",2.40416305603425,3.39999999999998
"6722","P07142_E",5.93969696196698,8.39999999999998
"6723","P07142_N",7.77817459305202,11
"6724","P07144_C",2.40416305603425,3.39999999999998
"6725","P07144_E",1.62634559672907,2.30000000000001
"6726","P07144_N",2.12132034355964,3
"6727","P07145_C",0,0
"6728","P07145_E",0.424264068711945,0.600000000000023
"6729","P07145_N",4.24264068711928,6
"6730","P07146_C",5.23259018078044,7.39999999999998
"6731","P07146_E",1.90918830920367,2.69999999999999
"6732","P07146_N",0.707106781186548,1
"6733","P07148_C",4.24264068711928,6
"6734","P07148_E",2.12132034355964,3
"6735","P07148_N",0.98994949366115,1.39999999999998
"6736","P07150_C",3.81837661840734,5.39999999999998
"6737","P07150_E",0.91923881554252,1.30000000000001
"6738","P07150_N",5.44472221513641,7.69999999999999
"6739","P07151_C",3.74766594028871,5.30000000000001
"6740","P07151_E",2.61629509039022,3.69999999999999
"6741","P07151_N",0.494974746830575,0.699999999999989
"6742","P07152_C",1.4142135623731,2
"6743","P07152_E",2.33345237791562,3.30000000000001
"6744","P07152_N",0.707106781186548,1
"6745","P07153_C",1.90918830920367,2.69999999999999
"6746","P07153_E",4.24264068711928,6
"6747","P07153_N",0.494974746830575,0.699999999999989
"6748","P07154_C",2.82842712474619,4
"6749","P07154_E",1.62634559672907,2.30000000000001
"6750","P07154_N",0.707106781186548,1
"6751","P07155_C",8.48528137423857,12
"6752","P07155_E",0,0
"6753","P07155_N",5.65685424949238,8
"6754","P07158_C",1.90918830920367,2.69999999999999
"6755","P07158_E",2.33345237791562,3.30000000000001
"6756","P07158_N",5.23259018078044,7.39999999999998
"6757","P07159_C",6.08111831820433,8.60000000000002
"6758","P07159_E",2.12132034355964,3
"6759","P07159_N",5.65685424949238,8
"6760","P07161_C",1.62634559672907,2.30000000000001
"6761","P07161_E",3.32340187157677,4.69999999999999
"6762","P07161_N",3.53553390593274,5
"6763","P07163_C",4.03050865276331,5.69999999999999
"6764","P07163_E",2.82842712474619,4
"6765","P07163_N",1.13137084989849,1.60000000000002
"6766","P07168_C",1.4142135623731,2
"6767","P07168_E",7.49533188057742,10.6
"6768","P07168_N",3.11126983722079,4.39999999999998
"6769","P07170_C",1.4142135623731,2
"6770","P07170_E",0.707106781186548,1
"6771","P07170_N",1.62634559672907,2.30000000000001
"6772","P07174_C",11.3137084989848,16
"6773","P07174_E",1.4142135623731,2
"6774","P07174_N",0.424264068711945,0.600000000000023
"6775","P07176_C",0.282842712474603,0.399999999999977
"6776","P07176_E",1.90918830920367,2.69999999999999
"6777","P07176_N",0.707106781186548,1
"6778","P07177_C",NA,0
"6779","P07177_E",NA,0
"6780","P07177_N",NA,0
"6781","P07178_C",2.61629509039022,3.69999999999999
"6782","P07178_E",3.32340187157677,4.69999999999999
"6783","P07178_N",2.40416305603425,3.39999999999998
"6784","P07180_C",0.282842712474603,0.399999999999977
"6785","P07180_E",5.44472221513641,7.69999999999999
"6786","P07180_N",8.48528137423857,12
"6787","P07181_C",NA,0
"6788","P07181_E",NA,0
"6789","P07181_N",NA,0
"6790","P07182_C",NA,0
"6791","P07182_E",NA,0
"6792","P07182_N",NA,0
"6793","P07183_C",NA,0
"6794","P07183_E",NA,0
"6795","P07183_N",NA,0
"6796","P07184_C",NA,0
"6797","P07184_E",NA,0
"6798","P07184_N",NA,0
"6799","P07301_C",0,0
"6800","P07301_E",9.47523086789972,13.4
"6801","P07301_N",9.47523086789972,13.4
"6802","P07302_C",7.07106781186548,10
"6803","P07302_E",10.8894444302728,15.4
"6804","P07302_N",6.36396103067893,9
"6805","P07304_C",6.8589357775095,9.69999999999999
"6806","P07304_E",7.07106781186548,10
"6807","P07304_N",8.20243866176397,11.6
"6808","P07307_C",10.6066017177982,15
"6809","P07307_E",13.4350288425444,19
"6810","P07307_N",13.6471608769004,19.3
"6811","P07308_C",11.5258405333407,16.3
"6812","P07308_E",14.3542676580869,20.3
"6813","P07308_N",11.1015764646288,15.7
"6814","P07309_C",9.40452018978109,13.3
"6815","P07309_E",10.3944696834422,14.7
"6816","P07309_N",8.69741340859454,12.3
"6817","P07310_C",8.69741340859454,12.3
"6818","P07310_E",8.76812408671317,12.4
"6819","P07310_N",6.64680374315353,9.39999999999998
"6820","P07316_C",14.8492424049175,21
"6821","P07316_E",14.6371103705615,20.7
"6822","P07316_N",12.0208152801713,17
"6823","P07318_C",17.4655374953077,24.7
"6824","P07318_E",12.9400540957138,18.3
"6825","P07318_N",14.142135623731,20
"6826","P07322_C",10.3944696834422,14.7
"6827","P07322_E",11.3137084989848,16
"6828","P07322_N",3.32340187157677,4.69999999999999
"6829","P07323_C",15.76848122046,22.3
"6830","P07323_E",9.61665222413706,13.6
"6831","P07323_N",7.07106781186548,10
"6832","P07325_C",8.2731493398826,11.7
"6833","P07325_E",11.8086832458153,16.7
"6834","P07325_N",5.44472221513641,7.69999999999999
"6835","P07327_C",10.3237590053236,14.6
"6836","P07327_E",14.8492424049175,21
"6837","P07327_N",12.3036579926459,17.4
"6838","P07329_C",9.68736290225569,13.7
"6839","P07329_E",NA,0
"6840","P07329_N",11.8086832458153,16.7
"6841","P07330_C",9.19238815542512,13
"6842","P07330_E",2.61629509039022,3.69999999999999
"6843","P07330_N",13.4350288425444,19
"6844","P07331_C",7.990306627408,11.3
"6845","P07331_E",16.9705627484771,24
"6846","P07331_N",11.0308657865102,15.6
"6847","P07333_C",11.5258405333407,16.3
"6848","P07333_E",13.6471608769004,19.3
"6849","P07333_N",14.6371103705615,20.7
"6850","P07334_C",13.2228968081884,18.7
"6851","P07334_E",12.4450793488833,17.6
"6852","P07334_N",14.6371103705615,20.7
"6853","P07335_C",12.5157900270019,17.7
"6854","P07335_E",10.3944696834422,14.7
"6855","P07335_N",5.86898628384835,8.30000000000001
"6856","P07337_C",13.0107647738325,18.4
"6857","P07337_E",16.2634559672906,23
"6858","P07337_N",12.0208152801713,17
"6859","P07339_C",12.3036579926459,17.4
"6860","P07339_E",13.4350288425444,19
"6861","P07339_N",16.9705627484771,24
"6862","P07340_C",14.6371103705615,20.7
"6863","P07340_E",19.5868578388674,27.7
"6864","P07340_N",15.980613254816,22.6
"6865","P07341_C",12.0208152801713,17
"6866","P07341_E",9.19238815542512,13
"6867","P07341_N",6.15182899632295,8.69999999999999
"6868","P07343_C",9.68736290225569,13.7
"6869","P07343_E",17.6776695296637,25
"6870","P07343_N",9.19238815542512,13
"6871","P07347_C",4.73761543394986,6.69999999999999
"6872","P07347_E",11.5258405333407,16.3
"6873","P07347_N",17.6776695296637,25
"6874","P07348_C",20.0111219075793,28.3
"6875","P07348_E",1.4142135623731,2
"6876","P07348_N",2.82842712474619,4
"6877","P07350_C",5.44472221513641,7.69999999999999
"6878","P07350_E",9.68736290225569,13.7
"6879","P07350_N",7.77817459305202,11
"6880","P07351_C",12.2329473145273,17.3
"6881","P07351_E",11.7379725676967,16.6
"6882","P07351_N",11.3137084989848,16
"6883","P07352_C",20.5060966544099,29
"6884","P07352_E",16.9705627484771,24
"6885","P07352_N",18.8797510576808,26.7
"6886","P07353_C",22.3445742854949,31.6
"6887","P07353_E",17.3948268171891,24.6
"6888","P07353_N",18.3847763108502,26
"6889","P07355_C",6.78822509939087,9.60000000000002
"6890","P07355_E",17.8898015640197,25.3
"6891","P07355_N",18.1726442764943,25.7
"6892","P07359_C",4.52548339959389,6.39999999999998
"6893","P07359_E",2.12132034355964,3
"6894","P07359_N",5.1618795026618,7.30000000000001
"6895","P07363_C",NA,0
"6896","P07363_E",NA,0
"6897","P07363_N",NA,0
"6898","P07366_C",1.83847763108504,2.60000000000002
"6899","P07366_E",11.5258405333407,16.3
"6900","P07366_N",4.45477272147526,6.30000000000001
"6901","P07367_C",0.707106781186548,1
"6902","P07367_E",2.12132034355964,3
"6903","P07367_N",4.24264068711928,6
"6904","P07368_C",9.89949493661167,14
"6905","P07368_E",7.35391052434008,10.4
"6906","P07368_N",13.1521861300698,18.6
"6907","P07369_C",18.6676190233248,26.4
"6908","P07369_E",15.3442171517481,21.7
"6909","P07369_N",20.7889393668845,29.4
"6910","P07370_C",4.03050865276331,5.69999999999999
"6911","P07370_E",0.282842712474603,0.399999999999977
"6912","P07370_N",9.40452018978109,13.3
"6913","P07371_C",13.6471608769004,19.3
"6914","P07371_E",11.7379725676967,16.6
"6915","P07371_N",9.68736290225569,13.7
"6916","P07373_C",2.40416305603425,3.39999999999998
"6917","P07373_E",15.8391918985786,22.4
"6918","P07373_N",14.8492424049175,21
"6919","P07374_C",14.3542676580869,20.3
"6920","P07374_E",15.76848122046,22.3
"6921","P07374_N",9.89949493661167,14
"6922","P07375_C",26.8700576850888,38
"6923","P07375_E",27.2943217538008,38.6
"6924","P07375_N",26.1629509039023,37
"6925","P07376_C",23.0516810666815,32.6
"6926","P07376_E",24.2537625946986,34.3
"6927","P07376_N",27.86000717875,39.4
"6928","P07378_C",30.1934595566656,42.7
"6929","P07378_E",22.6274169979695,32
"6930","P07378_N",26.1629509039023,37
"6931","P07380_C",26.6579256507328,37.7
"6932","P07380_E",24.9608693758851,35.3
"6933","P07380_N",22.8395490323255,32.3
"6934","P07901_C",7.56604255869605,10.7
"6935","P07901_E",2.54558441227159,3.60000000000002
"6936","P07901_N",1.62634559672907,2.30000000000001
"6937","P07902_C",3.53553390593274,5
"6938","P07902_E",4.94974746830583,7
"6939","P07902_N",2.82842712474619,4
"6940","P07905_C",0.707106781186548,1
"6941","P07905_E",1.62634559672907,2.30000000000001
"6942","P07905_N",2.33345237791562,3.30000000000001
"6943","P07906_C",4.24264068711928,6
"6944","P07906_E",7.28319984622145,10.3
"6945","P07906_N",1.4142135623731,2
"6946","P07908_C",3.95979797464468,5.60000000000002
"6947","P07908_E",1.13137084989849,1.60000000000002
"6948","P07908_N",0.707106781186548,1
"6949","P07911_C",2.12132034355964,3
"6950","P07911_E",7.990306627408,11.3
"6951","P07911_N",4.66690475583123,6.60000000000002
"6952","P07913_C",1.6970562748477,2.39999999999998
"6953","P07913_E",3.04055915910216,4.30000000000001
"6954","P07913_N",0.98994949366115,1.39999999999998
"6955","P07914_C",0.707106781186548,1
"6956","P07914_E",1.4142135623731,2
"6957","P07914_N",0.707106781186548,1
"6958","P07915_C",3.04055915910216,4.30000000000001
"6959","P07915_E",0.494974746830575,0.699999999999989
"6960","P07915_N",7.990306627408,11.3
"6961","P07916_C",4.24264068711928,6
"6962","P07916_E",0.707106781186548,1
"6963","P07916_N",1.62634559672907,2.30000000000001
"6964","P07917_C",4.24264068711928,6
"6965","P07917_E",3.25269119345813,4.60000000000002
"6966","P07917_N",0.494974746830575,0.699999999999989
"6967","P07919_C",0.212132034355972,0.300000000000011
"6968","P07919_E",0.707106781186548,1
"6969","P07919_N",2.54558441227159,3.60000000000002
"6970","P07921_C",NA,-Inf
"6971","P07921_E",NA,0
"6972","P07921_N",NA,-Inf
"6973","P07922_C",0.91923881554252,1.30000000000001
"6974","P07922_E",3.32340187157677,4.69999999999999
"6975","P07922_N",6.64680374315353,9.39999999999998
"6976","P07923_C",2.12132034355964,3
"6977","P07923_E",1.13137084989849,1.60000000000002
"6978","P07923_N",1.20208152801712,1.69999999999999
"6979","P07924_C",NA,0
"6980","P07924_E",NA,0
"6981","P07924_N",NA,-Inf
"6982","P07925_C",NA,0
"6983","P07925_E",NA,0
"6984","P07925_N",NA,0
"6985","P07931_C",1.62634559672907,2.30000000000001
"6986","P07931_E",4.45477272147526,6.30000000000001
"6987","P07931_N",1.62634559672907,2.30000000000001
"6988","P07932_C",0.424264068711945,0.600000000000023
"6989","P07932_E",3.32340187157677,4.69999999999999
"6990","P07932_N",0.424264068711945,0.600000000000023
"6991","P07933_C",2.40416305603425,3.39999999999998
"6992","P07933_E",5.1618795026618,7.30000000000001
"6993","P07933_N",2.33345237791562,3.30000000000001
"6994","P07934_C",1.6970562748477,2.39999999999998
"6995","P07934_E",6.36396103067893,9
"6996","P07934_N",2.54558441227159,3.60000000000002
"6997","P07935_C",NA,0
"6998","P07935_E",NA,0
"6999","P07935_N",NA,0
"7000","P07942_C",6.15182899632295,8.69999999999999
"7001","P07942_E",1.20208152801712,1.69999999999999
"7002","P07942_N",8.2731493398826,11.7
"7003","P07943_C",12.7279220613579,18
"7004","P07943_E",1.20208152801712,1.69999999999999
"7005","P07943_N",4.24264068711928,6
"7006","P07945_C",2.82842712474619,4
"7007","P07945_E",1.62634559672907,2.30000000000001
"7008","P07945_N",0.91923881554252,1.30000000000001
"7009","P07946_C",3.81837661840734,5.39999999999998
"7010","P07946_E",0.424264068711945,0.600000000000023
"7011","P07946_N",1.20208152801712,1.69999999999999
"7012","P07952_C",3.32340187157677,4.69999999999999
"7013","P07952_E",5.65685424949238,8
"7014","P07952_N",4.94974746830583,7
"7015","P07954_C",5.86898628384835,8.30000000000001
"7016","P07954_E",1.90918830920367,2.69999999999999
"7017","P07954_N",1.4142135623731,2
"7018","P07955_C",0,0
"7019","P07955_E",0,0
"7020","P07955_N",1.4142135623731,2
"7021","P07958_C",2.12132034355964,3
"7022","P07958_E",1.62634559672907,2.30000000000001
"7023","P07958_N",1.20208152801712,1.69999999999999
"7024","P07959_C",1.83847763108504,2.60000000000002
"7025","P07959_E",3.81837661840734,5.39999999999998
"7026","P07959_N",5.65685424949238,8
"7027","P07962_C",1.62634559672907,2.30000000000001
"7028","P07962_E",0.707106781186548,1
"7029","P07962_N",1.90918830920367,2.69999999999999
"7030","P07963_C",6.8589357775095,9.69999999999999
"7031","P07963_E",4.45477272147526,6.30000000000001
"7032","P07963_N",0.98994949366115,1.39999999999998
"7033","P07965_C",2.82842712474619,4
"7034","P07965_E",1.62634559672907,2.30000000000001
"7035","P07965_N",0.424264068711945,0.600000000000023
"7036","P07966_C",1.4142135623731,2
"7037","P07966_E",1.20208152801712,1.69999999999999
"7038","P07966_N",0.91923881554252,1.30000000000001
"7039","P07967_C",3.53553390593274,5
"7040","P07967_E",2.82842712474619,4
"7041","P07967_N",0.212132034355972,0.300000000000011
"7042","P07968_C",0.212132034355972,0.300000000000011
"7043","P07968_E",2.54558441227159,3.60000000000002
"7044","P07968_N",3.53553390593274,5
"7045","P07970_C",3.04055915910216,4.30000000000001
"7046","P07970_E",0.707106781186548,1
"7047","P07970_N",2.82842712474619,4
"7048","P07974_C",1.62634559672907,2.30000000000001
"7049","P07974_E",3.81837661840734,5.39999999999998
"7050","P07974_N",2.82842712474619,4
"7051","P07977_C",3.81837661840734,5.39999999999998
"7052","P07977_E",0.91923881554252,1.30000000000001
"7053","P07977_N",3.04055915910216,4.30000000000001
"7054","P07979_C",0.98994949366115,1.39999999999998
"7055","P07979_E",0.707106781186548,1
"7056","P07979_N",1.4142135623731,2
"7057","P07980_C",3.53553390593274,5
"7058","P07980_E",2.33345237791562,3.30000000000001
"7059","P07980_N",2.61629509039022,3.69999999999999
"7060","P07981_C",NA,0
"7061","P07981_E",NA,0
"7062","P07981_N",NA,0
"7063","P07982_C",NA,0
"7064","P07982_E",NA,0
"7065","P07982_N",NA,0
"7066","P07983_C",NA,0
"7067","P07983_E",NA,0
"7068","P07983_N",NA,0
"7069","P10810_C",3.95979797464468,5.60000000000002
"7070","P10810_E",1.62634559672907,2.30000000000001
"7071","P10810_N",0.707106781186548,1
"7072","P10811_C",1.20208152801712,1.69999999999999
"7073","P10811_E",1.90918830920367,2.69999999999999
"7074","P10811_N",1.83847763108504,2.60000000000002
"7075","P10813_C",2.54558441227159,3.60000000000002
"7076","P10813_E",0.91923881554252,1.30000000000001
"7077","P10813_N",0.212132034355972,0.300000000000011
"7078","P10814_C",5.65685424949238,8
"7079","P10814_E",3.53553390593274,5
"7080","P10814_N",0,0
"7081","P10815_C",1.4142135623731,2
"7082","P10815_E",4.24264068711928,6
"7083","P10815_N",3.32340187157677,4.69999999999999
"7084","P10817_C",1.4142135623731,2
"7085","P10817_E",0.212132034355972,0.300000000000011
"7086","P10817_N",2.12132034355964,3
"7087","P10820_C",2.12132034355964,3
"7088","P10820_E",6.36396103067893,9
"7089","P10820_N",1.20208152801712,1.69999999999999
"7090","P10821_C",0.212132034355972,0.300000000000011
"7091","P10821_E",2.12132034355964,3
"7092","P10821_N",4.73761543394986,6.69999999999999
"7093","P10822_C",NA,0
"7094","P10822_E",2.61629509039022,3.69999999999999
"7095","P10822_N",3.53553390593274,5
"7096","P10824_C",NA,0
"7097","P10824_E",NA,0
"7098","P10824_N",NA,0
"7099","P10825_C",0.91923881554252,1.30000000000001
"7100","P10825_E",1.4142135623731,2
"7101","P10825_N",2.82842712474619,4
"7102","P10828_C",NA,0
"7103","P10828_E",NA,0
"7104","P10828_N",NA,0
"7105","P10830_C",5.37401153701778,7.60000000000002
"7106","P10830_E",0.212132034355972,0.300000000000011
"7107","P10830_N",3.25269119345813,4.60000000000002
"7108","P10832_C",0.91923881554252,1.30000000000001
"7109","P10832_E",0.91923881554252,1.30000000000001
"7110","P10832_N",0.494974746830575,0.699999999999989
"7111","P10833_C",0,0
"7112","P10833_E",3.32340187157677,4.69999999999999
"7113","P10833_N",10.1823376490863,14.4
"7114","P10834_C",0,0
"7115","P10834_E",0.707106781186548,1
"7116","P10834_N",1.90918830920367,2.69999999999999
"7117","P10835_C",NA,0
"7118","P10835_E",NA,0
"7119","P10835_N",NA,0
"7120","P10836_C",0.494974746830575,0.699999999999989
"7121","P10836_E",1.20208152801712,1.69999999999999
"7122","P10836_N",3.11126983722079,4.39999999999998
"7123","P10837_C",NA,0
"7124","P10837_E",NA,0
"7125","P10837_N",NA,0
"7126","P10838_C",1.20208152801712,1.69999999999999
"7127","P10838_E",0.98994949366115,1.39999999999998
"7128","P10838_N",0.424264068711945,0.600000000000023
"7129","P10839_C",2.33345237791562,3.30000000000001
"7130","P10839_E",0.424264068711945,0.600000000000023
"7131","P10839_N",0.707106781186548,1
"7132","P10841_C",1.90918830920367,2.69999999999999
"7133","P10841_E",0.212132034355972,0.300000000000011
"7134","P10841_N",1.4142135623731,2
"7135","P10842_C",1.4142135623731,2
"7136","P10842_E",1.62634559672907,2.30000000000001
"7137","P10842_N",2.82842712474619,4
"7138","P10843_C",NA,0
"7139","P10843_E",NA,0
"7140","P10843_N",NA,0
"7141","P10844_C",0.494974746830575,0.699999999999989
"7142","P10844_E",1.62634559672907,2.30000000000001
"7143","P10844_N",1.62634559672907,2.30000000000001
"7144","P10849_C",NA,0
"7145","P10849_E",NA,0
"7146","P10849_N",NA,0
"7147","P10850_C",NA,0
"7148","P10850_E",1.4142135623731,2
"7149","P10850_N",NA,0
"7150","P10852_C",1.6970562748477,2.39999999999998
"7151","P10852_E",1.83847763108504,2.60000000000002
"7152","P10852_N",0.707106781186548,1
"7153","P10854_C",2.61629509039022,3.69999999999999
"7154","P10854_E",2.12132034355964,3
"7155","P10854_N",0.212132034355972,0.300000000000011
"7156","P10856_C",0.282842712474603,0.399999999999977
"7157","P10856_E",0.91923881554252,1.30000000000001
"7158","P10856_N",0.424264068711945,0.600000000000023
"7159","P10857_C",0.282842712474603,0.399999999999977
"7160","P10857_E",0.91923881554252,1.30000000000001
"7161","P10857_N",0.707106781186548,1
"7162","P10860_C",NA,0
"7163","P10860_E",NA,0
"7164","P10860_N",NA,0
"7165","P10861_C",1.90918830920367,2.69999999999999
"7166","P10861_E",0.707106781186548,1
"7167","P10861_N",2.33345237791562,3.30000000000001
"7168","P10863_C",1.62634559672907,2.30000000000001
"7169","P10863_E",0.494974746830575,0.699999999999989
"7170","P10863_N",0.91923881554252,1.30000000000001
"7171","P10864_C",NA,0
"7172","P10864_E",NA,0
"7173","P10864_N",NA,0
"7174","P10866_C",4.24264068711928,6
"7175","P10866_E",4.03050865276331,5.69999999999999
"7176","P10866_N",0.91923881554252,1.30000000000001
"7177","P10869_C",0.494974746830575,0.699999999999989
"7178","P10869_E",1.20208152801712,1.69999999999999
"7179","P10869_N",0.494974746830575,0.699999999999989
"7180","P10870_C",1.90918830920367,2.69999999999999
"7181","P10870_E",0.707106781186548,1
"7182","P10870_N",2.33345237791562,3.30000000000001
"7183","P10871_C",3.11126983722079,4.39999999999998
"7184","P10871_E",0.707106781186548,1
"7185","P10871_N",4.66690475583123,6.60000000000002
"7186","P10873_C",2.40416305603425,3.39999999999998
"7187","P10873_E",0.424264068711945,0.600000000000023
"7188","P10873_N",4.24264068711928,6
"7189","P10874_C",2.12132034355964,3
"7190","P10874_E",4.73761543394986,6.69999999999999
"7191","P10874_N",1.90918830920367,2.69999999999999
"7192","P10875_C",2.40416305603425,3.39999999999998
"7193","P10875_E",0.98994949366115,1.39999999999998
"7194","P10875_N",2.33345237791562,3.30000000000001
"7195","P10876_C",0.707106781186548,1
"7196","P10876_E",2.54558441227159,3.60000000000002
"7197","P10876_N",3.53553390593274,5
"7198","P10877_C",0.212132034355972,0.300000000000011
"7199","P10877_E",2.12132034355964,3
"7200","P10877_N",4.73761543394986,6.69999999999999
"7201","P10880_C",4.03050865276331,5.69999999999999
"7202","P10880_E",0.424264068711945,0.600000000000023
"7203","P10880_N",0.494974746830575,0.699999999999989
"7204","P10881_C",NA,0
"7205","P10881_E",NA,0
"7206","P10881_N",NA,0
"7207","P10882_C",NA,0
"7208","P10882_E",NA,0
"7209","P10882_N",NA,0
"7210","P22001_C",0.707106781186548,1
"7211","P22001_E",4.24264068711928,6
"7212","P22001_N",4.45477272147526,6.30000000000001
"7213","P22004_C",1.20208152801712,1.69999999999999
"7214","P22004_E",2.54558441227159,3.60000000000002
"7215","P22004_N",0.424264068711945,0.600000000000023
"7216","P22005_C",0,0
"7217","P22005_E",0.707106781186548,1
"7218","P22005_N",0.707106781186548,1
"7219","P22008_C",7.28319984622145,10.3
"7220","P22008_E",0.707106781186548,1
"7221","P22008_N",2.61629509039022,3.69999999999999
"7222","P22010_C",4.24264068711928,6
"7223","P22010_E",2.12132034355964,3
"7224","P22010_N",4.03050865276331,5.69999999999999
"7225","P22011_C",0.494974746830575,0.699999999999989
"7226","P22011_E",7.56604255869605,10.7
"7227","P22011_N",7.28319984622145,10.3
"7228","P22013_C",2.82842712474619,4
"7229","P22013_E",0.212132034355972,0.300000000000011
"7230","P22013_N",0.98994949366115,1.39999999999998
"7231","P22014_C",0.91923881554252,1.30000000000001
"7232","P22014_E",0.494974746830575,0.699999999999989
"7233","P22014_N",2.33345237791562,3.30000000000001
"7234","P22016_C",2.40416305603425,3.39999999999998
"7235","P22016_E",0.282842712474603,0.399999999999977
"7236","P22016_N",7.77817459305202,11
"7237","P22018_C",1.4142135623731,2
"7238","P22018_E",0.494974746830575,0.699999999999989
"7239","P22018_N",1.6970562748477,2.39999999999998
"7240","P22019_C",3.11126983722079,4.39999999999998
"7241","P22019_E",1.4142135623731,2
"7242","P22019_N",2.54558441227159,3.60000000000002
"7243","P22020_C",1.83847763108504,2.60000000000002
"7244","P22020_E",0.212132034355972,0.300000000000011
"7245","P22020_N",1.62634559672907,2.30000000000001
"7246","P22022_C",3.53553390593274,5
"7247","P22022_E",0.424264068711945,0.600000000000023
"7248","P22022_N",5.86898628384835,8.30000000000001
"7249","P22023_C",2.12132034355964,3
"7250","P22023_E",1.6970562748477,2.39999999999998
"7251","P22023_N",1.62634559672907,2.30000000000001
"7252","P22025_C",1.62634559672907,2.30000000000001
"7253","P22025_E",1.4142135623731,2
"7254","P22025_N",3.53553390593274,5
"7255","P22026_C",NA,0
"7256","P22026_E",0.707106781186548,1
"7257","P22026_N",1.20208152801712,1.69999999999999
"7258","P22028_C",4.03050865276331,5.69999999999999
"7259","P22028_E",4.03050865276331,5.69999999999999
"7260","P22028_N",4.94974746830583,7
"7261","P22029_C",2.82842712474619,4
"7262","P22029_E",4.24264068711928,6
"7263","P22029_N",2.54558441227159,3.60000000000002
"7264","P22031_C",4.52548339959389,6.39999999999998
"7265","P22031_E",0.707106781186548,1
"7266","P22031_N",1.90918830920367,2.69999999999999
"7267","P22032_C",7.28319984622145,10.3
"7268","P22032_E",0,0
"7269","P22032_N",0.424264068711945,0.600000000000023
"7270","P22033_C",3.32340187157677,4.69999999999999
"7271","P22033_E",4.52548339959389,6.39999999999998
"7272","P22033_N",3.32340187157677,4.69999999999999
"7273","P22035_C",0.707106781186548,1
"7274","P22035_E",1.6970562748477,2.39999999999998
"7275","P22035_N",2.33345237791562,3.30000000000001
"7276","P22036_C",1.13137084989849,1.60000000000002
"7277","P22036_E",0.707106781186548,1
"7278","P22036_N",1.20208152801712,1.69999999999999
"7279","P22037_C",3.53553390593274,5
"7280","P22037_E",1.83847763108504,2.60000000000002
"7281","P22037_N",0.707106781186548,1
"7282","P22038_C",0.212132034355972,0.300000000000011
"7283","P22038_E",1.4142135623731,2
"7284","P22038_N",0,0
"7285","P22039_C",5.65685424949238,8
"7286","P22039_E",2.61629509039022,3.69999999999999
"7287","P22039_N",4.24264068711928,6
"7288","P22041_C",6.64680374315353,9.39999999999998
"7289","P22041_E",2.82842712474619,4
"7290","P22041_N",6.15182899632295,8.69999999999999
"7291","P22042_C",0.707106781186548,1
"7292","P22042_E",1.6970562748477,2.39999999999998
"7293","P22042_N",2.54558441227159,3.60000000000002
"7294","P22043_C",1.4142135623731,2
"7295","P22043_E",2.54558441227159,3.60000000000002
"7296","P22043_N",8.48528137423857,12
"7297","P22044_C",4.73761543394986,6.69999999999999
"7298","P22044_E",0,0
"7299","P22044_N",0.98994949366115,1.39999999999998
"7300","P22045_C",1.90918830920367,2.69999999999999
"7301","P22045_E",1.13137084989849,1.60000000000002
"7302","P22045_N",1.83847763108504,2.60000000000002
"7303","P22046_C",3.04055915910216,4.30000000000001
"7304","P22046_E",2.12132034355964,3
"7305","P22046_N",1.62634559672907,2.30000000000001
"7306","P22047_C",1.90918830920367,2.69999999999999
"7307","P22047_E",0.494974746830575,0.699999999999989
"7308","P22047_N",3.74766594028871,5.30000000000001
"7309","P22050_C",0.98994949366115,1.39999999999998
"7310","P22050_E",0.212132034355972,0.300000000000011
"7311","P22050_N",2.82842712474619,4
"7312","P22051_C",0.98994949366115,1.39999999999998
"7313","P22051_E",5.1618795026618,7.30000000000001
"7314","P22051_N",3.74766594028871,5.30000000000001
"7315","P22052_C",1.83847763108504,2.60000000000002
"7316","P22052_E",1.62634559672907,2.30000000000001
"7317","P22052_N",3.53553390593274,5
"7318","P22053_C",1.90918830920367,2.69999999999999
"7319","P22053_E",0.212132034355972,0.300000000000011
"7320","P22053_N",6.36396103067893,9
"7321","P22055_C",0.424264068711945,0.600000000000023
"7322","P22055_E",4.03050865276331,5.69999999999999
"7323","P22055_N",6.78822509939087,9.60000000000002
"7324","P22058_C",1.62634559672907,2.30000000000001
"7325","P22058_E",3.32340187157677,4.69999999999999
"7326","P22058_N",2.12132034355964,3
"7327","P22059_C",1.62634559672907,2.30000000000001
"7328","P22059_E",4.73761543394986,6.69999999999999
"7329","P22059_N",4.03050865276331,5.69999999999999
"7330","P22060_C",2.33345237791562,3.30000000000001
"7331","P22060_E",0.282842712474603,0.399999999999977
"7332","P22060_N",6.36396103067893,9
"7333","P22067_C",1.83847763108504,2.60000000000002
"7334","P22067_E",0.98994949366115,1.39999999999998
"7335","P22067_N",4.94974746830583,7
"7336","P22081_C",NA,0
"7337","P22081_E",NA,0
"7338","P22081_N",NA,0
"7339","P22082_C",NA,0
"7340","P22082_E",NA,0
"7341","P22082_N",NA,0
"7342","P22083_C",NA,0
"7343","P22083_E",NA,0
"7344","P22083_N",NA,0
