"","PlotID_New","ele_sd","ele_range"
"1","P00001_C",7.53193202306022,15
"2","P00001_E",5.5075705472861,11
"3","P00001_N",4.86038407261538,9.69999999999999
"4","P00002_C",6.62293993127926,13
"5","P00002_E",4.55668007801001,8.7
"6","P00002_N",5.25959440768329,10.3
"7","P00003_C",6.93757882838098,13
"8","P00003_E",5.10522608053094,9.3
"9","P00003_N",8.1504601097116,16
"10","P00004_C",6.4593601334291,12.7
"11","P00004_E",4.2852460061627,8.30000000000001
"12","P00004_N",6.86755657663868,13.7
"13","P00005_C",7.04012310498427,14
"14","P00005_E",7.25695069111906,14.3
"15","P00005_N",7.02376916856849,14
"16","P00006_C",6.0654760736483,10.7
"17","P00006_E",10.196241137465,18
"18","P00006_N",7.63740793725201,13.7
"19","P00007_C",6.58255269633294,13
"20","P00007_E",9.40017730329239,18
"21","P00007_N",10.3035592555841,20
"22","P00008_C",6.18573628061634,12.3
"23","P00008_E",8.6156833739408,15.7
"24","P00008_N",7.0661163307718,13
"25","P00009_C",6.64253967495365,11.7
"26","P00009_E",9.41612092813879,18.3
"27","P00009_N",8.6156833739408,15.7
"28","P00010_C",6.58255269633294,13
"29","P00010_E",7.82496006379585,14.7
"30","P00010_N",8.04135146187091,14.7
"31","P00011_C",6.08276253029822,11
"32","P00011_E",10.9919667636567,19.7
"33","P00011_N",9.05336033378399,18
"34","P00012_C",9.559811713627,17.3
"35","P00012_E",7.71556867638413,13.7
"36","P00012_N",11.7627944525667,22.7
"37","P00013_C",5.12152321092074,9.69999999999999
"38","P00013_E",7.88225855957542,15
"39","P00013_N",3.28075194632775,6
"40","P00014_C",9.64174949546675,16.7
"41","P00014_E",6.73523075575985,12
"42","P00014_N",5.4884727687521,9.7
"43","P00015_C",9.92924971989324,19.3
"44","P00015_E",8.44768212785811,16
"45","P00015_N",11.4013157135482,21.3
"46","P00021_C",8.93662874541251,17.7
"47","P00021_E",10.8010801928943,20.7
"48","P00021_N",10.8010801928943,20.7
"49","P00022_C",9.52837866585916,16.7
"50","P00022_E",10.6925207505059,20.7
"51","P00022_N",10.9207753082523,21
"52","P00023_C",11.5325625946708,22
"53","P00023_E",9.98815965698053,17.3
"54","P00023_N",6.69800965461631,13
"55","P00024_C",11.3137084989848,16
"56","P00024_E",4.73761543394986,6.69999999999999
"57","P00024_N",6.8589357775095,9.69999999999999
"58","P00025_C",6.5760930650349,9.30000000000001
"59","P00025_E",10.6066017177982,15
"60","P00025_N",5.44472221513641,7.69999999999999
"61","P00026_C",8.83345911860128,15.3
"62","P00026_E",11.5483043488355,21.7
"63","P00026_N",12.4363713893295,23
"64","P00027_C",8.96455985162313,16.7
"65","P00027_E",11.0963958112533,19.7
"66","P00027_N",8.56523982929453,16
"67","P00028_C",7.1668217037494,14.3
"68","P00028_E",10.340373945527,19.7
"69","P00028_N",7.81430312525265,15
"70","P00029_C",9.33613053322057,18
"71","P00029_E",10.5196641264507,18.7
"72","P00029_N",6.15060972587272,12.3
"73","P00030_C",11.6474603812734,23
"74","P00030_E",13.6697963896078,24.3
"75","P00030_N",7.7693843599949,15.3
"76","P00032_C",9.32898708327973,18.3
"77","P00032_E",10.2143689640297,19
"78","P00032_N",13.489378537699,24.3
"79","P00033_C",11.7528719894331,23
"80","P00033_E",6.58508415537215,12
"81","P00033_N",9.15223105768934,16
"82","P00034_C",1.75783958312469,3.3
"83","P00034_E",3.05505046330389,6
"84","P00034_N",5.29748367938338,10.3
"85","P00035_C",12.0192900511359,21.3
"86","P00035_E",10.0976895047002,19.7
"87","P00035_N",12.6159951384476,22
"88","P00037_C",10.340373945527,19.7
"89","P00037_E",7.22933837452179,14.3
"90","P00037_N",11.5902257671425,21
"91","P00041_C",10.6566098424092,21.3
"92","P00041_E",3.00499584026334,6
"93","P00041_N",9.84699615788151,18.7
"94","P00042_C",9.54794916897515,18.7
"95","P00042_E",10.1746416808325,18.7
"96","P00042_N",8.88819441731559,17
"97","P00043_C",4.67582434799826,9
"98","P00043_E",9.08423542921105,17.7
"99","P00043_N",4.21465696508427,8
"100","P00044_C",11.5699322959702,23
"101","P00044_E",10.4576925434502,20
"102","P00044_N",9.90774108126233,19.7
"103","P00045_C",9.9026932363541,18.7
"104","P00045_E",14.2535375725935,26.7
"105","P00045_N",10.785793124909,20
"106","P00046_C",7.67875858022203,14.3
"107","P00046_E",8.0987653380006,15.7
"108","P00046_N",10.9573415267269,20.3
"109","P00047_C",10.028127109951,20
"110","P00047_E",12.5085304226089,24.3
"111","P00047_N",7.57165767847438,15
"112","P00048_C",10.0166528008778,19
"113","P00048_E",9.55667306126981,19
"114","P00048_N",14.1549755680938,26
"115","P00049_C",9.28242066130022,17.7
"116","P00049_E",11.1637807216014,22
"117","P00049_N",12.8642916633603,25.3
"118","P00050_C",9.79608765443293,18
"119","P00050_E",11.8306100152669,22.3
"120","P00050_N",10.8932700936557,20.3
"121","P00066_C",7.359574263049,14.7
"122","P00066_E",7.1714712576988,14
"123","P00066_N",3.66924152016917,7.30000000000001
"124","P00067_C",8.38629834909299,16.7
"125","P00067_E",11.0255763265842,22
"126","P00067_N",9.40017730329239,18
"127","P00068_C",7.40022522179786,13.7
"128","P00068_E",9.54794916897515,18.7
"129","P00068_N",6.73523075575985,12
"130","P00069_C",8.2597417231614,15.7
"131","P00069_E",8.31444526111033,16.3
"132","P00069_N",8.02080627701064,16
"133","P00070_C",11.7074050640325,23
"134","P00070_E",10.2825094213426,20.3
"135","P00070_N",11.3661778976048,22.7
"136","P00081_C",NA,0
"137","P00081_E",NA,0
"138","P00081_N",NA,0
"139","P00082_C",NA,0
"140","P00082_E",NA,0
"141","P00082_N",NA,0
"142","P00101_C",NA,0
"143","P00101_E",NA,0
"144","P00102_C",NA,0
"145","P00102_E",NA,0
"146","P00103_C",7.29543236095937,13.4
"147","P00103_E",2.9871948937646,5.69999999999999
"148","P00103_N",4.52548339959389,6.39999999999998
"149","P00104_C",8.45714687902092,15.7
"150","P00104_E",4.10162569395762,7.69999999999999
"151","P00104_N",5.86898628384835,8.30000000000001
"152","P00105_C",5.15072810387037,10.3
"153","P00105_E",9.55632425848627,16.7
"154","P00105_N",6.36396103067893,9
"155","P00106_C",NA,0
"156","P00106_E",NA,0
"157","P00107_C",NA,0
"158","P00107_E",NA,0
"159","P00107_N",NA,0
"160","P00108_C",7.53193202306022,15
"161","P00108_E",4.76060220280305,8.69999999999999
"162","P00108_N",2.82842712474619,4
"163","P00109_C",5.91805148113239,11.7
"164","P00109_E",1.35030860670193,2.69999999999999
"165","P00109_N",0.707106781186548,1
"166","P00110_C",2.76224546338663,5.30000000000001
"167","P00110_E",8.01020182850178,16
"168","P00110_N",3.04055915910216,4.30000000000001
"169","P00111_C",2.93087017795058,5.60000000000002
"170","P00111_E",6.29523629421486,12
"171","P00111_N",1.83847763108504,2.60000000000002
"172","P00112_C",NA,0
"173","P00112_E",NA,0
"174","P00113_C",1.73205080756888,3
"175","P00113_E",2.51661147842358,5
"176","P00113_N",0.91923881554252,1.30000000000001
"177","P00114_C",NA,0
"178","P00114_E",NA,0
"179","P00115_C",NA,0
"180","P00115_E",NA,0
"181","P00116_C",NA,0
"182","P00116_E",NA,0
"183","P00117_C",4.66511879091341,9.30000000000001
"184","P00117_E",3,6
"185","P00117_N",3.25269119345813,4.60000000000002
"186","P00118_C",NA,0
"187","P00118_E",NA,0
"188","P00119_C",NA,0
"189","P00119_E",NA,0
"190","P00120_C",NA,0
"191","P00120_E",NA,0
"192","P00121_C",3.40440890610983,6.69999999999999
"193","P00121_E",0.854400374531748,1.69999999999999
"194","P00121_N",5.44472221513641,7.69999999999999
"195","P00122_C",NA,7.69999999999999
"196","P00122_E",NA,0
"197","P00122_N",NA,0
"198","P00123_C",NA,0
"199","P00123_E",NA,0
"200","P00124_C",NA,0
"201","P00124_E",NA,0
"202","P00125_C",4.9662192192183,9.69999999999999
"203","P00125_E",5.40647759636531,10.3
"204","P00125_N",7.56604255869605,10.7
"205","P00126_C",5.50121198767447,11
"206","P00126_E",7.50755175362337,14
"207","P00126_N",5.1618795026618,7.30000000000001
"208","P00127_C",5.67655999116837,11.3
"209","P00127_E",4.45308881564246,8.69999999999999
"210","P00127_N",4.94974746830583,7
"211","P00128_C",NA,0
"212","P00128_E",NA,0
"213","P00129_C",4.6543886100468,9.30000000000001
"214","P00129_E",9.462029380635,17
"215","P00129_N",1.62634559672907,2.30000000000001
"216","P00130_C",5.4341512676774,10.7
"217","P00130_E",8.78806008172452,16
"218","P00130_N",6.36396103067893,9
"219","P00131_C",NA,0
"220","P00131_E",NA,0
"221","P00132_C",1.40118997046558,2.69999999999999
"222","P00132_E",1.45716619962629,2.69999999999999
"223","P00132_N",1.20208152801712,1.69999999999999
"224","P00133_C",1.25033328890074,2.30000000000001
"225","P00133_E",4.04145188432738,8
"226","P00133_N",0.98994949366115,1.39999999999998
"227","P00134_C",NA,0
"228","P00134_E",NA,0
"229","P00135_C",7.93494381412581,15.3
"230","P00135_E",2.93655126523159,5.39999999999998
"231","P00135_N",2.54558441227159,3.60000000000002
"232","P00136_C",NA,0
"233","P00136_E",NA,0
"234","P00137_C",NA,0
"235","P00137_E",NA,0
"236","P00138_C",NA,0
"237","P00138_E",NA,0
"238","P00139_C",NA,0
"239","P00139_E",NA,0
"240","P00140_C",NA,0
"241","P00140_E",NA,0
"242","P00141_C",4.18688428309166,7.69999999999999
"243","P00141_E",3.10859024854247,5.69999999999999
"244","P00141_N",2.12132034355964,3
"245","P00142_C",4.04516171905813,7.69999999999999
"246","P00142_E",2.3094010767585,4
"247","P00142_N",2.12132034355964,3
"248","P00143_C",2.3094010767585,4
"249","P00143_E",2.50266524595946,5
"250","P00143_N",5.65685424949238,8
"251","P00144_C",NA,0
"252","P00144_E",NA,0
"253","P00145_C",5.03322295684717,10
"254","P00145_E",7.48754521410945,14.3
"255","P00145_N",5.44472221513641,7.69999999999999
"256","P00146_C",2.76103845198383,5.39999999999998
"257","P00146_E",1.7578395831247,3.30000000000001
"258","P00146_N",1.83847763108504,2.60000000000002
"259","P00147_C",NA,0
"260","P00147_E",NA,0
"261","P00148_C",NA,0
"262","P00148_E",NA,0
"263","P00149_C",3.21921315438002,6.30000000000001
"264","P00149_E",2.40069434400412,4.30000000000001
"265","P00149_N",1.20208152801712,1.69999999999999
"266","P00150_C",NA,0
"267","P00150_E",NA,0
"268","P00151_C",6.56226586883931,11.7
"269","P00151_E",2.25018517756503,4.30000000000001
"270","P00151_N",3.04055915910216,4.30000000000001
"271","P00152_C",7.00214252925489,14
"272","P00152_E",1.07857931249089,2
"273","P00152_N",8.98025612106914,12.7
"274","P00153_C",NA,0
"275","P00153_E",NA,0
"276","P00154_C",4.61121820491433,8.69999999999999
"277","P00154_E",15.9182285446591,31.7
"278","P00154_N",2.82842712474619,4
"279","P00155_C",8.00187478032492,16
"280","P00155_E",4.92172056636023,9.69999999999999
"281","P00155_N",0,0
"282","P00156_C",6.21476735955043,12.3
"283","P00156_E",1.40118997046558,2.69999999999999
"284","P00156_N",0,0
"285","P00157_C",NA,0
"286","P00157_E",NA,0
"287","P00158_C",8.54575918219089,15.7
"288","P00158_E",2.50266524595946,5
"289","P00158_N",4.03050865276331,5.69999999999999
"290","P00159_C",1.90525588832577,3.30000000000001
"291","P00159_E",6.00249947938357,12
"292","P00159_N",0.282842712474603,0.399999999999977
"293","P00160_C",NA,0
"294","P00160_E",NA,0
"295","P00161_C",3.39460356055509,6.69999999999999
"296","P00161_E",1.91398362932741,3.69999999999999
"297","P00161_N",5.1618795026618,7.30000000000001
"298","P00162_C",3.38575447032613,6.30000000000001
"299","P00162_E",3.53034464795342,7
"300","P00162_N",1.90918830920367,2.69999999999999
"301","P00163_C",NA,0
"302","P00163_E",NA,0
"303","P00164_C",NA,0
"304","P00164_E",NA,0
"305","P00165_C",NA,0
"306","P00165_E",NA,0
"307","P00166_C",NA,0
"308","P00166_E",NA,0
"309","P00167_C",NA,0
"310","P00167_E",NA,0
"311","P00168_C",NA,0
"312","P00168_E",NA,0
"313","P00169_C",NA,0
"314","P00169_E",NA,0
"315","P00170_C",NA,0
"316","P00170_E",NA,0
"317","P00171_C",5.03620227287719,9.30000000000001
"318","P00171_E",2.50266524595946,5
"319","P00171_N",6.5760930650349,9.30000000000001
"320","P00172_C",NA,0
"321","P00172_E",NA,0
"322","P00173_C",NA,0
"323","P00173_E",NA,0
"324","P00174_C",1.86815416922694,3.69999999999999
"325","P00174_E",3.09246395829173,6
"326","P00174_N",8.06101730552663,11.4
"327","P00175_C",NA,0
"328","P00175_E",NA,0
"329","P00176_C",NA,0
"330","P00176_E",NA,0
"331","P00177_C",3.47706773014274,6.30000000000001
"332","P00177_E",2.20529665426975,4.30000000000001
"333","P00177_N",5.23259018078044,7.39999999999998
"334","P00178_C",NA,0
"335","P00178_E",NA,0
"336","P00179_C",4.55668007801001,8.69999999999999
"337","P00179_E",5.10522608053095,9.30000000000001
"338","P00179_N",4.45477272147526,6.30000000000001
"339","P00180_C",NA,0
"340","P00180_E",NA,0
"341","P00187_C",NA,0
"342","P00187_E",NA,0
"343","P00189_C",2.64575131106459,5
"344","P00189_E",1.36503968196288,2.69999999999999
"345","P00189_N",0.91923881554252,1.30000000000001
"346","P00201_C",4.36157463920237,7.69999999999999
"347","P00201_E",1.47986485869487,2.69999999999999
"348","P00201_N",8.07857248115862,15
"349","P00203_C",8.35842887948048,16.7
"350","P00203_E",6.82861625807161,12.7
"351","P00203_N",8.37635561168062,16
"352","P00204_C",7.08731260775196,13.7
"353","P00204_E",7.17147125769881,13.3
"354","P00204_N",8.24398770822309,16.3
"355","P00205_C",1.50443787951957,3
"356","P00205_E",2.67644042215278,5.30000000000001
"357","P00205_N",3.5529330606322,6.69999999999999
"358","P00206_C",1.32790561913615,2.30000000000001
"359","P00206_E",1.36503968196288,2.69999999999999
"360","P00206_N",1.52752523165195,3
"361","P00207_C",NA,0
"362","P00207_E",NA,0
"363","P00207_N",NA,0
"364","P00208_C",NA,0
"365","P00208_E",NA,0
"366","P00208_N",NA,0
"367","P00209_C",NA,0
"368","P00209_E",NA,0
"369","P00209_N",NA,0
"370","P00226_C",NA,0
"371","P00226_E",NA,0
"372","P00226_N",NA,0
"373","P00227_C",NA,0
"374","P00227_E",NA,0
"375","P00227_N",NA,0
"376","P00228_C",NA,0
"377","P00228_E",NA,0
"378","P00228_N",NA,0
"379","P00229_C",5.78129166651652,10.3
"380","P00229_E",4.16333199893227,8
"381","P00229_N",8.46541985570316,15
"382","P00231_C",3.78593889720018,7
"383","P00231_E",2.89194283023252,5.69999999999999
"384","P00231_N",10.6142985323258,19
"385","P00232_C",2.70739727413618,5
"386","P00232_E",8.46541985570316,15
"387","P00232_N",1.7578395831247,3.30000000000001
"388","P00233_C",2.30723499742297,4.30000000000001
"389","P00233_E",5.56776436283002,11
"390","P00233_N",8.67544427296571,16.3
"391","P00234_C",5.17332903779891,10
"392","P00234_E",4.04145188432738,8
"393","P00234_N",3.38082830087539,6
"394","P00235_C",4.04516171905813,7.69999999999999
"395","P00235_E",7.51420876295923,15
"396","P00235_N",1.40118997046558,2.69999999999999
"397","P00236_C",4.55668007801001,8.69999999999999
"398","P00236_E",4.16333199893227,8
"399","P00236_N",5.01630674234873,10
"400","P00237_C",17.5060941769812,35
"401","P00237_E",10.0480512206762,20
"402","P00237_N",3.61432335760558,6.69999999999999
"403","P00239_C",2.25018517756503,4.30000000000001
"404","P00239_E",5.43721742560782,10
"405","P00239_N",5.00632932729493,9.69999999999999
"406","P00241_C",2.76224546338663,5.30000000000001
"407","P00241_E",1.52752523165195,3
"408","P00241_N",2.20529665426975,4.30000000000001
"409","P00242_C",0.854400374531748,1.69999999999999
"410","P00242_E",6.80685928555405,13
"411","P00242_N",0.513160143944687,1
"412","P00243_C",1.36503968196288,2.69999999999999
"413","P00243_E",1.07857931249089,2
"414","P00243_N",2.54230866208911,5
"415","P00244_C",6.48562513049692,11.7
"416","P00244_E",13.7477270848675,27
"417","P00244_N",2.59422435421457,5
"418","P00245_C",11.0313190507754,21.7
"419","P00245_E",4.21465696508427,7.30000000000001
"420","P00245_N",7.86532474430225,15.7
"421","P00246_C",NA,0.300000000000011
"422","P00246_E",NA,3
"423","P00246_N",NA,2
"424","P00247_C",NA,2.69999999999999
"425","P00247_E",NA,4.30000000000001
"426","P00247_N",NA,20
"427","P00248_C",5.00632932729494,9
"428","P00248_E",6.49332991101894,12.7
"429","P00248_N",7.21110255092798,14
"430","P00249_C",3.90683162336609,7.69999999999999
"431","P00249_E",0.577350269189626,1
"432","P00249_N",0.351188458428418,0.699999999999989
"433","P00251_C",6.25539766921337,11.3
"434","P00251_E",7.65266837993999,15.3
"435","P00251_N",5.60029761113936,9.69999999999999
"436","P00252_C",4.00374824383352,8
"437","P00252_E",4.86449723335653,9
"438","P00252_N",1.86815416922694,3.69999999999999
"439","P00253_C",2.08166599946613,4
"440","P00253_E",9.02902726396002,16.7
"441","P00253_N",3.38575447032613,6.30000000000001
"442","P00254_C",4.78434948556228,9.30000000000001
"443","P00254_E",3.7,7.30000000000001
"444","P00254_N",2.53574446662119,4.69999999999999
"445","P00255_C",3.46410161513775,6
"446","P00255_E",4.15090351610346,8.30000000000001
"447","P00255_N",7.50755175362337,14
"448","P00261_C",1.73877351409934,3.30000000000001
"449","P00261_E",9.64174949546674,16.7
"450","P00261_N",1.32790561913615,2.30000000000001
"451","P00262_C",3.38082830087539,6
"452","P00262_E",2.80416357107308,5
"453","P00262_N",1.56950098226581,3
"454","P00263_C",2.8792360097776,5.30000000000001
"455","P00263_E",1.15325625946709,2.30000000000001
"456","P00263_N",2.36431808350737,4.39999999999998
"457","P00264_C",2.97713508819021,5.30000000000001
"458","P00264_E",1.15325625946709,2.30000000000001
"459","P00264_N",1.50443787951957,3
"460","P00265_C",4.88091521472494,8.60000000000002
"461","P00265_E",1.66232768530556,3.30000000000001
"462","P00265_N",2.70616579930598,5.30000000000001
"463","P00266_C",7.57187779440036,14
"464","P00266_E",2.86181760425083,5.69999999999999
"465","P00266_N",15.3023963265017,28
"466","P00267_C",4.53100430368368,8.30000000000001
"467","P00267_E",2.16564078277078,4.30000000000001
"468","P00267_N",2.13619599600161,3.69999999999999
"469","P00268_C",4.66511879091341,9.30000000000001
"470","P00268_E",7.60679520779502,15
"471","P00268_N",1.50443787951957,3
"472","P00269_C",2.00748598998847,4
"473","P00269_E",5.00632932729493,9.69999999999999
"474","P00269_N",6.84324484437025,12
"475","P00271_C",4.4034077712608,8.30000000000001
"476","P00271_E",8.31644956296456,15.3
"477","P00271_N",4.87476495159852,9.69999999999999
"478","P00272_C",13.6697963896078,24.3
"479","P00272_E",6.27402050788276,12.3
"480","P00272_N",5.68887803818409,10.7
"481","P00273_C",10.5655099261702,18.3
"482","P00273_E",3.88115103201786,7.69999999999999
"483","P00273_N",6.92555653600008,13.3
"484","P00274_C",2.41315837303177,4.69999999999999
"485","P00274_E",7.04911341943085,13.3
"486","P00274_N",2.35867194271126,4.69999999999999
"487","P00275_C",3.39460356055509,6.69999999999999
"488","P00275_E",6.2449979983984,12
"489","P00275_N",6.35793467513888,11.3
"490","P00276_C",3.28075194632775,6
"491","P00276_E",1.82482875908947,3.30000000000001
"492","P00276_N",1.7578395831247,3.30000000000001
"493","P00278_C",5.1618795026618,7.30000000000001
"494","P00278_E",0,0
"495","P00278_N",1.62634559672907,2.30000000000001
"496","P00279_C",10.8702959174685,21.7
"497","P00279_E",4.83356321292412,8.69999999999999
"498","P00279_N",2.3501772982763,4.69999999999999
"499","P002x1_C",NA,0
"500","P002x1_E",NA,0
"501","P002x1_N",NA,0
"502","P002x2_C",NA,0
"503","P002x2_E",NA,0
"504","P002x2_N",NA,0
"505","P00306_C",NA,0
"506","P00306_E",NA,0
"507","P00306_N",NA,0
"508","P00307_C",NA,0
"509","P00307_E",NA,0
"510","P00307_N",NA,0
"511","P00309_C",NA,0
"512","P00309_E",NA,0
"513","P00309_N",NA,0
"514","P00310_C",NA,0
"515","P00310_E",NA,0
"516","P00310_N",NA,0
"517","P00311_C",0.494974746830575,0.699999999999989
"518","P00311_E",0.494974746830575,0.699999999999989
"519","P00311_N",NA,0
"520","P00312_C",0.707106781186548,1
"521","P00312_E",1.4142135623731,2
"522","P00312_N",2.33345237791562,3.30000000000001
"523","P00313_C",NA,0
"524","P00313_E",NA,0
"525","P00313_N",NA,0
"526","P00314_C",6.5760930650349,9.30000000000001
"527","P00314_E",2.40416305603425,3.39999999999998
"528","P00314_N",0.98994949366115,1.39999999999998
"529","P00315_C",NA,0
"530","P00315_E",NA,0
"531","P00315_N",NA,0
"532","P00325_C",7.13372273080472,13.7
"533","P00325_E",8.54575918219089,15.7
"534","P00325_N",8.57496355677387,15
"535","P00325_S",NA,0
"536","P00325_W",NA,0
"537","P00326_C",7.73498545570707,14
"538","P00326_E",8.55940029051881,15.3
"539","P00326_N",8.88613151677001,16
"540","P00326_S",NA,0
"541","P00326_W",NA,0
"542","P00327_C",7.33234841870825,13.3
"543","P00327_E",8.08846915882934,14.3
"544","P00327_N",10.5418214744891,19.3
"545","P00327_S",NA,0
"546","P00327_W",NA,0
"547","P00328_C",6.93757882838098,13
"548","P00328_E",7.40697869129738,13.3
"549","P00328_N",7.13886078680158,12.7
"550","P00328_S",NA,0
"551","P00328_W",NA,0
"552","P00329_C",7.88859936870925,14
"553","P00329_E",7.83517708797957,14.3
"554","P00329_N",7.90759128938769,14.3
"555","P00329_S",NA,0
"556","P00329_W",NA,0
"557","P00330_C",6.68755062286136,12.3
"558","P00330_E",8.88988188897918,16.3
"559","P00330_N",7.25695069111905,13.7
"560","P00330_S",NA,0
"561","P00330_W",NA,0
"562","P00331_C",7.6395898668275,14
"563","P00331_E",6.69054058603139,12.7
"564","P00331_N",7.57187779440036,14
"565","P00331_S",NA,0
"566","P00331_W",NA,0
"567","P00332_C",6.82373309364701,13.3
"568","P00332_E",7.31186250782476,13
"569","P00332_N",7.76745346515403,15
"570","P00332_S",NA,0
"571","P00332_W",NA,0
"572","P00333_C",3.04055915910216,4.30000000000001
"573","P00333_E",0.494974746830575,0.699999999999989
"574","P00333_N",4.52548339959389,6.39999999999998
"575","P00334_C",2.82842712474619,4
"576","P00334_E",1.20208152801712,1.69999999999999
"577","P00334_N",1.20208152801712,1.69999999999999
"578","P00337_C",8.96046873773912,17.3
"579","P00337_E",10.4158533015783,18.7
"580","P00337_N",11.6761865920913,23
"581","P00337_S",NA,0
"582","P00337_W",NA,0
"583","P00338_C",8.6156833739408,15.7
"584","P00338_E",8.82741940395569,17.3
"585","P00338_N",10.0166528008778,19
"586","P00338_S",NA,0
"587","P00338_W",NA,0
"588","P00339_C",10.3229517742424,19.3
"589","P00339_E",10.1520112949766,19
"590","P00339_N",7.4741777697171,14.7
"591","P00339_S",NA,0
"592","P00339_W",NA,0
"593","P00340_C",9.12487442835972,17.7
"594","P00340_E",7.37111479583199,14
"595","P00340_N",9.2424744161579,16.3
"596","P00340_S",NA,0
"597","P00340_W",NA,0
"598","P00345_C",9.9630985809302,19
"599","P00345_E",9.39485674895224,17.3
"600","P00345_N",9.44616324229049,16.7
"601","P00345_S",NA,0
"602","P00345_W",NA,0
"603","P00346_C",7.31596427911819,13.7
"604","P00346_E",11.0963958112533,19.7
"605","P00346_N",7.48754521410945,14.3
"606","P00346_S",NA,0
"607","P00346_W",NA,0
"608","P00347_C",7.74359950755031,14.3
"609","P00347_E",10.8010801928943,20.7
"610","P00347_N",8.8255311454892,16.7
"611","P00347_S",NA,0
"612","P00347_W",NA,0
"613","P00348_C",10.0430738986295,18.7
"614","P00348_E",7.04485627958441,13.7
"615","P00348_N",4.93288286231625,9
"616","P00348_S",NA,0
"617","P00348_W",NA,0
"618","P00356_C",0,0
"619","P00356_E",3.53553390593274,5
"620","P00356_N",2.61629509039022,3.69999999999999
"621","P00358_C",4.03050865276331,5.69999999999999
"622","P00358_E",1.4142135623731,2
"623","P00358_N",0.212132034355972,0.300000000000011
"624","P00359_C",2.61629509039022,3.69999999999999
"625","P00359_E",NA,0
"626","P00359_N",2.61629509039022,3.69999999999999
"627","P00401_C",2.85131548587665,5.69999999999999
"628","P00401_E",3.73229152130431,7.30000000000001
"629","P00401_N",2.97713508819021,5.30000000000001
"630","P00401_S",NA,0
"631","P00401_W",NA,0
"632","P00402_C",3.20780298646908,5.69999999999999
"633","P00402_E",0.854400374531748,1.69999999999999
"634","P00402_N",13.383945606584,26.7
"635","P00402_S",NA,0
"636","P00402_W",NA,0
"637","P00403_C",4.00374824383352,8
"638","P00403_E",4.2027768598075,8.30000000000001
"639","P00403_N",2.20529665426975,4.30000000000001
"640","P00403_S",NA,0
"641","P00403_W",NA,0
"642","P00404_C",0.850490054811549,1.60000000000002
"643","P00404_E",6.65832811847939,13
"644","P00404_N",2.37977589981353,4.69999999999999
"645","P00404_S",NA,0
"646","P00404_W",NA,0
"647","P00405_C",32.0830692629825,56.4
"648","P00405_E",39.1730774895208,69.3
"649","P00405_N",23.6987341434094,44.7
"650","P00405_S",NA,0
"651","P00405_W",NA,0
"652","P00407_C",1.15325625946709,2.30000000000001
"653","P00407_E",2.92631736715847,5.69999999999999
"654","P00407_N",8.19288309042265,16.3
"655","P00407_S",NA,0
"656","P00407_W",NA,0
"657","P00408_C",1,2
"658","P00408_E",2.69999999999999,5.39999999999998
"659","P00408_N",6.25539766921337,11.3
"660","P00408_S",NA,0
"661","P00408_W",NA,0
"662","P00409_C",NA,19
"663","P00409_E",NA,5
"664","P00409_N",NA,12.7
"665","P00409_S",NA,0
"666","P00409_W",NA,0
"667","P00410_C",NA,0.699999999999989
"668","P00410_E",NA,6
"669","P00410_N",NA,1.69999999999999
"670","P00410_S",NA,0
"671","P00410_W",NA,0
"672","P00411_C",2.04042479237372,4
"673","P00411_E",5.85064099052402,11.7
"674","P00411_N",5.0029991005396,10
"675","P00411_S",NA,0
"676","P00411_W",NA,0
"677","P00413_C",4.50924975282289,9
"678","P00413_E",3.02709982216202,6
"679","P00413_N",7.82496006379585,14.7
"680","P00413_S",NA,0
"681","P00413_W",NA,0
"682","P00415_C",3.45301800362138,6.30000000000001
"683","P00415_E",1.69213868619961,3.30000000000001
"684","P00415_N",13.489378537699,24.3
"685","P00415_S",NA,0
"686","P00415_W",NA,0
"687","P00416_C",4.49332838773219,8.69999999999999
"688","P00416_E",2.65015722804013,5.30000000000001
"689","P00416_N",4.16333199893227,8
"690","P00416_S",NA,0
"691","P00416_W",NA,0
"692","P00417_C",7.43572457800852,14.7
"693","P00417_E",0.513160143944687,1
"694","P00417_N",6.19919349593155,12
"695","P00417_S",NA,0
"696","P00417_W",NA,0
"697","P00418_C",4.49332838773219,8.69999999999999
"698","P00418_E",7.06139740655723,12.7
"699","P00418_N",9.5353727422337,17.3
"700","P00418_S",NA,0
"701","P00418_W",NA,0
"702","P00420_C",9.60902353693305,19
"703","P00420_E",1.52752523165195,3
"704","P00420_N",11.8263829353414,21.7
"705","P00420_S",NA,0
"706","P00420_W",NA,0
"707","P00422_C",2.80416357107308,5
"708","P00422_E",3.09246395829173,6
"709","P00422_N",8.78806008172452,16
"710","P00422_S",NA,0
"711","P00422_W",NA,0
"712","P00423_C",2.08166599946613,4
"713","P00423_E",5.68008215903022,10.3
"714","P00423_N",2.80416357107308,5
"715","P00423_S",NA,0
"716","P00423_W",NA,0
"717","P00424_C",1.50443787951957,3
"718","P00424_E",6.58255269633294,13
"719","P00424_N",1.01488915650922,2
"720","P00424_S",NA,0
"721","P00424_W",NA,0
"722","P00425_C",1.15325625946709,2.30000000000001
"723","P00425_E",2.37977589981353,4.69999999999999
"724","P00425_N",5.87054795852425,11.7
"725","P00425_S",NA,0
"726","P00425_W",NA,0
"727","P00426_C",0.513160143944687,1
"728","P00426_E",2.40069434400412,4.30000000000001
"729","P00426_N",4.18688428309166,7.69999999999999
"730","P00426_S",NA,0
"731","P00426_W",NA,0
"732","P00428_C",3.35608899365516,6.69999999999999
"733","P00428_E",1.96553639837407,3.69999999999999
"734","P00428_N",5.98024525695504,11.7
"735","P00428_S",NA,0
"736","P00428_W",NA,0
"737","P00433_C",3.73229152130431,7.30000000000001
"738","P00433_E",7.35277725307474,14.7
"739","P00433_N",5.11175116765282,9
"740","P00433_S",NA,0
"741","P00433_W",NA,0
"742","P00434_C",1.45716619962629,2.69999999999999
"743","P00434_E",NA,0
"744","P00434_N",3.74477413649118,7.39999999999998
"745","P00434_S",NA,0
"746","P00434_W",NA,0
"747","P00435_C",3.51046055857821,6.39999999999998
"748","P00435_E",NA,0
"749","P00435_N",50.5206228517952,99
"750","P00435_S",NA,0
"751","P00435_W",NA,0
"752","P00441_C",3,6
"753","P00441_E",3,6
"754","P00441_N",4.13077878048842,7.30000000000001
"755","P00441_S",NA,0
"756","P00441_W",NA,0
"757","P00442_C",1.66232768530556,3.30000000000001
"758","P00442_E",2.22785397486759,4
"759","P00442_N",3.95769293065207,7.30000000000001
"760","P00442_S",NA,0
"761","P00442_W",NA,0
"762","P00443_C",0,0
"763","P00443_E",2.37977589981353,4.69999999999999
"764","P00443_N",2.89194283023252,5.69999999999999
"765","P00443_S",NA,0
"766","P00443_W",NA,0
"767","P00445_C",7.00214252925489,14
"768","P00445_E",12.4708994596754,22.7
"769","P00445_N",8.35842887948048,16.7
"770","P00445_S",NA,0
"771","P00445_W",NA,0
"772","P00447_C",0.513160143944687,1
"773","P00447_E",12.7410099024109,23
"774","P00447_N",14.7712558707782,26.7
"775","P00447_S",NA,0
"776","P00447_W",NA,0
"777","P00448_C",3.10859024854247,5.69999999999999
"778","P00448_E",3.63730669589465,6.30000000000001
"779","P00448_N",6.88210239195358,13.7
"780","P00448_S",NA,0
"781","P00448_W",NA,0
"782","P00449_C",2.76224546338663,5.30000000000001
"783","P00449_E",4.29301758673313,8
"784","P00449_N",4.67582434799826,9
"785","P00449_S",NA,0
"786","P00449_W",NA,0
"787","P00450_C",3.78593889720018,7
"788","P00450_E",3.21921315438002,6.30000000000001
"789","P00450_N",3.35608899365516,6.69999999999999
"790","P00450_S",NA,0
"791","P00450_W",NA,0
"792","P00452_C",7.40697869129738,13.3
"793","P00452_E",18.8510830811742,36
"794","P00452_N",1,2
"795","P00452_S",NA,0
"796","P00452_W",NA,0
"797","P00454_C",5.0029991005396,10
"798","P00454_E",2.93087017795058,5.60000000000002
"799","P00454_N",NA,9.69999999999999
"800","P00454_S",NA,0
"801","P00454_W",NA,0
"802","P00455_C",5.59732078766261,11
"803","P00455_E",4,8
"804","P00455_N",5.91016074231488,10.7
"805","P00455_S",NA,0
"806","P00455_W",NA,0
"807","P00456_C",0.680685928555409,1.30000000000001
"808","P00456_E",3.21921315438002,6.30000000000001
"809","P00456_N",3.51188458428425,7
"810","P00456_S",NA,0
"811","P00456_W",NA,0
"812","P00457_C",1.69999999999999,3.39999999999998
"813","P00457_E",4.6184412955022,9
"814","P00457_N",2.80416357107308,5
"815","P00457_S",NA,0
"816","P00457_W",NA,0
"817","P00458_C",2.85131548587665,5.69999999999999
"818","P00458_E",0.854400374531748,1.69999999999999
"819","P00458_N",4.92172056636023,9.69999999999999
"820","P00458_S",NA,0
"821","P00458_W",NA,0
"822","P00460_C",4.89523577913602,9.30000000000001
"823","P00460_E",3.51188458428425,7
"824","P00460_N",1.40118997046558,2.69999999999999
"825","P00460_S",NA,0
"826","P00460_W",NA,0
"827","P00462_C",6.85054742338157,13.7
"828","P00462_E",4.29301758673313,8
"829","P00462_N",4.78156180900481,9
"830","P00462_S",NA,0
"831","P00462_W",NA,0
"832","P00463_C",1.50443787951957,3
"833","P00463_E",1.40118997046558,2.69999999999999
"834","P00463_N",3.00499584026334,6
"835","P00463_S",NA,0
"836","P00463_W",NA,0
"837","P00464_C",4.35889894354067,8
"838","P00464_E",3.18799832705937,6.30000000000001
"839","P00464_N",8.50078427754365,17
"840","P00464_S",NA,0
"841","P00464_W",NA,0
"842","P00481_C",NA,0
"843","P00481_E",NA,0
"844","P00481_N",NA,0
"845","P00482_C",NA,0
"846","P00482_E",NA,0
"847","P00482_N",NA,0
"848","P00626_C",2.70739727413618,5
"849","P00626_E",2.89194283023253,5.7
"850","P00626_N",4.04145188432738,8
"851","P00627_C",4.55668007801001,8.7
"852","P00627_E",0.750555349946513,1.3
"853","P00627_N",2.60576284415908,4.7
"854","P00628_C",2.76224546338663,5.3
"855","P00628_E",3.10859024854247,5.7
"856","P00628_N",3.18799832705937,6.3
"857","P00629_C",5.19262297238432,10.3
"858","P00629_E",3.60555127546399,7
"859","P00629_N",2.37135685491099,4.6
"860","P00630_C",2.00748598998847,4
"861","P00630_E",3.15647482697603,6
"862","P00630_N",1,2
"863","P00631_C",4.87476495159852,9.7
"864","P00631_E",4.78156180900481,9
"865","P00631_N",4.43057558337514,8
"866","P00632_C",7.67398201717987,15.3
"867","P00632_E",6.12617335699864,11.7
"868","P00632_N",7.25465367884643,14
"869","P00633_C",5.36314584300421,10.7
"870","P00633_E",5.02294734194974,8.7
"871","P00633_N",7.86532474430226,15.7
"872","P00634_C",5.29150262212918,10
"873","P00634_E",NA,16.7
"874","P00634_N",4.35889894354067,8
"875","P00635_C",1.82482875908947,3.3
"876","P00635_E",2.57358375292768,4.6
"877","P00635_N",2.3094010767585,4
"878","P00636_C",11.13552872566,22
"879","P00636_E",5.68624070307733,11
"880","P00636_N",8.89512975359738,17.7
"881","P00637_C",6.31057313826037,12.3
"882","P00637_E",6.24206162524316,12.3
"883","P00637_N",6.50102556011998,13
"884","P00638_C",5.97187854308285,11.3
"885","P00638_E",11.153026495082,22.3
"886","P00638_N",4.18688428309166,7.7
"887","P00639_C",7.48754521410945,14.3
"888","P00639_E",7.90084383678942,15.7
"889","P00639_N",6.42105910267146,12.7
"890","P00640_C",5.85064099052403,11.7
"891","P00640_E",7.51420876295923,15
"892","P00640_N",10.8546457028009,21.7
"893","P00646_C",6.93469537903432,12.3
"894","P00646_E",5.11175116765282,9
"895","P00646_N",7.1714712576988,13.3
"896","P00647_C",3.53034464795342,7
"897","P00647_E",0.854400374531753,1.7
"898","P00647_N",2.47588368062799,4.7
"899","P00648_C",8.10740402348372,15.3
"900","P00648_E",5.66244941110588,11.3
"901","P00648_N",5.5075705472861,10
"902","P00649_C",6.62293993127926,13
"903","P00649_E",5.68008215903021,10.3
"904","P00649_N",4.86449723335653,9
"905","P00650_C",6.0654760736483,10.7
"906","P00650_E",4.0698075302566,8
"907","P00650_N",3.65011415346607,7.3
"908","P00651_C",6.15548535860496,12.3
"909","P00651_E",7.00214252925489,14
"910","P00651_N",5.64476158339157,11
"911","P00652_C",3.66924152016917,7.3
"912","P00652_E",2.67644042215278,5.3
"913","P00652_N",5.2373657500694,10
"914","P00653_C",7.51420876295923,15
"915","P00653_E",5.50121198767447,11
"916","P00653_N",8.6754442729657,16.3
"917","P00654_C",8.1504601097116,16.3
"918","P00654_E",7.40697869129737,13.3
"919","P00654_N",2.54230866208911,5
"920","P00655_C",8.28029790124325,16
"921","P00655_E",5.4793551932078,10.7
"922","P00655_N",11.2188828915063,22.3
"923","P00656_C",NA,3
"924","P00656_E",NA,0.699999999999999
"925","P00656_N",NA,-Inf
"926","P00657_C",6.8791956894199,13.3
"927","P00657_E",2.65769323537035,5.3
"928","P00657_N",1.90525588832577,3.3
"929","P00659_C",3.32615894589139,6.3
"930","P00659_E",8.89512975359738,17.7
"931","P00659_N",9.84699615788152,18.7
"932","P00660_C",5.43415126767741,10.7
"933","P00660_E",2.41315837303177,4.7
"934","P00660_N",7.10844568101916,13.3
"935","P00666_C",3.7476659402887,5.3
"936","P00666_E",4.73761543394987,6.7
"937","P00666_N",4.94974746830583,7
"938","P00667_C",6.41326749792958,12.3
"939","P00667_E",4.20277685980749,8.3
"940","P00667_N",2.25018517756502,4.3
"941","P00668_C",1.40118997046558,2.7
"942","P00668_E",4.3844421918111,8.7
"943","P00668_N",8.78995638972875,15.7
"944","P00669_C",6.15182899632296,8.7
"945","P00669_E",9.19238815542512,13
"946","P00669_N",10.3944696834422,14.7
"947","P00670_C",6.15182899632296,8.7
"948","P00670_E",7.99030662740799,11.3
"949","P00670_N",4.24264068711928,6
"950","P00671_C",4.10162569395762,7.7
"951","P00671_E",3.65102725270574,7
"952","P00671_N",4.83356321292412,8.7
"953","P00672_C",12.6581989240176,24.3
"954","P00672_E",5.58241285944826,10
"955","P00672_N",5.5075705472861,10
"956","P00673_C",4.45308881564246,8.7
"957","P00673_E",4.68223593311287,9.3
"958","P00673_N",5.0029991005396,10
"959","P00674_C",5.35630469633683,10.3
"960","P00674_E",4.33474336033865,7.7
"961","P00674_N",4.58257569495584,9
"962","P00675_C",5.36935750346352,9.3
"963","P00675_E",6.85054742338158,13.7
"964","P00675_N",7.86532474430226,15.7
"965","P00676_C",5.43721742560782,10
"966","P00676_E",2.97713508819021,5.3
"967","P00676_N",6.58255269633294,13
"968","P00677_C",4.83356321292412,8.7
"969","P00677_E",3.18171861316071,5.7
"970","P00677_N",7.1714712576988,13.3
"971","P00678_C",21.5715862498179,40
"972","P00678_E",4.02036482589993,8
"973","P00678_N",5.03620227287719,9.3
"974","P00679_C",7.67224434786415,15
"975","P00679_E",6.27402050788275,12.3
"976","P00679_N",6.67757440991862,13.3
"977","P00680_C",6.19919349593155,12
"978","P00680_E",4.366157731156,8.7
"979","P00680_N",4.79826357480843,9.3
"980","P00681_C",NA,0
"981","P00681_E",NA,0
"982","P00681_N",NA,0
"983","P00682_C",NA,0
"984","P00682_E",NA,0
"985","P00682_N",NA,0
"986","P00683_C",NA,0
"987","P00683_E",NA,0
"988","P00683_N",NA,0
"989","P00701_C",NA,0
"990","P00701_E",NA,0
"991","P00701_N",NA,0
"992","P00702_C",7.63151361133556,15.2
"993","P00702_E",5.17976833458794,9.69999999999999
"994","P00702_N",2.64575131106459,5
"995","P00703_C",7.01712191713954,13.6
"996","P00703_E",6.75746500792519,12.3
"997","P00703_N",6.69552089086428,13.3
"998","P00704_C",NA,0
"999","P00704_E",NA,0
"1000","P00704_N",NA,0
"1001","P00705_C",NA,0
"1002","P00705_E",NA,0
"1003","P00705_N",NA,0
"1004","P00706_C",1.4742229591664,2.80000000000001
"1005","P00706_E",11.9553335377981,23.3
"1006","P00706_N",5.90028247911347,11.8
"1007","P00707_C",4.02160830182819,7.80000000000001
"1008","P00707_E",4.04516171905813,7.69999999999999
"1009","P00707_N",17.3770922001736,34.3
"1010","P00708_C",6.78454125199339,12.8
"1011","P00708_E",8.19288309042265,16.3
"1012","P00708_N",3.52325606979302,6.80000000000001
"1013","P00709_C",3.05505046330389,6
"1014","P00709_E",0.680685928555409,1.30000000000001
"1015","P00709_N",3.55387112878338,6.30000000000001
"1016","P00710_C",5.45802161959809,9.60000000000002
"1017","P00710_E",2.22785397486759,4
"1018","P00710_N",1.96553639837407,3.69999999999999
"1019","P00711_C",3.16069612585583,6.30000000000001
"1020","P00711_E",9.05704145954959,17.3
"1021","P00711_N",1.56950098226581,3
"1022","P00712_C",NA,0
"1023","P00712_E",NA,0
"1024","P00712_N",NA,0
"1025","P00713_C",6.38931399551887,11.7
"1026","P00713_E",2.47588368062798,4.69999999999999
"1027","P00713_N",9.18495146058668,17.3
"1028","P00714_C",5.35007788105307,10.7
"1029","P00714_E",4.61121820491433,8.69999999999999
"1030","P00714_N",6.69054058603139,12.7
"1031","P00715_C",NA,0
"1032","P00715_E",NA,0
"1033","P00715_N",NA,0
"1034","P00716_C",2.65015722804013,5.30000000000001
"1035","P00716_E",1.32790561913615,2.30000000000001
"1036","P00716_N",3.40440890610983,6.69999999999999
"1037","P00717_C",2.08166599946613,4
"1038","P00717_E",3.66924152016916,6.5
"1039","P00717_N",2.96872587709498,5.80000000000001
"1040","P00718_C",7.06847461149386,14
"1041","P00718_E",3.95769293065207,7.30000000000001
"1042","P00718_N",2.53574446662119,4.69999999999999
"1043","P00719_C",6.44903093495449,12.7
"1044","P00719_E",1.25033328890074,2.30000000000001
"1045","P00719_N",8.65813682805564,17.3
"1046","P00720_C",NA,0
"1047","P00720_E",NA,0
"1048","P00720_N",NA,0
"1049","P00721_C",3.05995642670502,5.30000000000001
"1050","P00721_E",4.53468117218105,8
"1051","P00721_N",3.50190424388408,7
"1052","P00722_C",3.65102725270574,7
"1053","P00722_E",6.12617335699864,11.7
"1054","P00722_N",2.70616579930598,5.30000000000001
"1055","P00723_C",4.88671668914825,9
"1056","P00723_E",9.85342580019761,19.7
"1057","P00723_N",9.79404581025294,18.7
"1058","P00724_C",4.26184623529913,8.5
"1059","P00724_E",5.25959440768329,10.3
"1060","P00724_N",3.35608899365516,6.69999999999999
"1061","P00725_C",3.44431899413125,6.19999999999999
"1062","P00725_E",1.65025250593155,3.30000000000001
"1063","P00725_N",3.77491721763537,7.5
"1064","P00726_C",6.36631761695881,12.3
"1065","P00726_E",3,6
"1066","P00726_N",3.46410161513775,6
"1067","P00727_C",7.04012310498427,14
"1068","P00727_E",3.28075194632775,6
"1069","P00727_N",2.53574446662119,4.69999999999999
"1070","P00728_C",7.10023473790363,13.8
"1071","P00728_E",2.40069434400412,4.30000000000001
"1072","P00728_N",3.61432335760558,6.69999999999999
"1073","P00729_C",3.60555127546399,7
"1074","P00729_E",3.95769293065206,7
"1075","P00729_N",7.60021929508177,14.7
"1076","P00730_C",6.15060972587272,12.3
"1077","P00730_E",9.63656231927825,19
"1078","P00730_N",6.91953755680247,13.2
"1079","P00731_C",NA,0
"1080","P00731_E",NA,0
"1081","P00731_N",NA,0
"1082","P00732_C",5.40647759636531,10.3
"1083","P00732_E",4.55668007801001,8.69999999999999
"1084","P00732_N",2.65769323537036,5.30000000000001
"1085","P00733_C",2.93087017795058,5.60000000000002
"1086","P00733_E",2.3094010767585,4
"1087","P00733_N",3.31511689085014,6.39999999999998
"1088","P00734_C",5.00632932729493,9.69999999999999
"1089","P00734_E",1.55884572681198,2.69999999999999
"1090","P00734_N",4.04145188432738,7
"1091","P00735_C",NA,0
"1092","P00735_E",NA,0
"1093","P00735_N",NA,0
"1094","P00736_C",2.47588368062798,4.69999999999999
"1095","P00736_E",8.68504461704141,17.2
"1096","P00736_N",1.33166562369587,2.39999999999998
"1097","P00737_C",NA,0
"1098","P00737_E",NA,0
"1099","P00737_N",NA,0
"1100","P00738_C",NA,0
"1101","P00738_E",NA,0
"1102","P00738_N",NA,0
"1103","P00739_C",2.15174347913501,4.30000000000001
"1104","P00739_E",12.4591331961738,23.3
"1105","P00739_N",1.74355957741627,3.19999999999999
"1106","P00740_C",2.57358375292769,4.60000000000002
"1107","P00740_E",5.19262297238432,10.3
"1108","P00740_N",3.20780298646908,5.69999999999999
"1109","P00741_C",3.53034464795342,7
"1110","P00741_E",2.89194283023252,5.69999999999999
"1111","P00741_N",6.37364364655989,12.7
"1112","P00742_C",4.71487009365052,9.30000000000001
"1113","P00742_E",4.70779495447002,8.30000000000001
"1114","P00742_N",3.78593889720018,7
"1115","P00743_C",4.7289886163252,9.19999999999999
"1116","P00743_E",12.2500340135582,21.7
"1117","P00743_N",4.35889894354067,8
"1118","P00744_C",4.74657771452233,9.30000000000001
"1119","P00744_E",5.11175116765282,10.2
"1120","P00744_N",14.1714501727946,26.3
"1121","P00745_C",3.35608899365516,6.69999999999999
"1122","P00745_E",4.6184412955022,9
"1123","P00745_N",2.13619599600162,4
"1124","P00746_C",5.25959440768329,10.3
"1125","P00746_E",4.06489032242365,7.60000000000002
"1126","P00746_N",2.58134331953991,4.69999999999999
"1127","P00748_C",3.90683162336609,7.69999999999999
"1128","P00748_E",3.72692903071685,6.60000000000002
"1129","P00748_N",1.69213868619961,3.30000000000001
"1130","P00749_C",2.93655126523159,5.39999999999998
"1131","P00749_E",1.56950098226581,3
"1132","P00749_N",0.75055534994652,1.30000000000001
"1133","P00751_C",4.75114021402583,8.60000000000002
"1134","P00751_E",5.09542278258962,10
"1135","P00751_N",4.23359579238895,8.30000000000001
"1136","P00752_C",5.52177507691142,10.3
"1137","P00752_E",4.39203825119954,8.69999999999999
"1138","P00752_N",3.65102725270574,7
"1139","P00753_C",6.73523075575985,12
"1140","P00753_E",4.67582434799826,9
"1141","P00753_N",4.04145188432738,7
"1142","P00754_C",NA,0
"1143","P00754_E",NA,0
"1144","P00754_N",NA,0
"1145","P00755_C",4.366157731156,8.69999999999999
"1146","P00755_E",4.2852460061627,8.30000000000001
"1147","P00755_N",4.80867272054706,9.60000000000002
"1148","P00756_C",NA,0
"1149","P00756_E",NA,0
"1150","P00756_N",NA,0
"1151","P00757_C",5.85576638878293,11.7
"1152","P00757_E",8.90299575049507,16.7
"1153","P00757_N",13.1020354652754,25
"1154","P00758_C",5.54346462061408,11
"1155","P00758_E",9.05888146149034,16.3
"1156","P00758_N",4.40605643782888,8
"1157","P00759_C",NA,0
"1158","P00759_E",NA,0
"1159","P00759_N",NA,0
"1160","P00760_C",2.67644042215278,5.30000000000001
"1161","P00760_E",6.88210239195358,13.7
"1162","P00760_N",3.28075194632775,6
"1163","P00901_C",2.70739727413618,5
"1164","P00901_E",4.04516171905813,7.69999999999999
"1165","P00901_N",2.81484161780612,5.60000000000002
"1166","P00901_S",NA,0
"1167","P00901_W",NA,0
"1168","P00902_C",3.78593889720018,7
"1169","P00902_E",5.58241285944827,10
"1170","P00902_N",6.90820767879292,12.3
"1171","P00902_S",NA,0
"1172","P00902_W",NA,0
"1173","P00903_C",6.51638959342774,13
"1174","P00903_E",4.0698075302566,8
"1175","P00903_N",4.15090351610346,8.30000000000001
"1176","P00903_S",NA,0
"1177","P00903_W",NA,0
"1178","P00904_C",3.75810235801705,6.69999999999999
"1179","P00904_E",2.63122278291544,4.69999999999999
"1180","P00904_N",3.09246395829173,6
"1181","P00904_S",NA,0
"1182","P00904_W",NA,0
"1183","P00905_C",1.56950098226581,3
"1184","P00905_E",3.4828149534536,6.69999999999999
"1185","P00905_N",1.45716619962629,2.69999999999999
"1186","P00905_S",NA,0
"1187","P00905_W",NA,0
"1188","P00906_C",2.3501772982763,4.69999999999999
"1189","P00906_E",2.67644042215278,5.30000000000001
"1190","P00906_N",4.366157731156,8.69999999999999
"1191","P00906_S",NA,0
"1192","P00906_W",NA,0
"1193","P00913_C",5.17976833458794,9.69999999999999
"1194","P00913_E",1.25033328890074,2.30000000000001
"1195","P00913_N",2.64575131106459,5
"1196","P00913_S",NA,0
"1197","P00913_W",NA,0
"1198","P00914_C",8.57107538954904,16.7
"1199","P00914_E",5.68008215903022,10.3
"1200","P00914_N",3.81968585095686,7.30000000000001
"1201","P00914_S",NA,0
"1202","P00914_W",NA,0
"1203","P00915_C",2.40069434400412,4.30000000000001
"1204","P00915_E",8.21969180281922,16.3
"1205","P00915_N",3.78461799040977,6.69999999999999
"1206","P00915_S",NA,0
"1207","P00915_W",NA,0
"1208","P00916_C",4.50924975282289,9
"1209","P00916_E",4.6184412955022,9
"1210","P00916_N",4,8
"1211","P00916_S",NA,0
"1212","P00916_W",NA,0
"1213","P00917_C",7,13
"1214","P00917_E",2.4826061575154,4.30000000000001
"1215","P00917_N",8.18535277187245,16
"1216","P00917_S",NA,0
"1217","P00917_W",NA,0
"1218","P00918_C",6,12
"1219","P00918_E",6.11010092660779,12
"1220","P00918_N",5.5075705472861,11
"1221","P00918_S",NA,0
"1222","P00918_W",NA,0
"1223","P00919_C",1.17898261225517,2.30000000000001
"1224","P00919_E",1.99749843554383,3.60000000000002
"1225","P00919_N",4.50924975282289,9
"1226","P00919_S",NA,0
"1227","P00919_W",NA,0
"1228","P00920_C",4.52364160089339,9
"1229","P00920_E",4.6184412955022,9
"1230","P00920_N",3.00499584026334,6
"1231","P00920_S",NA,0
"1232","P00920_W",NA,0
"1233","P00921_C",2.54230866208911,5
"1234","P00921_E",3.3261589458914,6.30000000000001
"1235","P00921_N",2.08166599946613,4
"1236","P00921_S",NA,0
"1237","P00921_W",NA,0
"1238","P00922_C",0.577350269189626,1
"1239","P00922_E",3.45301800362138,6.30000000000001
"1240","P00922_N",5.3631458430042,10.7
"1241","P00922_S",NA,0
"1242","P00922_W",NA,0
"1243","P00925_C",3.50190424388408,7
"1244","P00925_E",8.40376899571456,16.3
"1245","P00925_N",6.15060972587272,12.3
"1246","P00925_S",NA,0
"1247","P00925_W",NA,0
"1248","P00926_C",7.37495762699691,14.7
"1249","P00926_E",5.87054795852425,11.7
"1250","P00926_N",7.0164093381159,12.3
"1251","P00926_S",NA,0
"1252","P00926_W",NA,0
"1253","P00927_C",4.45308881564246,8.69999999999999
"1254","P00927_E",5.94670777265314,11.7
"1255","P00927_N",5.68887803818409,10.7
"1256","P00927_S",NA,0
"1257","P00927_W",NA,0
"1258","P00928_C",5.11175116765282,9
"1259","P00928_E",4.33474336033865,7.69999999999999
"1260","P00928_N",7,13
"1261","P00928_S",NA,0
"1262","P00928_W",NA,0
"1263","P00929_C",8.24398770822309,16.3
"1264","P00929_E",6.0135957075059,12
"1265","P00929_N",7.73239936888933,15.3
"1266","P00929_S",NA,0
"1267","P00929_W",NA,0
"1268","P00930_C",8.05998345738583,16
"1269","P00930_E",10.5228323183447,21
"1270","P00930_N",10.0480512206762,20
"1271","P00930_S",NA,0
"1272","P00930_W",NA,0
"1273","P00931_C",10.8702959174685,21.7
"1274","P00931_E",11.8896313371498,22.3
"1275","P00931_N",8.6523599863467,17.3
"1276","P00931_S",NA,0
"1277","P00931_W",NA,0
"1278","P00932_C",8.65235998634669,17
"1279","P00932_E",10.288990880224,19.7
"1280","P00932_N",6.56226586883931,11.7
"1281","P00932_S",NA,0
"1282","P00932_W",NA,0
"1283","P00933_C",7.80149558311311,15.3
"1284","P00933_E",9.69484399049309,18.3
"1285","P00933_N",10.0664459136943,20
"1286","P00933_S",NA,0
"1287","P00933_W",NA,0
"1288","P00934_C",10.072900939319,19
"1289","P00934_E",10.0430738986295,18.7
"1290","P00934_N",10.028127109951,20
"1291","P00934_S",NA,0
"1292","P00934_W",NA,0
"1293","P00935_C",9.94300424083854,17.7
"1294","P00935_E",10.7481781401935,19.7
"1295","P00935_N",7.12483917947159,14
"1296","P00935_S",NA,0
"1297","P00935_W",NA,0
"1298","P00936_C",8.48901250637159,16.7
"1299","P00936_E",9.05704145954959,17.3
"1300","P00936_N",8.02059848141022,15.7
"1301","P00936_S",NA,0
"1302","P00936_W",NA,0
"1303","P00937_C",6.07700584169539,11.7
"1304","P00937_E",9.50070172846897,19
"1305","P00937_N",4.50924975282289,9
"1306","P00937_S",NA,0
"1307","P00937_W",NA,0
"1308","P00938_C",7.37495762699691,14.7
"1309","P00938_E",8.15618374813451,16.3
"1310","P00938_N",10.2109418435977,18.3
"1311","P00938_S",NA,0
"1312","P00938_W",NA,0
"1313","P00939_C",4.45308881564246,8.69999999999999
"1314","P00939_E",5.36935750346353,9.30000000000001
"1315","P00939_N",4.35889894354067,8
"1316","P00939_S",NA,0
"1317","P00939_W",NA,0
"1318","P00940_C",5.40955943985583,9.69999999999999
"1319","P00940_E",7.54983443527075,15
"1320","P00940_N",2.76224546338663,5.30000000000001
"1321","P00940_S",NA,0
"1322","P00940_W",NA,0
"1323","P00941_C",9.16860585549042,17.7
"1324","P00941_E",4.71487009365052,9.30000000000001
"1325","P00941_N",5.3631458430042,10.7
"1326","P00941_S",NA,0
"1327","P00941_W",NA,0
"1328","P00942_C",3.15119025131775,6.30000000000001
"1329","P00942_E",1.73205080756888,3
"1330","P00942_N",6.15548535860496,12.3
"1331","P00942_S",NA,0
"1332","P00942_W",NA,0
"1333","P00943_C",14.1796802972893,27.3
"1334","P00943_E",22.1434715736565,41
"1335","P00943_N",10.9036691072318,21.3
"1336","P00943_S",NA,0
"1337","P00943_W",NA,0
"1338","P00944_C",11.4962312665209,22.3
"1339","P00944_E",14.0343625909171,28
"1340","P00944_N",12.5285008414149,24.7
"1341","P00944_S",NA,0
"1342","P00944_W",NA,0
"1343","P00945_C",13.0931279685184,26
"1344","P00945_E",15.4260602012741,30.7
"1345","P00945_N",13.8524366087703,27.7
"1346","P00945_S",NA,0
"1347","P00945_W",NA,0
"1348","P00946_C",12.2606416362821,23.7
"1349","P00946_E",12.7735403601873,24.7
"1350","P00946_N",12.7970048579085,25.3
"1351","P00946_S",NA,0
"1352","P00946_W",NA,0
"1353","P00947_C",12.3029806686564,24
"1354","P00947_E",13.8752777749973,27.7
"1355","P00947_N",10.7531390765674,20.3
"1356","P00947_S",NA,0
"1357","P00947_W",NA,0
"1358","P00948_C",12.1623736718345,23.3
"1359","P00948_E",11.7042727240952,22.7
"1360","P00948_N",11.1114055516543,21.7
"1361","P00948_S",NA,0
"1362","P00948_W",NA,0
"1363","P01101_C",20.0132456138429,39
"1364","P01101_E",19.7955382178241,37
"1365","P01101_N",13.392659681084,24
"1366","P01102_C",4.69290244234133,8.69999999999999
"1367","P01102_E",5.68887803818409,10
"1368","P01102_N",3.66924152016917,7.30000000000001
"1369","P01104_C",NA,0
"1370","P01104_E",NA,0
"1371","P01104_N",NA,0
"1372","P01107_C",5.61456439390745,10.7
"1373","P01107_E",3.7233497463082,7
"1374","P01107_N",2.93655126523159,5.39999999999998
"1375","P01109_C",9.71253485622231,19
"1376","P01109_E",9.44616324229049,16.7
"1377","P01109_N",11.0572751314839,19.3
"1378","P01111_C",5.81578312296231,11.4
"1379","P01111_E",3.7233497463082,7
"1380","P01111_N",9.33613053322056,17.7
"1381","P01112_C",NA,0
"1382","P01112_E",NA,0
"1383","P01112_N",NA,0
"1384","P01113_C",5.27162214123887,10.4
"1385","P01113_E",3.29089653438086,5.69999999999999
"1386","P01113_N",4.895235779136,9.69999999999999
"1387","P01114_C",NA,0
"1388","P01114_E",NA,0
"1389","P01114_N",NA,0
"1390","P01115_C",NA,0
"1391","P01115_E",NA,0
"1392","P01115_N",NA,0
"1393","P01116_C",8.6984672979401,17
"1394","P01116_E",9.53939201416946,17
"1395","P01116_N",7.88225855957542,15
"1396","P01117_C",8.69741340859454,12.3
"1397","P01117_E",2.12132034355964,3
"1398","P01117_N",0.212132034355972,0.300000000000011
"1399","P01118_C",NA,0
"1400","P01118_E",NA,0
"1401","P01118_N",NA,0
"1402","P01119_C",NA,0
"1403","P01119_E",NA,0
"1404","P01119_N",NA,0
"1405","P01120_C",1.35030860670193,2.69999999999999
"1406","P01120_E",3.31511689085014,6.39999999999998
"1407","P01120_N",4.25793377120875,7.69999999999999
"1408","P01121_C",3.89743505398103,7.60000000000002
"1409","P01121_E",12.8269248068272,22.7
"1410","P01121_N",6.8061246927553,13.6
"1411","P01122_C",NA,0
"1412","P01122_E",NA,0
"1413","P01122_N",NA,0
"1414","P01123_C",3.15647482697602,6
"1415","P01123_E",11.536463929645,20.6
"1416","P01123_N",5.28488410468953,9.30000000000001
"1417","P01124_C",NA,0
"1418","P01124_E",NA,0
"1419","P01124_N",NA,0
"1420","P01125_C",8.71339964269591,15.7
"1421","P01125_E",11.3209245794384,21.3
"1422","P01125_N",12.6555653106976,25.3
"1423","P01126_C",NA,0
"1424","P01126_E",NA,0
"1425","P01126_N",NA,0
"1426","P01127_C",19.5541129518404,38.3
"1427","P01127_E",7.89240140895025,15.4
"1428","P01127_N",4.6543886100468,9.30000000000001
"1429","P01128_C",NA,0
"1430","P01128_E",NA,0
"1431","P01128_N",NA,0
"1432","P01129_C",NA,0
"1433","P01129_E",NA,0
"1434","P01129_N",NA,0
"1435","P01130_C",NA,0
"1436","P01130_E",NA,0
"1437","P01130_N",NA,0
"1438","P01131_C",8.71339964269591,15.7
"1439","P01131_E",8.38629834909299,16.7
"1440","P01131_N",8.05998345738583,16
"1441","P01132_C",NA,0
"1442","P01132_E",NA,0
"1443","P01132_N",NA,0
"1444","P01133_C",7.13886078680158,12.7
"1445","P01133_E",14.422205101856,28
"1446","P01133_N",11.536463929645,20.6
"1447","P01134_C",NA,0
"1448","P01134_E",NA,0
"1449","P01134_N",NA,0
"1450","P01135_C",19.0148187825531,38
"1451","P01135_E",7.9475363058833,15.7
"1452","P01135_N",8.83911760301898,17
"1453","P01136_C",8.03513119577604,16
"1454","P01136_E",5.94670777265314,11.7
"1455","P01136_N",13.1895160386321,25.7
"1456","P01137_C",7.359574263049,14.7
"1457","P01137_E",6.53681879816169,13
"1458","P01137_N",10.5082507266116,19.4
"1459","P01138_C",4.76060220280305,8.69999999999999
"1460","P01138_E",2.92631736715847,5.69999999999999
"1461","P01138_N",6.63802179367718,12.7
"1462","P01139_C",NA,0
"1463","P01139_E",NA,0
"1464","P01139_N",NA,0
"1465","P01140_C",NA,0
"1466","P01140_E",NA,0
"1467","P01140_N",NA,0
"1468","P01141_C",7.50755175362336,14.7
"1469","P01141_E",3.53411940941446,6.69999999999999
"1470","P01141_N",2.08166599946613,4
"1471","P01142_C",3.51188458428425,7
"1472","P01142_E",3.15013227235515,5.60000000000002
"1473","P01142_N",5.2373657500694,10
"1474","P01143_C",NA,0
"1475","P01143_E",NA,0
"1476","P01143_N",NA,0
"1477","P01144_C",NA,0
"1478","P01144_E",NA,0
"1479","P01144_N",NA,0
"1480","P01145_C",2.37977589981353,4.69999999999999
"1481","P01145_E",5.69999999999999,11.4
"1482","P01145_N",7.06139740655723,12.7
"1483","P01146_C",5.86202467866977,10.3
"1484","P01146_E",4.85077313425396,9.69999999999999
"1485","P01146_N",2.00748598998847,4
"1486","P01147_C",NA,0
"1487","P01147_E",NA,0
"1488","P01147_N",NA,0
"1489","P01148_C",5.43721742560782,10
"1490","P01148_E",7.18076133382341,14.3
"1491","P01148_N",5.50121198767447,11
"1492","P01149_C",NA,0
"1493","P01149_E",NA,0
"1494","P01149_N",NA,0
"1495","P01150_C",NA,0
"1496","P01150_E",NA,0
"1497","P01150_N",NA,0
"1498","P01151_C",2.85131548587665,5.69999999999999
"1499","P01151_E",2.85131548587665,5.69999999999999
"1500","P01151_N",2.08166599946613,4
"1501","P01152_C",NA,0
"1502","P01152_E",NA,0
"1503","P01152_N",NA,0
"1504","P01153_C",NA,0
"1505","P01153_E",NA,0
"1506","P01153_N",NA,0
"1507","P01154_C",3.18799832705937,6.30000000000001
"1508","P01154_E",4.84389650316079,9.30000000000001
"1509","P01154_N",4.93862328994629,8.69999999999999
"1510","P01155_C",2.08166599946613,4
"1511","P01155_E",3.10859024854247,5.69999999999999
"1512","P01155_N",4.71487009365052,9.30000000000001
"1513","P01156_C",7.7693843599949,15.3
"1514","P01156_E",3.69097999633341,7.30000000000001
"1515","P01156_N",5.91016074231488,10.7
"1516","P01157_C",NA,0
"1517","P01157_E",NA,0
"1518","P01157_N",NA,0
"1519","P01158_C",3.04055915910216,4.30000000000001
"1520","P01158_E",7.07106781186548,10
"1521","P01158_N",0.707106781186548,1
"1522","P01159_C",4.45308881564246,8.69999999999999
"1523","P01159_E",1.36503968196288,2.69999999999999
"1524","P01159_N",1.56950098226581,3
"1525","P01160_C",6.17980582219215,11.7
"1526","P01160_E",2.65769323537036,5.30000000000001
"1527","P01160_N",4.9662192192183,9.69999999999999
"1528","P01161_C",4.33166634603052,8.30000000000001
"1529","P01161_E",4.85695377783235,9.69999999999999
"1530","P01161_N",4.366157731156,8.69999999999999
"1531","P01162_C",3.09246395829173,6
"1532","P01162_E",5.17332903779891,10.3
"1533","P01162_N",6.04676221901716,12
"1534","P01163_C",2.00748598998847,4
"1535","P01163_E",3.87599449604011,7.39999999999998
"1536","P01163_N",5.12152321092074,9.69999999999999
"1537","P01164_C",6.53171748725657,12.7
"1538","P01164_E",4.67582434799826,9
"1539","P01164_N",2.64575131106459,5
"1540","P01165_C",4.35889894354067,8
"1541","P01165_E",9.00721932674008,17.3
"1542","P01165_N",2.371356854911,4.60000000000002
"1543","P01166_C",4.44559707276011,7.69999999999999
"1544","P01166_E",2.71354626519123,4.69999999999999
"1545","P01166_N",2.17332310836041,4.30000000000001
"1546","P01167_C",NA,0
"1547","P01167_E",NA,0
"1548","P01167_N",NA,0
"1549","P01168_C",4.2883563284783,8.39999999999998
"1550","P01168_E",2.64575131106459,5
"1551","P01168_N",2.80416357107308,5
"1552","P01169_C",4.6184412955022,9
"1553","P01169_E",3.99541403778548,7.69999999999999
"1554","P01169_N",2.13619599600162,4
"1555","P01170_C",3.28075194632775,6
"1556","P01170_E",3.04357246231025,5.69999999999999
"1557","P01170_N",2.371356854911,4.60000000000002
"1558","P01171_C",NA,0
"1559","P01171_E",NA,0
"1560","P01171_N",NA,0
"1561","P01172_C",7.93725393319377,15
"1562","P01172_E",4.21465696508427,8
"1563","P01172_N",5.75007246331151,10.7
"1564","P01173_C",6.48562513049692,11.7
"1565","P01173_E",6.32165590121238,11.7
"1566","P01173_N",4.15090351610346,8.30000000000001
"1567","P01174_C",NA,0
"1568","P01174_E",NA,0
"1569","P01174_N",NA,0
"1570","P01175_C",9.88551128335471,19.7
"1571","P01175_E",3.09246395829173,6
"1572","P01175_N",1.96553639837407,3.69999999999999
"1573","P01176_C",5.60029761113936,9.69999999999999
"1574","P01176_E",3.99541403778548,7.69999999999999
"1575","P01176_N",7.50755175362336,14.7
"1576","P01177_C",0,0
"1577","P01177_E",5.44472221513641,7.69999999999999
"1578","P01177_N",7.28319984622145,10.3
"1579","P01178_C",4.45477272147526,6.30000000000001
"1580","P01178_E",0.707106781186548,1
"1581","P01178_N",6.15182899632295,8.69999999999999
"1582","P01179_C",6.02771377334171,12
"1583","P01179_E",7.99562380305627,15
"1584","P01179_N",5.85946527708232,11
"1585","P01180_C",NA,0
"1586","P01180_E",NA,0
"1587","P01180_N",NA,0
"1588","P01501_C",11.4308063290974,22.7
"1589","P01501_E",9.23381466856106,18.3
"1590","P01501_N",7.80534005238295,15.6
"1591","P01502_C",NA,-Inf
"1592","P01502_E",NA,0
"1593","P01502_N",NA,0
"1594","P01503_C",8.44334057112467,15.4
"1595","P01503_E",6.97591093215312,13.3
"1596","P01503_N",7.89240140895025,15.4
"1597","P01504_C",12.2541149551215,24
"1598","P01504_E",5.72916515151494,11.4
"1599","P01504_N",11.9303534454489,23
"1600","P01505_C",NA,-Inf
"1601","P01505_E",NA,0
"1602","P01505_N",NA,0
"1603","P01506_C",NA,0
"1604","P01506_E",NA,0
"1605","P01506_N",NA,0
"1606","P01507_C",13.489378537699,26.7
"1607","P01507_E",9.21538568554423,16.3
"1608","P01507_N",11.8542538075297,23.7
"1609","P01508_C",15.1513475748309,30
"1610","P01508_E",15.2007675244816,30.3
"1611","P01508_N",6.62293993127926,13
"1612","P01509_C",NA,0
"1613","P01509_E",NA,0
"1614","P01509_N",NA,0
"1615","P01510_C",15.1645419757187,30.3
"1616","P01510_E",12.1243556529821,24
"1617","P01510_N",8.27183977923493,16.3
"1618","P01511_C",12.9317438885867,25.3
"1619","P01511_E",12.1516802679026,23
"1620","P01511_N",5.51573506736257,9.69999999999999
"1621","P01512_C",NA,0
"1622","P01512_E",NA,0
"1623","P01512_N",NA,0
"1624","P01513_C",11.8643724373999,22
"1625","P01513_E",6.35321440952005,12.7
"1626","P01513_N",3.78461799040977,6.69999999999999
"1627","P01514_C",NA,0
"1628","P01514_E",NA,0
"1629","P01514_N",NA,0
"1630","P01515_C",12.9136878285536,23.3
"1631","P01515_E",15.3121955752052,30.3
"1632","P01515_N",15.6148433656356,30.3
"1633","P01516_C",6.36396103067893,9
"1634","P01516_E",12.5157900270019,17.7
"1635","P01516_N",3.04055915910216,4.30000000000001
"1636","P01517_C",16.7584307141212,23.7
"1637","P01517_E",12.5157900270019,17.7
"1638","P01517_N",1.62634559672907,2.30000000000001
"1639","P01518_C",15.0613744392735,21.3
"1640","P01518_E",6.8589357775095,9.69999999999999
"1641","P01518_N",7.77817459305202,11
"1642","P01519_C",NA,0
"1643","P01519_E",NA,0
"1644","P01519_N",NA,0
"1645","P01520_C",5.65685424949238,8
"1646","P01520_E",14.6371103705615,20.7
"1647","P01520_N",12.5157900270019,17.7
"1648","P01521_C",NA,0
"1649","P01521_E",NA,0
"1650","P01521_N",NA,0
"1651","P01522_C",9.19238815542512,13
"1652","P01522_E",5.1618795026618,7.30000000000001
"1653","P01522_N",5.1618795026618,7.30000000000001
"1654","P01523_C",NA,0
"1655","P01523_E",NA,0
"1656","P01523_N",NA,0
"1657","P01524_C",NA,0
"1658","P01524_E",NA,0
"1659","P01524_N",NA,0
"1660","P01525_C",13.0931279685184,26
"1661","P01525_E",8.38629834909299,16.7
"1662","P01525_N",16.9033527246323,33.3
"1663","P01526_C",16.2634559672906,23
"1664","P01526_E",15.0613744392735,21.3
"1665","P01526_N",4.94974746830583,7
"1666","P01527_C",3.74766594028871,5.30000000000001
"1667","P01527_E",5.86898628384835,8.30000000000001
"1668","P01527_N",0.212132034355972,0.300000000000011
"1669","P01528_C",5.88755750148848,11.7
"1670","P01528_E",12.7970048579085,24
"1671","P01528_N",6.24206162524317,12.3
"1672","P01529_C",NA,0
"1673","P01529_E",NA,0
"1674","P01529_N",NA,0
"1675","P01530_C",NA,0
"1676","P01530_E",NA,0
"1677","P01530_N",NA,0
"1678","P01531_C",6.35321440952005,12.7
"1679","P01531_E",17.1657604938824,33
"1680","P01531_N",12.4374434672082,22.6
"1681","P01532_C",8.31444526111033,16.3
"1682","P01532_E",11.6888836079414,23.3
"1683","P01532_N",12.5085304226089,25
"1684","P01533_C",10.5291658422371,20.7
"1685","P01533_E",12.9549218446118,25.7
"1686","P01533_N",14.7974096832295,28
"1687","P01534_C",NA,0
"1688","P01534_E",NA,0
"1689","P01534_N",NA,0
"1690","P01535_C",NA,0
"1691","P01535_E",NA,0
"1692","P01535_N",NA,0
"1693","P01536_C",6.52099174461471,12.4
"1694","P01536_E",21.1660104885167,40
"1695","P01536_N",17.4505969334385,33.3
"1696","P01537_C",12.0442240652245,23
"1697","P01537_E",13.0928733795654,24.3
"1698","P01537_N",19.3293386677696,38.3
"1699","P01538_C",NA,0
"1700","P01538_E",NA,0
"1701","P01538_N",NA,0
"1702","P01539_C",NA,0
"1703","P01539_E",NA,0
"1704","P01539_N",NA,0
"1705","P01540_C",13.0511813003013,26
"1706","P01540_E",15.5538848309139,29.3
"1707","P01540_N",15.560526983364,30.3
"1708","P01541_C",2.82842712474619,4
"1709","P01541_E",6.36396103067893,9
"1710","P01541_N",2.61629509039022,3.69999999999999
"1711","P01542_C",8.69741340859454,12.3
"1712","P01542_E",6.36396103067893,9
"1713","P01542_N",19.0918830920368,27
"1714","P01543_C",NA,0
"1715","P01543_E",NA,0
"1716","P01543_N",NA,0
"1717","P01544_C",NA,0
"1718","P01544_E",NA,0
"1719","P01544_N",NA,0
"1720","P01545_C",NA,0
"1721","P01545_E",NA,0
"1722","P01545_N",NA,0
"1723","P01546_C",9.58453615639971,18.7
"1724","P01546_E",8.22374610503024,16
"1725","P01546_N",11.2393653438855,22.3
"1726","P01547_C",7.08684226812853,13.4
"1727","P01547_E",8.10945949699074,16
"1728","P01547_N",15.2007675244816,30.3
"1729","P01548_C",13.9280292934787,27.7
"1730","P01548_E",11.9817917413604,22.7
"1731","P01548_N",9.67798188329227,19
"1732","P01549_C",10.6531685427388,18.6
"1733","P01549_E",10.9235220205451,20.7
"1734","P01549_N",10.1336074524327,17.7
"1735","P01550_C",NA,0
"1736","P01550_E",NA,0
"1737","P01550_N",NA,0
"1738","P01551_C",8.55940029051881,15.3
"1739","P01551_E",9.35539060292693,17.6
"1740","P01551_N",4.44559707276011,7.69999999999999
"1741","P01552_C",NA,0.699999999999989
"1742","P01552_E",14.9006711258252,27.3
"1743","P01552_N",9.84699615788151,18.7
"1744","P01553_C",6.2449979983984,12
"1745","P01553_E",3.69999999999999,7.39999999999998
"1746","P01553_N",8.48312049503798,15.3
"1747","P01554_C",3.8940124978399,7.30000000000001
"1748","P01554_E",1,2
"1749","P01554_N",10.6503521068554,20.7
"1750","P01555_C",2.33345237791562,3.30000000000001
"1751","P01555_E",9.89949493661167,14
"1752","P01555_N",7.07106781186548,10
"1753","P01556_C",NA,0
"1754","P01556_E",NA,0
"1755","P01556_N",NA,0
"1756","P01557_C",10.072900939319,19
"1757","P01557_E",10.0166528008778,19
"1758","P01557_N",8.40178552451798,14.7
"1759","P01558_C",12.0208152801713,17
"1760","P01558_E",8.98025612106914,12.7
"1761","P01558_N",2.33345237791562,3.30000000000001
"1762","P01559_C",NA,0
"1763","P01559_E",NA,0
"1764","P01559_N",NA,0
"1765","P01560_C",0.351188458428418,0.699999999999989
"1766","P01560_E",5.10522608053095,9.30000000000001
"1767","P01560_N",10.6828523032631,20.4
"1768","P01561_C",8.06163755077094,14.3
"1769","P01561_E",8.02080627701064,16
"1770","P01561_N",8.55940029051881,15.3
"1771","P01562_C",NA,0
"1772","P01562_E",NA,0
"1773","P01562_N",NA,0
"1774","P01563_C",7.25695069111905,13.7
"1775","P01563_E",4.02036482589992,8
"1776","P01563_N",6.02771377334171,12
"1777","P01564_C",8.35044908971967,16.3
"1778","P01564_E",11.0210404832454,21
"1779","P01564_N",8.44768212785812,16.3
"1780","P01565_C",4.62853468533329,8.30000000000001
"1781","P01565_E",3.81968585095686,7.30000000000001
"1782","P01565_N",4.55302097513288,9
"1783","P01566_C",6.15182899632295,8.69999999999999
"1784","P01566_E",9.89949493661167,14
"1785","P01566_N",3.32340187157677,4.69999999999999
"1786","P01567_C",NA,0
"1787","P01567_E",NA,0
"1788","P01567_N",NA,0
"1789","P01568_C",7.359574263049,14.7
"1790","P01568_E",7.57165767847438,15
"1791","P01568_N",9.69999999999999,19.4
"1792","P01569_C",1.4142135623731,2
"1793","P01569_E",4.94974746830583,7
"1794","P01569_N",5.1618795026618,7.30000000000001
"1795","P01570_C",7.07106781186548,10
"1796","P01570_E",3.74766594028871,5.30000000000001
"1797","P01570_N",14.6371103705615,20.7
"1798","P01571_C",6.36893502348182,12
"1799","P01571_E",2.71354626519123,4.69999999999999
"1800","P01571_N",9.00721932674008,17.3
"1801","P01572_C",NA,0
"1802","P01572_E",NA,0
"1803","P01572_N",NA,0
"1804","P01573_C",2.71354626519123,4.69999999999999
"1805","P01573_E",8.05791536316931,15.7
"1806","P01573_N",12.7078715763105,24.3
"1807","P01574_C",NA,0
"1808","P01574_E",NA,0
"1809","P01574_N",NA,0
"1810","P01575_C",6.25539766921337,11.3
"1811","P01575_E",2.15174347913501,4.30000000000001
"1812","P01575_N",9.36429388688758,18.3
"1813","P01576_C",NA,0
"1814","P01576_E",NA,0
"1815","P01576_N",NA,0
"1816","P01577_C",10.6926766215636,19
"1817","P01577_E",9.67591511606698,18.3
"1818","P01577_N",6.2449979983984,12
"1819","P01578_C",15.0443787951957,27
"1820","P01578_E",11.1114055516543,21.7
"1821","P01578_N",11.7627944525667,21.3
"1822","P01579_C",NA,0
"1823","P01579_E",NA,0
"1824","P01579_N",NA,0
"1825","P01580_C",13.9366423502937,26
"1826","P01580_E",10.3645228222689,20.7
"1827","P01580_N",8.56523982929453,16
"1828","P01701_C",6.50640709864771,13
"1829","P01701_E",10.0164864099144,19.7
"1830","P01701_N",NA,9.69999999999999
"1831","P01702_C",NA,0
"1832","P01702_E",NA,0
"1833","P01702_N",NA,0
"1834","P01703_C",4.71487009365052,9.30000000000001
"1835","P01703_E",11.4642923898512,21.3
"1836","P01703_N",3.8940124978399,7.30000000000001
"1837","P01704_C",11.9553335377981,23.3
"1838","P01704_E",14.7285437161995,27
"1839","P01704_N",12.2,24.4
"1840","P01705_C",3.18799832705937,6.30000000000001
"1841","P01705_E",11.6051712611232,23.2
"1842","P01705_N",4.55668007801001,8.69999999999999
"1843","P01706_C",13.418767951393,26.7
"1844","P01706_E",17.6162803489651,31
"1845","P01706_N",24.2693221990232,47
"1846","P01707_C",8.94035793466906,17
"1847","P01707_E",9.53939201416946,17
"1848","P01707_N",5.5075705472861,11
"1849","P01708_C",5.09542278258962,10
"1850","P01708_E",8.7214295464295,15.8
"1851","P01708_N",18.2516665905701,35.3
"1852","P01709_C",31.4656956064855,59.4
"1853","P01709_E",13.11576659343,25.7
"1854","P01709_N",5.72916515151494,11.4
"1855","P01710_C",NA,0
"1856","P01710_E",NA,0
"1857","P01710_N",NA,0
"1858","P01711_C",NA,0
"1859","P01711_E",NA,0
"1860","P01711_N",NA,0
"1861","P01712_C",NA,0
"1862","P01712_E",NA,0
"1863","P01712_N",NA,0
"1864","P01713_C",NA,0
"1865","P01713_E",NA,0
"1866","P01713_N",NA,0
"1867","P01714_C",7.28319984622145,10.3
"1868","P01714_E",9.89949493661167,14
"1869","P01714_N",9.68736290225569,13.7
"1870","P01715_C",7.54077803236068,14.3
"1871","P01715_E",6.67308024828115,12.5
"1872","P01715_N",6.49332991101894,12.7
"1873","P01716_C",2.47588368062798,4.69999999999999
"1874","P01716_E",7.81174329668695,14.3
"1875","P01716_N",7.50488729651109,13.6
"1876","P01717_C",8.85042371867019,17.7
"1877","P01717_E",8.31043520721588,15
"1878","P01717_N",NA,18.3
"1879","P01718_C",8.18535277187245,16
"1880","P01718_E",9.00721932674008,17.3
"1881","P01718_N",0.513160143944687,1
"1882","P01719_C",7.04012310498427,14
"1883","P01719_E",12.2541149551215,24
"1884","P01719_N",10.6925207505059,20.7
"1885","P01720_C",8.44768212785812,16.3
"1886","P01720_E",11.5483043488355,21.7
"1887","P01720_N",10.0877813880622,20
"1888","P01721_C",2.20529665426975,4.30000000000001
"1889","P01721_E",4.12189276910498,7.69999999999999
"1890","P01721_N",5.4064775963653,10.7
"1891","P01722_C",3.72692903071685,6.60000000000002
"1892","P01722_E",13.6209397619988,26.3
"1893","P01722_N",5.3507008886687,10
"1894","P01723_C",6.84324484437025,12
"1895","P01723_E",7.60679520779502,15
"1896","P01723_N",6.75499814951861,11.7
"1897","P01724_C",7.04012310498427,14
"1898","P01724_E",6.15006775030432,11.4
"1899","P01724_N",6.42105910267145,12.7
"1900","P01725_C",4.06489032242365,7.60000000000002
"1901","P01725_E",2.81602556806575,5.30000000000001
"1902","P01725_N",3.51188458428425,7
"1903","P01726_C",NA,0
"1904","P01726_E",NA,0
"1905","P01726_N",NA,0
"1906","P01727_C",6.42105910267145,12.7
"1907","P01727_E",5.46168472176856,10.3
"1908","P01727_N",5.46168472176856,10.3
"1909","P01728_C",NA,0
"1910","P01728_E",NA,0
"1911","P01728_N",NA,0
"1912","P01729_C",3.00499584026334,6
"1913","P01729_E",2.371356854911,4.60000000000002
"1914","P01729_N",7.19884249955043,14.3
"1915","P01730_C",NA,0
"1916","P01730_E",NA,0
"1917","P01730_N",NA,0
"1918","P01731_C",NA,0
"1919","P01731_E",NA,0
"1920","P01731_N",NA,0
"1921","P01732_C",13.905514493658,27.7
"1922","P01732_E",12.0138808606267,24
"1923","P01732_N",4.21465696508427,8
"1924","P01733_C",NA,0
"1925","P01733_E",NA,0
"1926","P01733_N",NA,0
"1927","P01734_C",15.4001082247279,27.3
"1928","P01734_E",11.186152153444,20.7
"1929","P01734_N",1.52752523165195,3
"1930","P01735_C",7.54254598925322,13.4
"1931","P01735_E",20.0748598998847,37
"1932","P01735_N",17.4679706892358,32.7
"1933","P01736_C",NA,0
"1934","P01736_E",NA,0
"1935","P01736_N",NA,0
"1936","P01737_C",NA,2.69999999999999
"1937","P01737_E",NA,6
"1938","P01737_N",NA,44
"1939","P01738_C",NA,0.699999999999989
"1940","P01738_E",NA,16.7
"1941","P01738_N",NA,48
"1942","P01739_C",NA,11.7
"1943","P01739_E",NA,10
"1944","P01739_N",NA,1
"1945","P01740_C",NA,69
"1946","P01740_E",NA,7.30000000000001
"1947","P01740_N",NA,9.30000000000001
"1948","P01741_C",1.73205080756888,3
"1949","P01741_E",2.93655126523159,5.39999999999998
"1950","P01741_N",7.359574263049,14.7
"1951","P01742_C",4.74657771452233,9.30000000000001
"1952","P01742_E",5.03620227287719,9.30000000000001
"1953","P01742_N",7.99562380305627,15
"1954","P01743_C",16.9959799168313,33.7
"1955","P01743_E",8.7557600088932,17.3
"1956","P01743_N",3.69097999633341,7.30000000000001
"1957","P01744_C",14.0521647205451,25.7
"1958","P01744_E",15.9769625815839,28.3
"1959","P01744_N",7.6395898668275,14
"1960","P01745_C",8.21360659718576,15
"1961","P01745_E",6.93757882838098,13
"1962","P01745_N",NA,8
"1963","P01746_C",11.1114055516543,21.7
"1964","P01746_E",0.75055534994652,1.30000000000001
"1965","P01746_N",14.65025597046,26
"1966","P01747_C",6.71788657242738,13.3
"1967","P01747_E",3.10859024854247,5.69999999999999
"1968","P01747_N",11.6474603812734,23
"1969","P01748_C",NA,-Inf
"1970","P01748_E",NA,-Inf
"1971","P01748_N",NA,-Inf
"1972","P01749_C",NA,-Inf
"1973","P01749_E",NA,-Inf
"1974","P01749_N",NA,-Inf
"1975","P01750_C",NA,-Inf
"1976","P01750_E",NA,-Inf
"1977","P01750_N",NA,-Inf
"1978","P01761_C",NA,0
"1979","P01761_E",NA,0
"1980","P01761_N",NA,0
"1981","P01762_C",13.3552736150681,26
"1982","P01762_E",4.29301758673313,8
"1983","P01762_N",2.67644042215278,5.30000000000001
"1984","P01763_C",11.2601065714317,19.7
"1985","P01763_E",26.9072480941474,52
"1986","P01763_N",2.13619599600162,4
"1987","P01764_C",15.1447460636794,29.7
"1988","P01764_E",5.10522608053095,9.30000000000001
"1989","P01764_N",10.8518815572846,20.7
"1990","P01765_C",NA,0
"1991","P01765_E",NA,0
"1992","P01765_N",NA,0
"1993","P01766_C",5.2373657500694,10
"1994","P01766_E",11.5439738969444,22.7
"1995","P01766_N",NA,9
"1996","P01767_C",21.6384688306112,38.3
"1997","P01767_E",NA,27.7
"1998","P01767_N",11.2694276695846,20
"1999","P01768_C",NA,0
"2000","P01768_E",NA,0
"2001","P01768_N",NA,0
"2002","P01769_C",7.85047769247196,15.7
"2003","P01769_E",5.85348898805946,11.3
"2004","P01769_N",3.88115103201786,7.69999999999999
"2005","P01770_C",NA,0
"2006","P01770_E",NA,0
"2007","P01770_N",NA,0
"2008","P01774_C",NA,0
"2009","P01774_E",NA,0
"2010","P01774_N",NA,0
"2011","P01775_C",NA,0
"2012","P01775_E",NA,0
"2013","P01775_N",NA,0
"2014","P017x1_C",3.73229152130431,7.30000000000001
"2015","P017x1_E",2.80416357107308,5
"2016","P017x1_N",8.71951833532104,16.7
"2017","P017x2_C",10.206043960974,20.3
"2018","P017x2_E",1.73877351409934,3.30000000000001
"2019","P017x2_N",11.9717723555593,22.3
"2020","P017x3_C",6.50640709864771,13
"2021","P017x3_E",6.18573628061635,12.3
"2022","P017x3_N",2.9022979401387,5.30000000000001
"2023","P01831_C",3.63730669589464,6.3
"2024","P01831_E",4.04516171905813,7.7
"2025","P01831_N",1.0785793124909,2
"2026","P01832_C",5.46717477313466,10.7
"2027","P01832_E",2.86763549520041,5.69999999999999
"2028","P01832_N",1.01488915650922,2
"2029","P01833_C",1.73205080756888,3
"2030","P01833_E",0.850490054811536,1.59999999999999
"2031","P01833_N",1.15470053837925,2
"2032","P01834_C",4.16333199893227,8
"2033","P01834_E",2.64575131106459,5
"2034","P01834_N",3.89743505398101,7.59999999999999
"2035","P01835_C",4.0698075302566,8
"2036","P01835_E",6.73523075575984,12
"2037","P01835_N",0.854400374531754,1.7
"2038","P01846_C",NA,0
"2039","P01846_E",NA,0
"2040","P01846_N",NA,0
"2041","P01847_C",NA,0
"2042","P01847_E",NA,0
"2043","P01847_N",NA,0
"2044","P01848_C",NA,0
"2045","P01848_E",NA,0
"2046","P01848_N",NA,0
"2047","P01849_C",NA,0
"2048","P01849_E",NA,0
"2049","P01849_N",NA,0
"2050","P01850_C",NA,0
"2051","P01850_E",NA,0
"2052","P01850_N",NA,0
"2053","P01851_C",4.366157731156,8.7
"2054","P01851_E",5.46168472176855,10.3
"2055","P01851_N",3.02709982216202,6
"2056","P01852_C",7.08731260775197,13.7
"2057","P01852_E",4.78434948556227,9.3
"2058","P01852_N",4.78156180900481,9
"2059","P01853_C",5.43415126767741,10.7
"2060","P01853_E",4.76060220280306,8.7
"2061","P01853_N",4,8
"2062","P01854_C",6.20671679177754,12.3
"2063","P01854_E",3.65558932777375,7.3
"2064","P01854_N",4.13077878048841,7.3
"2065","P01855_C",4.58257569495584,9
"2066","P01855_E",5.51935986626469,11
"2067","P01855_N",5.47935519320781,10.7
"2068","P01856_C",9.72231111070476,19.3
"2069","P01856_E",8.88950692295885,17.7
"2070","P01856_N",8.88819441731559,17
"2071","P01857_C",NA,14.3
"2072","P01857_E",NA,18
"2073","P01857_N",NA,11
"2074","P01859_C",3.65558932777375,7.3
"2075","P01859_E",6.15819237547296,12.3
"2076","P01859_N",7.76745346515403,15
"2077","P01860_C",5.85064099052403,11.7
"2078","P01860_E",5.97187854308285,11.3
"2079","P01860_N",8.03513119577604,16
"2080","P01861_C",NA,0
"2081","P01861_E",NA,0
"2082","P01861_N",NA,0
"2083","P01862_C",NA,0
"2084","P01862_E",NA,0
"2085","P01862_N",NA,0
"2086","P01863_C",NA,0
"2087","P01863_E",NA,0
"2088","P01863_N",NA,0
"2089","P01864_C",NA,0
"2090","P01864_E",NA,0
"2091","P01864_N",NA,0
"2092","P01865_C",NA,0
"2093","P01865_E",NA,0
"2094","P01865_N",NA,0
"2095","P01866_C",NA,22.7
"2096","P01866_E",NA,23
"2097","P01866_N",NA,26
"2098","P01867_C",NA,22
"2099","P01867_E",NA,21.3
"2100","P01867_N",NA,15.3
"2101","P01869_C",NA,18.3
"2102","P01869_E",NA,18.3
"2103","P01869_N",NA,13.7
"2104","P01870_C",NA,19
"2105","P01870_E",NA,20
"2106","P01870_N",NA,18.3
"2107","P01871_C",NA,20.7
"2108","P01871_E",NA,14.7
"2109","P01871_N",NA,13
"2110","P01872_C",NA,17.3
"2111","P01872_E",NA,20
"2112","P01872_N",NA,18.7
"2113","P01873_C",NA,17
"2114","P01873_E",NA,16
"2115","P01873_N",NA,17.7
"2116","P01874_C",NA,19.7
"2117","P01874_E",NA,15.3
"2118","P01874_N",NA,22
"2119","P01875_C",12.1376823707549,23.7
"2120","P01875_E",11.2766720859185,22
"2121","P01875_N",11.6761865920913,23
"2122","P01876_C",NA,7
"2123","P01876_E",NA,11.7
"2124","P01876_N",NA,17.3
"2125","P01877_C",NA,10.7
"2126","P01877_E",NA,8.69999999999999
"2127","P01877_N",NA,15.3
"2128","P01878_C",NA,16.3
"2129","P01878_E",NA,13.7
"2130","P01878_N",NA,13
"2131","P01879_C",NA,15
"2132","P01879_E",NA,13.3
"2133","P01879_N",NA,18
"2134","P01880_C",NA,13.3
"2135","P01880_E",NA,16.3
"2136","P01880_N",NA,15.3
"2137","P01881_C",NA,-Inf
"2138","P01881_E",NA,-Inf
"2139","P01881_N",NA,-Inf
"2140","P01882_C",NA,0
"2141","P01882_E",NA,0
"2142","P01882_N",NA,0
"2143","P01883_C",NA,-Inf
"2144","P01883_E",NA,-Inf
"2145","P01883_N",NA,-Inf
"2146","P01884_C",NA,0
"2147","P01884_E",NA,0
"2148","P01884_N",NA,0
"2149","P01885_C",NA,0
"2150","P01885_E",NA,0
"2151","P01885_N",NA,0
"2152","P01886_C",NA,0
"2153","P01886_E",NA,0
"2154","P01886_N",NA,0
"2155","P01887_C",NA,0
"2156","P01887_E",NA,0
"2157","P01887_N",NA,0
"2158","P01906_C",NA,0
"2159","P01906_E",NA,0
"2160","P01906_N",NA,0
"2161","P01907_C",NA,0
"2162","P01907_E",NA,0
"2163","P01907_N",NA,0
"2164","P01908_C",NA,0
"2165","P01908_E",NA,0
"2166","P01908_N",NA,0
"2167","P01909_C",NA,0
"2168","P01909_E",NA,0
"2169","P01909_N",NA,0
"2170","P01910_C",NA,0
"2171","P01910_E",NA,0
"2172","P01910_N",NA,0
"2173","P01911_C",NA,0
"2174","P01911_E",NA,0
"2175","P01911_N",NA,0
"2176","P01912_C",8.35004990005049,16.7
"2177","P01912_E",4.366157731156,8.69999999999999
"2178","P01912_N",5.91805148113239,11.7
"2179","P01913_C",5.87054795852425,11.7
"2180","P01913_E",17.6076687837999,33.7
"2181","P01913_N",11.6631899581547,22.7
"2182","P01914_C",NA,6.30000000000001
"2183","P01914_E",NA,5
"2184","P01914_N",NA,5
"2185","P01915_C",NA,0
"2186","P01915_E",NA,0
"2187","P01915_N",NA,0
"2188","P01916_C",NA,11.7
"2189","P01916_E",NA,16.3
"2190","P01916_N",NA,18.3
"2191","P01917_C",NA,25
"2192","P01917_E",NA,17.7
"2193","P01917_N",NA,22.7
"2194","P01918_C",2.32880512996114,4.30000000000001
"2195","P01918_E",3.81094913811946,7.60000000000002
"2196","P01918_N",3.66924152016917,7.30000000000001
"2197","P01919_C",1.20208152801712,1.69999999999999
"2198","P01919_E",5.65685424949238,8
"2199","P01919_N",2.61629509039022,3.69999999999999
"2200","P01920_C",1.40118997046558,2.69999999999999
"2201","P01920_E",6.86464371495953,13.3
"2202","P01920_N",8,16
"2203","P01926_C",1.20208152801712,1.69999999999999
"2204","P01926_E",0.212132034355972,0.300000000000011
"2205","P01926_N",2.61629509039022,3.69999999999999
"2206","P01927_C",7.08731260775196,13.7
"2207","P01927_E",4.50924975282289,9
"2208","P01927_N",6.85735614747646,13.7
"2209","P01928_C",NA,0
"2210","P01928_E",NA,0
"2211","P01928_N",NA,0
"2212","P01929_C",NA,0
"2213","P01929_E",NA,0
"2214","P01929_N",NA,0
"2215","P01930_C",NA,0
"2216","P01930_E",NA,0
"2217","P01930_N",NA,0
"2218","P01931_C",NA,0
"2219","P01931_E",NA,0
"2220","P01931_N",NA,0
"2221","P01932_C",5.51935986626468,10.7
"2222","P01932_E",5.98024525695504,11.7
"2223","P01932_N",6.11010092660779,12
"2224","P01933_C",5.1618795026618,7.30000000000001
"2225","P01933_E",4.45477272147526,6.30000000000001
"2226","P01933_N",11.3137084989848,16
"2227","P01934_C",1.96553639837407,3.69999999999999
"2228","P01934_E",11.7189305541646,22
"2229","P01934_N",6.86755657663868,13.7
"2230","P01935_C",NA,0
"2231","P01935_E",NA,0
"2232","P01935_N",NA,0
"2233","P01936_C",NA,0
"2234","P01936_E",NA,0
"2235","P01936_N",NA,0
"2236","P01937_C",NA,14.7
"2237","P01937_E",NA,25.7
"2238","P01937_N",NA,0
"2239","P01938_C",11.13552872566,22
"2240","P01938_E",15.1414442287826,27.3
"2241","P01938_N",7.78609872357994,15.4
"2242","P01939_C",1,2
"2243","P01939_E",3.85097390279394,7.69999999999999
"2244","P01939_N",1.69213868619961,3.30000000000001
"2245","P01940_C",4.58257569495584,9
"2246","P01940_E",3.04357246231025,5.69999999999999
"2247","P01940_N",3.3261589458914,6.30000000000001
"2248","P01941_C",3.46410161513775,6
"2249","P01941_E",9.05704145954959,17.3
"2250","P01941_N",3.51188458428425,7
"2251","P01942_C",3.51188458428425,7
"2252","P01942_E",0.854400374531748,1.69999999999999
"2253","P01942_N",1.73205080756888,3
"2254","P01943_C",7.67875858022203,13.3
"2255","P01943_E",6.18304132284429,11.3
"2256","P01943_N",2.53574446662119,4.69999999999999
"2257","P01944_C",NA,0
"2258","P01944_E",NA,0
"2259","P01944_N",NA,0
"2260","P01945_C",NA,14
"2261","P01945_E",NA,0
"2262","P01945_N",NA,1.30000000000001
"2263","P01946_C",NA,0
"2264","P01946_E",NA,0
"2265","P01946_N",NA,0
"2266","P01947_C",NA,0
"2267","P01947_E",NA,0
"2268","P01947_N",NA,0
"2269","P01948_C",NA,0
"2270","P01948_E",NA,0
"2271","P01948_N",NA,0
"2272","P01949_C",NA,0
"2273","P01949_E",NA,0
"2274","P01949_N",NA,0
"2275","P01950_C",NA,0
"2276","P01950_E",NA,0
"2277","P01950_N",NA,0
"2278","P01951_C",3.09246395829173,6
"2279","P01951_E",1.56950098226581,3
"2280","P01951_N",2.3094010767585,4
"2281","P01952_C",0,0
"2282","P01952_E",5.44472221513641,7.69999999999999
"2283","P01952_N",0.91923881554252,1.30000000000001
"2284","P01953_C",1.20208152801712,1.69999999999999
"2285","P01953_E",2.61629509039022,3.69999999999999
"2286","P01953_N",5.65685424949238,8
"2287","P01954_C",NA,0
"2288","P01954_E",NA,0
"2289","P01954_N",NA,0
"2290","P01955_C",2.76224546338663,5.30000000000001
"2291","P01955_E",1.79536440126602,3.39999999999998
"2292","P01955_N",2.4826061575154,4.30000000000001
"2293","P01956_C",NA,0
"2294","P01956_E",NA,0
"2295","P01956_N",NA,0
"2296","P01957_C",NA,4.69999999999999
"2297","P01957_E",NA,0
"2298","P01957_N",NA,0
"2299","P01958_C",7.67224434786415,15
"2300","P01958_E",6.69054058603139,12.7
"2301","P01958_N",3.35608899365516,6.69999999999999
"2302","P01959_C",NA,0
"2303","P01959_E",NA,0
"2304","P01959_N",NA,0
"2305","P01960_C",2.53574446662119,4.69999999999999
"2306","P01960_E",6.9082076787929,13.7
"2307","P01960_N",12.4444097221738,24.7
"2308","P01961_C",1.82482875908947,3.30000000000001
"2309","P01961_E",5.75007246331151,10.7
"2310","P01961_N",2.41315837303177,4.69999999999999
"2311","P01962_C",NA,0
"2312","P01962_E",NA,0
"2313","P01962_N",NA,0
"2314","P01963_C",8.22374610503024,16
"2315","P01963_E",1.07857931249089,2
"2316","P01963_N",3.00499584026334,6
"2317","P01964_C",4.24264068711928,6
"2318","P01964_E",0.91923881554252,1.30000000000001
"2319","P01964_N",1.90918830920367,2.69999999999999
"2320","P01965_C",4.24264068711928,6
"2321","P01965_E",9.40452018978109,13.3
"2322","P01965_N",10.3944696834422,14.7
"2323","P01966_C",6.42105910267145,12.7
"2324","P01966_E",12.4243041387972,24.7
"2325","P01966_N",12.2541149551215,24
"2326","P01967_C",NA,0
"2327","P01967_E",NA,0
"2328","P01967_N",NA,0
"2329","P01968_C",2.61629509039022,3.69999999999999
"2330","P01968_E",5.1618795026618,7.30000000000001
"2331","P01968_N",2.33345237791562,3.30000000000001
"2332","P01969_C",1.62634559672907,2.30000000000001
"2333","P01969_E",6.36396103067893,9
"2334","P01969_N",8.98025612106914,12.7
"2335","P01970_C",NA,0
"2336","P01970_E",NA,0
"2337","P01970_N",NA,0
"2338","P01971_C",2.82842712474619,4
"2339","P01971_E",5.44472221513641,7.69999999999999
"2340","P01971_N",2.12132034355964,3
"2341","P01972_C",3.56791255498225,7
"2342","P01972_E",0.981495457622357,1.69999999999999
"2343","P01972_N",0.404145188432731,0.699999999999989
"2344","P01973_C",12.7279220613579,18
"2345","P01973_E",8.98025612106914,12.7
"2346","P01973_N",0.494974746830575,0.699999999999989
"2347","P01974_C",NA,0
"2348","P01974_E",NA,0
"2349","P01974_N",NA,0
"2350","P01975_C",1,2
"2351","P01975_E",3.16596483450675,6.30000000000001
"2352","P01975_N",4.74657771452233,9.30000000000001
"2353","P01976_C",8.88988188897918,16.3
"2354","P01976_E",7.35277725307474,14.7
"2355","P01976_N",5.75007246331151,10.7
"2356","P01977_C",8.57496355677387,15
"2357","P01977_E",7.60679520779502,15
"2358","P01977_N",9.52522965602405,19
"2359","P01978_C",NA,0
"2360","P01978_E",NA,0
"2361","P01978_N",NA,0
"2362","P01979_C",7.50755175362336,14.7
"2363","P01979_E",7.04911341943085,13.3
"2364","P01979_N",7.1668217037494,14.3
"2365","P01980_C",9.94300424083854,17.7
"2366","P01980_E",8.66025403784439,15
"2367","P01980_N",4.04516171905813,7.69999999999999
"2368","P02001_C",NA,0
"2369","P02001_E",NA,0
"2370","P02001_N",NA,0
"2371","P02002_C",4.10162569395762,7.69999999999999
"2372","P02002_E",5.19615242270663,9
"2373","P02002_N",4.46430285710995,8.30000000000001
"2374","P02003_C",NA,0
"2375","P02003_E",NA,0
"2376","P02003_N",NA,0
"2377","P02004_C",2.08166599946613,4
"2378","P02004_E",0.513160143944687,1
"2379","P02004_N",4.02036482589992,8
"2380","P02005_C",NA,0
"2381","P02005_E",NA,0
"2382","P02005_N",NA,0
"2383","P02006_C",3.55387112878338,6.30000000000001
"2384","P02006_E",6.75499814951861,11.7
"2385","P02006_N",0.854400374531748,1.69999999999999
"2386","P02007_C",NA,0
"2387","P02007_E",NA,0
"2388","P02007_N",NA,0
"2389","P02008_C",NA,0
"2390","P02008_E",NA,0
"2391","P02008_N",NA,0
"2392","P02009_C",1.66232768530556,3.30000000000001
"2393","P02009_E",0.888819441731556,1.69999999999999
"2394","P02009_N",2.32880512996114,4.30000000000001
"2395","P02010_C",3.02709982216202,6
"2396","P02010_E",4.04145188432738,8
"2397","P02010_N",0.680685928555409,1.30000000000001
"2398","P02011_C",NA,0
"2399","P02011_E",NA,0
"2400","P02011_N",NA,0
"2401","P02012_C",1.82482875908947,3.30000000000001
"2402","P02012_E",1.01488915650922,2
"2403","P02012_N",1.15325625946709,2.30000000000001
"2404","P02013_C",2.70739727413618,5
"2405","P02013_E",10.267911179982,18.7
"2406","P02013_N",3.78593889720018,7
"2407","P02014_C",0.351188458428418,0.699999999999989
"2408","P02014_E",5.22717259456136,10.3
"2409","P02014_N",0.75055534994652,1.30000000000001
"2410","P02015_C",1.17898261225517,2.30000000000001
"2411","P02015_E",1.17898261225517,2.30000000000001
"2412","P02015_N",1.85202591774521,3.69999999999999
"2413","P02016_C",0.854400374531748,1.69999999999999
"2414","P02016_E",2.20529665426975,4.30000000000001
"2415","P02016_N",5.4793551932078,10.7
"2416","P02017_C",2.54230866208911,5
"2417","P02017_E",3.04357246231025,5.69999999999999
"2418","P02017_N",3.90683162336609,7.69999999999999
"2419","P02018_C",0.854400374531748,1.69999999999999
"2420","P02018_E",2.71354626519123,4.69999999999999
"2421","P02018_N",3.50190424388408,7
"2422","P02019_C",0.650640709864776,1.30000000000001
"2423","P02019_E",3.16596483450675,6.30000000000001
"2424","P02019_N",4.76060220280305,8.69999999999999
"2425","P02020_C",NA,0
"2426","P02020_E",NA,0
"2427","P02020_N",NA,0
"2428","P02021_C",4.15090351610346,8.30000000000001
"2429","P02021_E",3.78593889720018,7
"2430","P02021_N",3.18171861316071,5.69999999999999
"2431","P02022_C",3.55387112878338,6.30000000000001
"2432","P02022_E",4.52364160089339,9
"2433","P02022_N",0.850490054811549,1.60000000000002
"2434","P02023_C",NA,0
"2435","P02023_E",NA,0
"2436","P02023_N",NA,0
"2437","P02024_C",NA,0
"2438","P02024_E",NA,0
"2439","P02024_N",NA,0
"2440","P02025_C",2.53574446662119,4.69999999999999
"2441","P02025_E",2.08166599946613,4
"2442","P02025_N",1.66232768530556,3.30000000000001
"2443","P02026_C",NA,0
"2444","P02026_E",NA,0
"2445","P02026_N",NA,0
"2446","P02027_C",NA,0
"2447","P02027_E",NA,0
"2448","P02027_N",NA,0
"2449","P02028_C",4.17891532976362,8.30000000000001
"2450","P02028_E",2.25018517756503,4.30000000000001
"2451","P02028_N",2.16564078277078,4.30000000000001
"2452","P02029_C",NA,0
"2453","P02029_E",NA,0
"2454","P02029_N",NA,0
"2455","P02030_C",3.72692903071685,6.60000000000002
"2456","P02030_E",7.01165696061447,14
"2457","P02030_N",1.66232768530556,3.30000000000001
"2458","P02031_C",1.73205080756888,3
"2459","P02031_E",2.13619599600162,4
"2460","P02031_N",6.48254065419827,12.3
"2461","P02032_C",NA,0
"2462","P02032_E",NA,0
"2463","P02032_N",NA,0
"2464","P02033_C",0.577350269189626,1
"2465","P02033_E",1.69999999999999,3.39999999999998
"2466","P02033_N",0.854400374531748,1.69999999999999
"2467","P02034_C",1.7578395831247,3.30000000000001
"2468","P02034_E",0.981495457622357,1.69999999999999
"2469","P02034_N",1.52752523165195,3
"2470","P02035_C",NA,0
"2471","P02035_E",NA,0
"2472","P02035_N",NA,0
"2473","P02041_C",0.75055534994652,1.30000000000001
"2474","P02041_E",2.20529665426975,4.30000000000001
"2475","P02041_N",2.3094010767585,4
"2476","P02042_C",1.52752523165195,3
"2477","P02042_E",1.52752523165195,3
"2478","P02042_N",3.09246395829173,6
"2479","P02043_C",NA,0
"2480","P02043_E",NA,0
"2481","P02043_N",NA,0
"2482","P02044_C",3.21455025366432,6
"2483","P02044_E",2.371356854911,4.60000000000002
"2484","P02044_N",1.56950098226581,3
"2485","P02045_C",NA,0
"2486","P02045_E",NA,0
"2487","P02045_N",NA,0
"2488","P02046_C",1.4224392195568,2.60000000000002
"2489","P02046_E",2.70739727413618,5
"2490","P02046_N",2.92631736715847,5.69999999999999
"2491","P02047_C",2.50266524595946,5
"2492","P02047_E",4.83356321292412,8.69999999999999
"2493","P02047_N",1.69213868619961,3.30000000000001
"2494","P02048_C",NA,0
"2495","P02048_E",NA,0
"2496","P02048_N",NA,0
"2497","P02049_C",NA,0
"2498","P02049_E",NA,0
"2499","P02049_N",NA,0
"2500","P02050_C",1.91398362932741,3.69999999999999
"2501","P02050_E",3.61432335760558,6.69999999999999
"2502","P02050_N",2.64575131106459,5
"2503","P02051_C",NA,0
"2504","P02051_E",NA,0
"2505","P02051_N",NA,0
"2506","P02052_C",2.64575131106459,5
"2507","P02052_E",5.4341512676774,10.7
"2508","P02052_N",0.854400374531748,1.69999999999999
"2509","P02053_C",NA,0
"2510","P02053_E",NA,0
"2511","P02053_N",NA,0
"2512","P02054_C",2.81602556806575,5.30000000000001
"2513","P02054_E",1.17898261225517,2.30000000000001
"2514","P02054_N",0.513160143944687,1
"2515","P02055_C",4.2852460061627,8.30000000000001
"2516","P02055_E",4.46430285710995,8.30000000000001
"2517","P02055_N",7.65266837993999,15.3
"2518","P02056_C",2.97713508819021,5.30000000000001
"2519","P02056_E",2.08166599946613,4
"2520","P02056_N",0.513160143944687,1
"2521","P02057_C",3.69097999633341,7.30000000000001
"2522","P02057_E",1.07857931249089,2
"2523","P02057_N",1.85202591774521,3.69999999999999
"2524","P02058_C",1.25033328890074,2.30000000000001
"2525","P02058_E",4.53468117218105,8
"2526","P02058_N",1.52752523165195,3
"2527","P02059_C",NA,0
"2528","P02059_E",NA,0
"2529","P02059_N",NA,0
"2530","P02060_C",2.32880512996114,4.30000000000001
"2531","P02060_E",2.35867194271126,4.69999999999999
"2532","P02060_N",2.25018517756503,4.30000000000001
"2533","P02061_C",NA,0
"2534","P02061_E",NA,0
"2535","P02061_N",NA,0
"2536","P02062_C",NA,0
"2537","P02062_E",NA,0
"2538","P02062_N",NA,0
"2539","P02063_C",NA,0
"2540","P02063_E",NA,0
"2541","P02063_N",NA,0
"2542","P02064_C",3.85875627631494,7.69999999999999
"2543","P02064_E",3.28075194632775,6
"2544","P02064_N",5.17332903779891,10
"2545","P02065_C",NA,0
"2546","P02065_E",NA,0
"2547","P02065_N",NA,0
"2548","P02066_C",2.371356854911,4.60000000000002
"2549","P02066_E",3.05505046330389,6
"2550","P02066_N",0.173205080756894,0.300000000000011
"2551","P02067_C",NA,0
"2552","P02067_E",NA,0
"2553","P02067_N",NA,0
"2554","P02068_C",3.75810235801705,6.69999999999999
"2555","P02068_E",2.80416357107308,5
"2556","P02068_N",4.15090351610346,8.30000000000001
"2557","P02069_C",NA,0
"2558","P02069_E",NA,0
"2559","P02069_N",NA,0
"2560","P02070_C",NA,0
"2561","P02070_E",NA,0
"2562","P02070_N",NA,0
"2563","P02071_C",1.87705443004014,3.69999999999999
"2564","P02071_E",3.10859024854247,5.69999999999999
"2565","P02071_N",3.60555127546399,7
"2566","P02072_C",2.50266524595946,5
"2567","P02072_E",1.15325625946709,2.30000000000001
"2568","P02072_N",1.79536440126602,3.39999999999998
"2569","P02073_C",1.15325625946709,2.30000000000001
"2570","P02073_E",4.43057558337515,8
"2571","P02073_N",3.99541403778548,7.69999999999999
"2572","P02074_C",NA,0
"2573","P02074_E",NA,0
"2574","P02074_N",NA,0
"2575","P02075_C",2.35867194271126,4.69999999999999
"2576","P02075_E",1.25033328890074,2.30000000000001
"2577","P02075_N",2.22785397486759,4
"2578","P02076_C",NA,0
"2579","P02076_E",NA,0
"2580","P02076_N",NA,0
"2581","P02077_C",4.53468117218105,8
"2582","P02077_E",2.25018517756503,4.30000000000001
"2583","P02077_N",9.86221746532357,19.7
"2584","P02078_C",2.97713508819021,5.30000000000001
"2585","P02078_E",1.69213868619961,3.30000000000001
"2586","P02078_N",2.81602556806575,5.30000000000001
"2587","P02079_C",2.05507501890644,3.69999999999999
"2588","P02079_E",1.73205080756888,3
"2589","P02079_N",2.76103845198383,5.39999999999998
"2590","P02080_C",0.680685928555409,1.30000000000001
"2591","P02080_E",2.76103845198383,5.39999999999998
"2592","P02080_N",2.65015722804013,5.30000000000001
"2593","P02101_C",10.279267159352,19
"2594","P02101_E",21.6763311778846,41
"2595","P02101_N",14.3604781721687,28.7
"2596","P02102_C",19.9088757425761,38
"2597","P02102_E",18.6582421465689,37
"2598","P02102_N",4.00374824383352,8
"2599","P02103_C",7.41147758547511,14.7
"2600","P02103_E",10.0664459136943,20
"2601","P02103_N",6.71788657242738,13.3
"2602","P02104_C",NA,0
"2603","P02104_E",NA,0
"2604","P02104_N",NA,0
"2605","P02105_C",17.6388775153069,33
"2606","P02105_E",18.3429368786281,35.3
"2607","P02105_N",14.7441513828365,26.3
"2608","P02106_C",13.6588188850037,24
"2609","P02106_E",12.7471565456771,22.7
"2610","P02106_N",6.11010092660779,12
"2611","P02107_C",NA,0
"2612","P02107_E",NA,0
"2613","P02107_N",NA,0
"2614","P02108_C",6.15873363606513,11
"2615","P02108_E",1.65227116418583,3
"2616","P02108_N",2.88675134594813,5
"2617","P02109_C",NA,0
"2618","P02109_E",NA,0
"2619","P02109_N",NA,0
"2620","P02110_C",16.7431578064991,29
"2621","P02110_E",10.0808399120973,19.3
"2622","P02110_N",18.123557413856,34.3
"2623","P02111_C",NA,0
"2624","P02111_E",NA,0
"2625","P02111_N",NA,0
"2626","P02112_C",2.13619599600162,4
"2627","P02112_E",7.99937497558403,15.3
"2628","P02112_N",6,12
"2629","P02113_C",NA,0
"2630","P02113_E",NA,0
"2631","P02113_N",NA,0
"2632","P02114_C",4.46430285710995,8.30000000000001
"2633","P02114_E",5.3631458430042,10.7
"2634","P02114_N",4.0698075302566,8
"2635","P02115_C",8.08290376865476,16
"2636","P02115_E",30.0077212285994,55
"2637","P02115_N",12.9046503245923,23.7
"2638","P02116_C",8.03513119577604,16
"2639","P02116_E",4.15090351610346,8.30000000000001
"2640","P02116_N",9.45850587214141,18.3
"2641","P02117_C",NA,0
"2642","P02117_E",NA,0
"2643","P02117_N",NA,0
"2644","P02118_C",13.8659054278231,27.7
"2645","P02118_E",12.5191852770058,25
"2646","P02118_N",13.0024356692634,25
"2647","P02119_C",NA,0
"2648","P02119_E",NA,0
"2649","P02119_N",NA,0
"2650","P02120_C",6.73523075575985,12
"2651","P02120_E",13.114877048604,26
"2652","P02120_N",10.6531685427388,18.6
"2653","P02121_C",9.84191715741061,19.3
"2654","P02121_E",9.18495146058668,17.3
"2655","P02121_N",2.04042479237372,4
"2656","P02122_C",3.4828149534536,6.69999999999999
"2657","P02122_E",4.39203825119954,8.69999999999999
"2658","P02122_N",10.1975487250613,18.7
"2659","P02123_C",11.7898261225516,23
"2660","P02123_E",8.65043351514824,16
"2661","P02123_N",12.2663496335843,23.3
"2662","P02124_C",11.0888833221986,21.3
"2663","P02124_E",10.4289660721154,20.3
"2664","P02124_N",11.5941076988845,20.7
"2665","P02125_C",19.9189189800384,37.7
"2666","P02125_E",16.3887156299693,32.7
"2667","P02125_N",20.1516748683577,40.3
"2668","P02126_C",9.98649087517732,19.7
"2669","P02126_E",7.99562380305627,15
"2670","P02126_N",11.4308063290974,22.7
"2671","P02127_C",NA,0
"2672","P02127_E",NA,0
"2673","P02127_N",NA,0
"2674","P02128_C",3.68284310463171,6.69999999999999
"2675","P02128_E",5.05206228517952,9.69999999999999
"2676","P02128_N",3.09246395829173,6
"2677","P02129_C",7.0164093381159,12.3
"2678","P02129_E",2.40069434400412,4.30000000000001
"2679","P02129_N",4.02781992315116,7.30000000000001
"2680","P02130_C",NA,0
"2681","P02130_E",NA,0
"2682","P02130_N",NA,0
"2683","P02131_C",3.8940124978399,7.30000000000001
"2684","P02131_E",3.43947670438396,6.69999999999999
"2685","P02131_N",5.60029761113936,9.69999999999999
"2686","P02132_C",10.279267159352,19
"2687","P02132_E",16.8383490877224,33.3
"2688","P02132_N",21.1698685242335,37.3
"2689","P02133_C",5.85946527708232,11
"2690","P02133_E",6.26604606856136,11
"2691","P02133_N",5.05206228517952,9.69999999999999
"2692","P02134_C",6.90820767879292,12.3
"2693","P02134_E",7.47819051197101,14.4
"2694","P02134_N",7.60679520779502,15
"2695","P02135_C",13.5769412362775,24
"2696","P02135_E",7.6395898668275,14
"2697","P02135_N",12.1516802679026,23
"2698","P02136_C",3.25934553757858,6.30000000000001
"2699","P02136_E",6.86027210344702,13
"2700","P02136_N",7.40697869129738,13.3
"2701","P02137_C",NA,0
"2702","P02137_E",NA,0
"2703","P02137_N",NA,0
"2704","P02138_C",16.2531022679774,28.3
"2705","P02138_E",11.8190524154858,22.6
"2706","P02138_N",11.7287396310658,23.3
"2707","P02139_C",8.96455985162313,16.7
"2708","P02139_E",10.3035592555841,20
"2709","P02139_N",4.895235779136,9.69999999999999
"2710","P02140_C",26.0991059872428,51.3
"2711","P02140_E",15.4907499280485,30
"2712","P02140_N",14.3060593223058,27
"2713","P02141_C",NA,0
"2714","P02141_E",NA,0
"2715","P02141_N",NA,0
"2716","P02142_C",NA,0
"2717","P02142_E",NA,0
"2718","P02142_N",NA,0
"2719","P02143_C",1.56950098226581,3
"2720","P02143_E",5.51935986626468,10.7
"2721","P02143_N",5.65361241449513,11.3
"2722","P02144_C",10.7531390765674,20.3
"2723","P02144_E",6.62293993127926,13
"2724","P02144_N",24.1727808357527,44.7
"2725","P02145_C",NA,0
"2726","P02145_E",NA,0
"2727","P02145_N",NA,0
"2728","P02146_C",13.496789741762,25.7
"2729","P02146_E",5.61456439390745,10.7
"2730","P02146_N",18.1749828060441,33
"2731","P02147_C",9.15223105768934,16
"2732","P02147_E",9.18495146058668,17.3
"2733","P02147_N",10.288990880224,18.3
"2734","P02148_C",1.82482875908947,3.30000000000001
"2735","P02148_E",6.53171748725657,12.7
"2736","P02148_N",8.88613151677001,16
"2737","P02149_C",5.4064775963653,10.7
"2738","P02149_E",2.32880512996114,4.30000000000001
"2739","P02149_N",2.30000000000001,4.60000000000002
"2740","P02150_C",NA,0
"2741","P02150_E",NA,0
"2742","P02150_N",NA,0
"2743","P02151_C",12.6622799421484,25
"2744","P02151_E",4.2027768598075,8.30000000000001
"2745","P02151_N",15.2587679712354,30.3
"2746","P02152_C",11.2099658042892,21
"2747","P02152_E",6.32376470150495,12.3
"2748","P02152_N",13.995118196476,27.3
"2749","P02153_C",10.3645228222689,20.7
"2750","P02153_E",3.68284310463171,6.69999999999999
"2751","P02153_N",7.93494381412581,15.3
"2752","P02154_C",NA,0
"2753","P02154_E",NA,0
"2754","P02154_N",NA,0
"2755","P02155_C",NA,0
"2756","P02155_E",NA,0
"2757","P02155_N",NA,0
"2758","P02156_C",8.24398770822309,16.3
"2759","P02156_E",17.3701851841981,31.6
"2760","P02156_N",11.4962312665209,22.3
"2761","P02157_C",NA,0
"2762","P02157_E",NA,0
"2763","P02157_N",NA,0
"2764","P02158_C",3.39460356055509,6.69999999999999
"2765","P02158_E",6.53171748725657,12.7
"2766","P02158_N",11.060440015358,22
"2767","P02159_C",6.53681879816169,13
"2768","P02159_E",8.31444526111033,16.3
"2769","P02159_N",12.7304097865439,24.7
"2770","P02160_C",16.2068915382726,31
"2771","P02160_E",15.8850034099251,28
"2772","P02160_N",5.17332903779891,10
"2773","P02173_C",6.18573628061635,12.3
"2774","P02173_E",1.15325625946709,2.30000000000001
"2775","P02173_N",7.81430312525265,15
"2776","P02175_C",3.38575447032613,6.30000000000001
"2777","P02175_E",5.5075705472861,11
"2778","P02175_N",3.05505046330389,6
"2779","P02206_C",2.82842712474619,4
"2780","P02206_E",2.82842712474619,4
"2781","P02206_N",2.82842712474619,4
"2782","P02207_C",0,0
"2783","P02207_E",2.82842712474619,4
"2784","P02207_N",1.62634559672906,2.3
"2785","P02208_C",0,0
"2786","P02208_E",5.1618795026618,7.3
"2787","P02208_N",0,0
"2788","P02209_C",4.03050865276332,5.7
"2789","P02209_E",2.61629509039023,3.7
"2790","P02209_N",2.61629509039023,3.7
"2791","P02210_C",1.62634559672906,2.3
"2792","P02210_E",2.61629509039023,3.7
"2793","P02210_N",2.33345237791561,3.3
"2794","P02211_C",4.24264068711928,6
"2795","P02211_E",1.62634559672906,2.3
"2796","P02211_N",4.45477272147525,6.3
"2797","P02212_C",3.32340187157677,4.7
"2798","P02212_E",4.45477272147525,6.3
"2799","P02212_N",6.57609306503489,9.3
"2800","P02213_C",7.28319984622144,10.3
"2801","P02213_E",11.8086832458153,16.7
"2802","P02213_N",2.33345237791561,3.3
"2803","P02214_C",4.03050865276332,5.7
"2804","P02214_E",4.94974746830583,7
"2805","P02214_N",6.57609306503489,9.3
"2806","P02215_C",4.73761543394987,6.7
"2807","P02215_E",4.94974746830583,7
"2808","P02215_N",3.53553390593274,5
"2809","P02216_C",4.94974746830583,7
"2810","P02216_E",0.494974746830583,0.7
"2811","P02216_N",6.15182899632296,8.7
"2812","P02217_C",4.45477272147525,6.3
"2813","P02217_E",1.20208152801713,1.7
"2814","P02217_N",1.20208152801713,1.7
"2815","P02218_C",5.44472221513642,7.7
"2816","P02218_E",9.19238815542512,13
"2817","P02218_N",1.20208152801713,1.7
"2818","P02219_C",0.919238815542512,1.3
"2819","P02219_E",4.24264068711928,6
"2820","P02219_N",5.44472221513642,7.7
"2821","P02220_C",3.04055915910215,4.3
"2822","P02220_E",0,0
"2823","P02220_N",6.57609306503489,9.3
"2824","P02226_C",1.90918830920368,2.7
"2825","P02226_E",2.61629509039023,3.7
"2826","P02226_N",2.33345237791561,3.3
"2827","P02227_C",2.61629509039023,3.7
"2828","P02227_E",0,0
"2829","P02227_N",6.85893577750951,9.7
"2830","P02228_C",5.1618795026618,7.3
"2831","P02228_E",2.61629509039023,3.7
"2832","P02228_N",5.65685424949238,8
"2833","P02229_C",7.28319984622144,10.3
"2834","P02229_E",5.86898628384835,8.3
"2835","P02229_N",5.65685424949238,8
"2836","P02230_C",6.85893577750951,9.7
"2837","P02230_E",0.494974746830583,0.7
"2838","P02230_N",4.94974746830583,7
"2839","P02231_C",3.04055915910215,4.3
"2840","P02231_E",0.707106781186548,1
"2841","P02231_N",0.212132034355964,0.3
"2842","P02232_C",6.15182899632296,8.7
"2843","P02232_E",3.7476659402887,5.3
"2844","P02232_N",0.919238815542512,1.3
"2845","P02233_C",2.82842712474619,4
"2846","P02233_E",2.33345237791561,3.3
"2847","P02233_N",0,0
"2848","P02234_C",5.1618795026618,7.3
"2849","P02234_E",2.33345237791561,3.3
"2850","P02234_N",6.36396103067893,9
"2851","P02235_C",2.12132034355964,3
"2852","P02235_E",0.494974746830583,0.7
"2853","P02235_N",4.45477272147525,6.3
"2854","P02236_C",3.04055915910216,4.3
"2855","P02236_E",0.919238815542512,1.3
"2856","P02236_N",1.20208152801713,1.7
"2857","P02237_C",3.7476659402887,5.3
"2858","P02237_E",0.919238815542512,1.3
"2859","P02237_N",0.707106781186548,1
"2860","P02238_C",2.33345237791561,3.3
"2861","P02238_E",1.90918830920368,2.7
"2862","P02238_N",4.73761543394987,6.7
"2863","P02239_C",1.20208152801713,1.7
"2864","P02239_E",0.212132034355965,0.300000000000001
"2865","P02239_N",2.12132034355964,3
"2866","P02240_C",2.12132034355964,3
"2867","P02240_E",0.494974746830583,0.699999999999999
"2868","P02240_N",1.4142135623731,2
"2869","P02246_C",NA,0
"2870","P02246_E",NA,0
"2871","P02246_N",NA,0
"2872","P02247_C",NA,0
"2873","P02247_E",NA,0
"2874","P02247_N",NA,0
"2875","P02248_C",0,0
"2876","P02248_E",0.494974746830583,0.699999999999999
"2877","P02248_N",2.61629509039023,3.7
"2878","P02249_C",NA,0
"2879","P02249_E",NA,0
"2880","P02249_N",NA,0
"2881","P02250_C",NA,0
"2882","P02250_E",NA,0
"2883","P02250_N",NA,0
"2884","P02251_C",3.32340187157677,4.7
"2885","P02251_E",1.4142135623731,2
"2886","P02251_N",5.65685424949238,8
"2887","P02252_C",4.73761543394987,6.7
"2888","P02252_E",3.32340187157677,4.7
"2889","P02252_N",5.65685424949238,8
"2890","P02253_C",2.33345237791561,3.3
"2891","P02253_E",4.24264068711928,6
"2892","P02253_N",1.62634559672906,2.3
"2893","P02254_C",4.73761543394987,6.7
"2894","P02254_E",6.36396103067893,9
"2895","P02254_N",0.919238815542512,1.3
"2896","P02255_C",1.4142135623731,2
"2897","P02255_E",4.45477272147525,6.3
"2898","P02255_N",4.24264068711928,6
"2899","P02256_C",8.98025612106915,12.7
"2900","P02256_E",1.20208152801713,1.7
"2901","P02256_N",4.94974746830583,7
"2902","P02257_C",6.57609306503489,9.3
"2903","P02257_E",0.494974746830583,0.699999999999999
"2904","P02257_N",3.32340187157677,4.7
"2905","P02258_C",1.90918830920368,2.7
"2906","P02258_E",0.707106781186548,1
"2907","P02258_N",1.20208152801713,1.7
"2908","P02259_C",3.32340187157677,4.7
"2909","P02259_E",0.212132034355965,0.300000000000001
"2910","P02259_N",1.20208152801713,1.7
"2911","P02260_C",1.20208152801713,1.7
"2912","P02260_E",2.82842712474619,4
"2913","P02260_N",0.919238815542512,1.3
"2914","P02281_C",NA,0
"2915","P02281_E",NA,0
"2916","P02281_N",NA,0
"2917","P02282_C",NA,0
"2918","P02282_E",NA,0
"2919","P02282_N",NA,0
"2920","P02283_C",NA,0
"2921","P02283_E",NA,0
"2922","P02283_N",NA,0
"2923","P02284_C",NA,0
"2924","P02284_E",NA,0
"2925","P02284_N",NA,0
"2926","P02302_C",11.8823398369176,23.3
"2927","P02302_E",5.58241285944827,10
"2928","P02302_N",2.89194283023252,5.69999999999999
"2929","P02303_C",3.90683162336609,7.69999999999999
"2930","P02303_E",6.557438524302,13
"2931","P02303_N",4.04145188432738,7
"2932","P02304_C",12.6437072622445,22.7
"2933","P02304_E",8.86359595950386,17.7
"2934","P02304_N",11.8373702034419,20.7
"2935","P02305_C",NA,0
"2936","P02305_E",NA,0
"2937","P02305_N",NA,0
"2938","P02306_C",6.78699737242718,13.3
"2939","P02306_E",5.46717477313465,10.7
"2940","P02306_N",16.8393388627147,31.7
"2941","P02307_C",NA,0
"2942","P02307_E",NA,0
"2943","P02307_N",NA,0
"2944","P02308_C",NA,0
"2945","P02308_E",NA,0
"2946","P02308_N",NA,0
"2947","P02309_C",NA,0
"2948","P02309_E",NA,0
"2949","P02309_N",NA,0
"2950","P02310_C",NA,0
"2951","P02310_E",NA,0
"2952","P02310_N",NA,0
"2953","P02311_C",5.01630674234873,10
"2954","P02311_E",6.09289203361862,10.7
"2955","P02311_N",9.134002408583,18
"2956","P02312_C",NA,0
"2957","P02312_E",NA,0
"2958","P02312_N",NA,0
"2959","P02313_C",4.87476495159852,9.69999999999999
"2960","P02313_E",3.74477413649118,7.39999999999998
"2961","P02313_N",13.7172640615151,27.3
"2962","P02314_C",3.68284310463171,6.69999999999999
"2963","P02314_E",9.00166651237425,18
"2964","P02314_N",2.76103845198383,5.39999999999998
"2965","P02315_C",7.00642562224134,13.7
"2966","P02315_E",3.87599449604011,7.39999999999998
"2967","P02315_N",6.67008245826091,11.7
"2968","P02316_C",2.89194283023252,5.69999999999999
"2969","P02316_E",2.51661147842358,5
"2970","P02316_N",3.05995642670502,5.30000000000001
"2971","P02317_C",NA,0
"2972","P02317_E",NA,0
"2973","P02317_N",NA,0
"2974","P02318_C",NA,0
"2975","P02318_E",NA,0
"2976","P02318_N",NA,0
"2977","P02319_C",NA,0
"2978","P02319_E",NA,0
"2979","P02319_N",NA,0
"2980","P02320_C",NA,0
"2981","P02320_E",NA,0
"2982","P02320_N",NA,0
"2983","P02321_C",NA,0
"2984","P02321_E",NA,0
"2985","P02321_N",NA,0
"2986","P02322_C",9.64365076099295,18
"2987","P02322_E",12.9742051779675,23.7
"2988","P02322_N",16.898619272986,31.7
"2989","P02323_C",NA,0
"2990","P02323_E",NA,0
"2991","P02323_N",NA,0
"2992","P02324_C",NA,0
"2993","P02324_E",NA,0
"2994","P02324_N",NA,0
"2995","P02325_C",NA,0
"2996","P02325_E",NA,0
"2997","P02325_N",NA,0
"2998","P02326_C",NA,0
"2999","P02326_E",NA,0
"3000","P02326_N",NA,0
"3001","P02327_C",NA,0
"3002","P02327_E",NA,0
"3003","P02327_N",NA,0
"3004","P02328_C",NA,0
"3005","P02328_E",NA,0
"3006","P02328_N",NA,0
"3007","P02329_C",5.00899191454727,9.39999999999998
"3008","P02329_E",4.53100430368368,8.30000000000001
"3009","P02329_N",6.11010092660779,12
"3010","P02330_C",9.134002408583,18
"3011","P02330_E",10.0430738986295,18.7
"3012","P02330_N",10.4704345659576,19.7
"3013","P02331_C",3.10859024854247,5.69999999999999
"3014","P02331_E",6.49332991101894,12.7
"3015","P02331_N",2.00748598998847,4
"3016","P02332_C",3.38082830087539,6
"3017","P02332_E",3.00499584026334,6
"3018","P02332_N",5.0029991005396,10
"3019","P02333_C",NA,0
"3020","P02333_E",NA,0
"3021","P02333_N",NA,0
"3022","P02334_C",NA,0
"3023","P02334_E",NA,0
"3024","P02334_N",NA,0
"3025","P02335_C",NA,0
"3026","P02335_E",NA,0
"3027","P02335_N",NA,0
"3028","P02336_C",NA,0
"3029","P02336_E",NA,0
"3030","P02336_N",NA,0
"3031","P02337_C",NA,0
"3032","P02337_E",NA,0
"3033","P02337_N",NA,0
"3034","P02338_C",NA,0
"3035","P02338_E",NA,0
"3036","P02338_N",NA,0
"3037","P02339_C",NA,0
"3038","P02339_E",NA,0
"3039","P02339_N",NA,0
"3040","P02340_C",3.04357246231025,5.69999999999999
"3041","P02340_E",2.67644042215278,5.30000000000001
"3042","P02340_N",3.65558932777376,7.30000000000001
"3043","P02341_C",2.9022979401387,5.30000000000001
"3044","P02341_E",1.65227116418583,3
"3045","P02341_N",7.81024967590665,14
"3046","P02342_C",2.02237484161568,3.80000000000001
"3047","P02342_E",12.4068529450461,22.2
"3048","P02342_N",9.76541516441228,17.7
"3049","P02343_C",1.73877351409934,3.30000000000001
"3050","P02343_E",4.71487009365052,9.30000000000001
"3051","P02343_N",2.21885856541902,4.30000000000001
"3052","P02344_C",4.31431724996359,8
"3053","P02344_E",2.04042479237372,4
"3054","P02344_N",0.901849950564584,1.80000000000001
"3055","P02345_C",2.17332310836041,4.30000000000001
"3056","P02345_E",0.850490054811549,1.60000000000002
"3057","P02345_N",5.85576638878293,11.7
"3058","P02346_C",2.42693221990231,4.69999999999999
"3059","P02346_E",0.351188458428418,0.699999999999989
"3060","P02346_N",2.08166599946613,4
"3061","P02347_C",0.577350269189626,1
"3062","P02347_E",2.51661147842358,5
"3063","P02347_N",2.37977589981353,4.69999999999999
"3064","P02348_C",4.11865673895426,8
"3065","P02348_E",1,2
"3066","P02348_N",7,14
"3067","P02349_C",NA,0
"3068","P02349_E",NA,0
"3069","P02349_N",NA,0
"3070","P02350_C",2.64575131106459,5
"3071","P02350_E",5.3507008886687,10
"3072","P02350_N",2.13619599600162,4
"3073","P02351_C",NA,0
"3074","P02351_E",NA,0
"3075","P02351_N",NA,0
"3076","P02352_C",1.45716619962629,2.69999999999999
"3077","P02352_E",3.00499584026334,6
"3078","P02352_N",1.40118997046558,2.69999999999999
"3079","P02353_C",2.40069434400412,4.30000000000001
"3080","P02353_E",2.04042479237372,4
"3081","P02353_N",2.08166599946613,4
"3082","P02354_C",2.9022979401387,5.30000000000001
"3083","P02354_E",2.41315837303177,4.69999999999999
"3084","P02354_N",2.81602556806575,5.30000000000001
"3085","P02355_C",NA,0.300000000000011
"3086","P02355_E",NA,3
"3087","P02355_N",2.81602556806575,5.30000000000001
"3088","P02356_C",0.9643650760993,1.80000000000001
"3089","P02356_E",NA,9.30000000000001
"3090","P02356_N",6.04345375868248,10.8
"3091","P02357_C",4.366157731156,8.69999999999999
"3092","P02357_E",5.94670777265314,11.7
"3093","P02357_N",2.59422435421457,5
"3094","P02358_C",NA,0
"3095","P02358_E",NA,0
"3096","P02358_N",NA,0
"3097","P02359_C",NA,0
"3098","P02359_E",NA,0
"3099","P02359_N",NA,0
"3100","P02360_C",NA,0
"3101","P02360_E",NA,0
"3102","P02360_N",NA,0
"3103","P02361_C",0.513160143944687,1
"3104","P02361_E",7.88859936870925,14
"3105","P02361_N",2.40069434400412,4.30000000000001
"3106","P02362_C",3.3261589458914,6.30000000000001
"3107","P02362_E",0.680685928555409,1.30000000000001
"3108","P02362_N",2.13619599600162,4
"3109","P02363_C",3.51188458428425,7
"3110","P02363_E",3.61708906903512,6.5
"3111","P02363_N",3.04357246231025,5.69999999999999
"3112","P02364_C",2.04042479237372,4
"3113","P02364_E",1.56950098226581,3
"3114","P02364_N",2.8792360097776,5.30000000000001
"3115","P02365_C",NA,0
"3116","P02365_E",NA,0
"3117","P02365_N",NA,0
"3118","P02366_C",2.46644143115812,4.5
"3119","P02366_E",1.41891977691952,2.80000000000001
"3120","P02366_N",2.47588368062798,4.69999999999999
"3121","P02367_C",NA,0
"3122","P02367_E",NA,0
"3123","P02367_N",NA,0
"3124","P02368_C",0.404145188432731,0.699999999999989
"3125","P02368_E",0.568624070307744,1.10000000000002
"3126","P02368_N",1.50443787951956,2.69999999999999
"3127","P02369_C",NA,0
"3128","P02369_E",NA,0
"3129","P02369_N",NA,0
"3130","P02370_C",0.513160143944687,1
"3131","P02370_E",1.96553639837408,3.5
"3132","P02370_N",1.27671453348037,2.5
"3133","P02371_C",2.69505720409296,5.30000000000001
"3134","P02371_E",1.4224392195568,2.60000000000002
"3135","P02371_N",4.50814078455112,8.89999999999998
"3136","P02372_C",2.19620885467054,3.89999999999998
"3137","P02372_E",2.65769323537036,5.30000000000001
"3138","P02372_N",2.65769323537036,5.30000000000001
"3139","P02373_C",3.0105370506495,5.80000000000001
"3140","P02373_E",1.75594229214212,3.5
"3141","P02373_N",2.37977589981353,4.69999999999999
"3142","P02374_C",NA,0
"3143","P02374_E",NA,0
"3144","P02374_N",NA,0
"3145","P02375_C",3.10053758779559,6.19999999999999
"3146","P02375_E",3.17227573412737,6.30000000000001
"3147","P02375_N",9.12633551870628,18.2
"3148","P02376_C",6.11746134710578,12.2
"3149","P02376_E",7.39121099685295,14.7
"3150","P02376_N",5.40493601565581,10.2
"3151","P02377_C",3.55387112878338,6.30000000000001
"3152","P02377_E",2.86181760425085,5.10000000000002
"3153","P02377_N",3.15119025131775,6.30000000000001
"3154","P02378_C",NA,0
"3155","P02378_E",NA,0
"3156","P02378_N",NA,0
"3157","P02379_C",1.50443787951957,3
"3158","P02379_E",7.65266837993999,15.3
"3159","P02379_N",2.37977589981353,4.69999999999999
"3160","P02380_C",0.981495457622357,1.69999999999999
"3161","P02380_E",1.36503968196288,2.69999999999999
"3162","P02380_N",1.67032930884901,3.30000000000001
"3163","P02406_C",4.25793377120876,7.7
"3164","P02406_E",13.905514493658,27.7
"3165","P02406_N",8.88950692295885,17.7
"3166","P02407_C",5.46168472176856,10.3
"3167","P02407_E",3.21299444962691,6.40000000000001
"3168","P02407_N",7.99770800500576,14
"3169","P02408_C",3.6828431046317,6.69999999999999
"3170","P02408_E",6.42105910267145,12.7
"3171","P02408_N",3.29089653438087,5.7
"3172","P02409_C",NA,3.69999999999999
"3173","P02409_E",NA,16.7
"3174","P02409_N",NA,0
"3175","P02410_C",7.37766900856904,14.3
"3176","P02410_E",6.15006775030432,11.4
"3177","P02410_N",7.15005827482079,13.7
"3178","P02411_C",5.28488410468952,9.3
"3179","P02411_E",3.74477413649119,7.40000000000001
"3180","P02411_N",4.93288286231625,9
"3181","P02412_C",5.68887803818409,10
"3182","P02412_E",3.49618840072061,6.60000000000001
"3183","P02412_N",3.05995642670501,5.3
"3184","P02413_C",5.05601951473026,9.99999999999999
"3185","P02413_E",13.0587135660447,24.7
"3186","P02413_N",14.0296115413079,24.3
"3187","P02414_C",2.08166599946613,4
"3188","P02414_E",9.06439922627712,15.7
"3189","P02414_N",1.52752523165195,3
"3190","P02416_C",2.81602556806575,5.30000000000001
"3191","P02416_E",4.39203825119954,8.69999999999999
"3192","P02416_N",3.15013227235515,5.60000000000002
"3193","P02417_C",3.31511689085015,6.39999999999999
"3194","P02417_E",4.61880215351701,8
"3195","P02417_N",4.46430285710994,8.3
"3196","P02418_C",3.78593889720018,7
"3197","P02418_E",7.92233130671353,15.7
"3198","P02418_N",5.0029991005396,10
"3199","P02419_C",3.3501243758006,6.60000000000001
"3200","P02419_E",2.69999999999999,5.39999999999998
"3201","P02419_N",2.70739727413618,5
"3202","P02420_C",3.3,6.60000000000001
"3203","P02420_E",4.45234020862438,8.60000000000001
"3204","P02420_N",7.59363768778398,13.3
"3205","P02426_C",5.00632932729493,9.7
"3206","P02426_E",1.15325625946708,2.3
"3207","P02426_N",4.895235779136,9.69999999999999
"3208","P02427_C",4.28524600616269,8.3
"3209","P02427_E",3.35608899365517,6.7
"3210","P02427_N",1.7,3.40000000000001
"3211","P02428_C",2.81484161780612,5.60000000000002
"3212","P02428_E",2.37977589981353,4.69999999999999
"3213","P02428_N",3.18799832705937,6.30000000000001
"3214","P02429_C",3.772267222772,7.3
"3215","P02429_E",4.0698075302566,8
"3216","P02429_N",3.09246395829173,6
"3217","P02430_C",4.28835632847832,8.40000000000001
"3218","P02430_E",3.04357246231026,5.7
"3219","P02430_N",6.75746500792518,13
"3220","P02431_C",4.84389650316079,9.3
"3221","P02431_E",5.33135379930214,10.6
"3222","P02431_N",2.53574446662119,4.69999999999999
"3223","P02432_C",4.6184412955022,9
"3224","P02432_E",6.36107957294462,12.7
"3225","P02432_N",5.23736575006941,10
"3226","P02433_C",7.27942305406136,13.6
"3227","P02433_E",4.6184412955022,9.00000000000001
"3228","P02433_N",5.35070088866871,10
"3229","P02434_C",5.28488410468953,9.30000000000001
"3230","P02434_E",4.35889894354067,8
"3231","P02434_N",4.21465696508427,7.30000000000001
"3232","P02435_C",2.92631736715848,5.7
"3233","P02435_E",5.88755750148849,11.7
"3234","P02435_N",3.16596483450675,6.3
"3235","P02436_C",5.1733290377989,10.3
"3236","P02436_E",4.86449723335653,9
"3237","P02436_N",3.38082830087539,6
"3238","P02437_C",5.92143000746724,11
"3239","P02437_E",6.36579400651116,12.4
"3240","P02437_N",7.54077803236067,14.3
"3241","P02438_C",3.89743505398102,7.60000000000001
"3242","P02438_E",2.71354626519123,4.69999999999999
"3243","P02438_N",6.35321440952005,12.7
"3244","P02439_C",3.10859024854247,5.7
"3245","P02439_E",2.76224546338663,5.3
"3246","P02439_N",4,8
"3247","P02440_C",6,12
"3248","P02440_E",5.05601951473026,9.99999999999999
"3249","P02440_N",7.15471872263334,14.3
"3250","P02446_C",5.03322295684717,10
"3251","P02446_E",2.93087017795057,5.60000000000001
"3252","P02446_N",2.35867194271126,4.69999999999999
"3253","P02447_C",2.17332310836041,4.30000000000001
"3254","P02447_E",3.61432335760558,6.69999999999999
"3255","P02447_N",4.6184412955022,9.00000000000001
"3256","P02448_C",2.92631736715848,5.7
"3257","P02448_E",3.32615894589139,6.3
"3258","P02448_N",3.20780298646908,5.69999999999999
"3259","P02449_C",9.68142551487125,19.3
"3260","P02449_E",2.81602556806575,5.30000000000001
"3261","P02449_N",3.28075194632776,6.00000000000001
"3262","P02450_C",6.86755657663869,13.7
"3263","P02450_E",7.33234841870825,13.3
"3264","P02450_N",6.42910050732864,12
"3265","P02451_C",2.80416357107308,5
"3266","P02451_E",3.7322915213043,7.3
"3267","P02451_N",3.53034464795342,7.00000000000001
"3268","P02452_C",2.53574446662119,4.69999999999999
"3269","P02452_E",3.85529938310028,7.00000000000001
"3270","P02452_N",4.25793377120875,7.69999999999999
"3271","P02453_C",4.46430285710995,8.30000000000001
"3272","P02453_E",4,8
"3273","P02453_N",2.3094010767585,4
"3274","P02454_C",2.76224546338663,5.30000000000001
"3275","P02454_E",2.51661147842358,5
"3276","P02454_N",4.00374824383352,8
"3277","P02455_C",1.7,3.39999999999999
"3278","P02455_E",4.52364160089339,9
"3279","P02455_N",5.01231815962768,9.60000000000001
"3280","P02456_C",2.50266524595947,5.00000000000001
"3281","P02456_E",4.89523577913601,9.3
"3282","P02456_N",4.55668007801001,8.7
"3283","P02457_C",4.45308881564246,8.69999999999999
"3284","P02457_E",5.68624070307733,11
"3285","P02457_N",1.32790561913614,2.3
"3286","P02458_C",5.33510387277823,9.69999999999999
"3287","P02458_E",3.35012437580059,6.59999999999999
"3288","P02458_N",3.21921315438002,6.30000000000001
"3289","P02459_C",4.0853396431631,7.39999999999999
"3290","P02459_E",3.56791255498225,6.99999999999999
"3291","P02459_N",4.61844129550219,8.99999999999999
"3292","P02460_C",3.32615894589139,6.3
"3293","P02460_E",4.00374824383351,7.99999999999999
"3294","P02460_N",3.7233497463082,7
"3295","P02481_C",NA,0
"3296","P02481_E",NA,0
"3297","P02481_N",NA,0
"3298","P02601_C",NA,0
"3299","P02601_E",NA,0
"3300","P02601_N",NA,0
"3301","P02602_C",9.54794916897515,18.7
"3302","P02602_E",13.3665004145937,26.3
"3303","P02602_N",10.3435970532499,20.3
"3304","P02603_C",NA,0
"3305","P02603_E",NA,0
"3306","P02603_N",NA,0
"3307","P02604_C",9.00166651237425,18
"3308","P02604_E",15.8639003190682,31.7
"3309","P02604_N",11.8854252483171,23
"3310","P02605_C",12.8943139923508,25.7
"3311","P02605_E",12.7225521548679,25.3
"3312","P02605_N",12.852626190783,25.7
"3313","P02606_C",NA,0
"3314","P02606_E",NA,0
"3315","P02606_N",NA,0
"3316","P02607_C",5.2373657500694,10
"3317","P02607_E",13.9665075567707,27
"3318","P02607_N",7.44468490490586,14.7
"3319","P02608_C",2.33345237791562,3.30000000000001
"3320","P02608_E",35.8503138061579,50.7
"3321","P02608_N",9.68736290225569,13.7
"3322","P02609_C",15.4746028489695,28.3
"3323","P02609_E",7.63762615825973,15
"3324","P02609_N",9.53572231139309,17.7
"3325","P02610_C",6.15182899632295,8.69999999999999
"3326","P02610_E",0.91923881554252,1.30000000000001
"3327","P02610_N",2.61629509039022,3.69999999999999
"3328","P02611_C",NA,0
"3329","P02611_E",NA,0
"3330","P02611_N",NA,0
"3331","P02612_C",15.0220948383817,29
"3332","P02612_E",7.00214252925489,14
"3333","P02612_N",8.7368949480541,17
"3334","P02613_C",14.8436293854749,29
"3335","P02613_E",13.5030860670194,27
"3336","P02613_N",16.5810132380383,31
"3337","P02614_C",NA,0
"3338","P02614_E",NA,0
"3339","P02614_N",NA,0
"3340","P02615_C",NA,0
"3341","P02615_E",NA,0
"3342","P02615_N",NA,0
"3343","P02616_C",9.17405762644499,18.3
"3344","P02616_E",7.82496006379585,14.7
"3345","P02616_N",2.42693221990231,4.69999999999999
"3346","P02617_C",6.8589357775095,9.69999999999999
"3347","P02617_E",7.56604255869605,10.7
"3348","P02617_N",5.44472221513641,7.69999999999999
"3349","P02618_C",4.87476495159852,9.69999999999999
"3350","P02618_E",9.01849950564579,18
"3351","P02618_N",4.13077878048842,7.30000000000001
"3352","P02619_C",7.33689307541006,14.3
"3353","P02619_E",9.72231111070477,19.3
"3354","P02619_N",7.02376916856849,14
"3355","P02620_C",2.53574446662119,4.69999999999999
"3356","P02620_E",5.06853035898967,9.69999999999999
"3357","P02620_N",2.40069434400412,4.30000000000001
"3358","P02621_C",10.1116269709676,14.3
"3359","P02621_E",17.6776695296637,25
"3360","P02621_N",8.98025612106914,12.7
"3361","P02622_C",15.0613744392735,21.3
"3362","P02622_E",15.3442171517481,21.7
"3363","P02622_N",18.5969083452062,26.3
"3364","P02623_C",14.8492424049175,21
"3365","P02623_E",22.6274169979695,32
"3366","P02623_N",17.6776695296637,25
"3367","P02624_C",NA,0
"3368","P02624_E",NA,0
"3369","P02624_N",NA,0
"3370","P02625_C",4.73761543394986,6.69999999999999
"3371","P02625_E",3.74766594028871,5.30000000000001
"3372","P02625_N",2.61629509039022,3.69999999999999
"3373","P02626_C",0.494974746830575,0.699999999999989
"3374","P02626_E",9.68736290225569,13.7
"3375","P02626_N",6.5760930650349,9.30000000000001
"3376","P02627_C",12.9400540957138,18.3
"3377","P02627_E",11.5258405333407,16.3
"3378","P02627_N",16.4755880016466,23.3
"3379","P02628_C",NA,0
"3380","P02628_E",NA,0
"3381","P02628_N",NA,0
"3382","P02629_C",2.12132034355964,3
"3383","P02629_E",7.77817459305202,11
"3384","P02629_N",5.86898628384835,8.30000000000001
"3385","P02630_C",NA,0
"3386","P02630_E",NA,0
"3387","P02630_N",NA,0
"3388","P02631_C",13.4350288425444,19
"3389","P02631_E",10.8187337521542,15.3
"3390","P02631_N",16.9705627484771,24
"3391","P02632_C",9.87235196563277,19.7
"3392","P02632_E",5.3507008886687,10
"3393","P02632_N",11.4962312665209,22.3
"3394","P02633_C",8.40416563377947,16.7
"3395","P02633_E",11.9636950813701,23.7
"3396","P02633_N",6.53375848956786,12.6
"3397","P02634_C",7.24729834720037,12.7
"3398","P02634_E",9.80425077878639,19.6
"3399","P02634_N",6.48562513049692,11.7
"3400","P02635_C",24.0416305603426,34
"3401","P02635_E",0.212132034355972,0.300000000000011
"3402","P02635_N",16.7584307141212,23.7
"3403","P02636_C",15.8575954461366,31.7
"3404","P02636_E",11.5699322959702,23
"3405","P02636_N",14.5555258693506,29
"3406","P02637_C",NA,0
"3407","P02637_E",NA,0
"3408","P02637_N",NA,0
"3409","P02638_C",2.33345237791562,3.30000000000001
"3410","P02638_E",6.15182899632295,8.69999999999999
"3411","P02638_N",0.494974746830575,0.699999999999989
"3412","P02639_C",11.7585429936422,21.7
"3413","P02639_E",7.71297607930946,14.7
"3414","P02639_N",14.4507208586054,25.7
"3415","P02640_C",NA,0
"3416","P02640_E",NA,0
"3417","P02640_N",NA,0
"3418","P02641_C",NA,0
"3419","P02641_E",NA,0
"3420","P02641_N",NA,0
"3421","P02642_C",NA,0
"3422","P02642_E",NA,0
"3423","P02642_N",NA,0
"3424","P02643_C",15.3442171517481,21.7
"3425","P02643_E",16.2634559672906,23
"3426","P02643_N",16.4755880016466,23.3
"3427","P02644_C",NA,0
"3428","P02644_E",NA,0
"3429","P02644_N",NA,0
"3430","P02645_C",NA,0
"3431","P02645_E",NA,0
"3432","P02645_N",NA,0
"3433","P02646_C",NA,0
"3434","P02646_E",NA,0
"3435","P02646_N",NA,0
"3436","P02647_C",7.20162018807804,13.7
"3437","P02647_E",4.15090351610346,8.30000000000001
"3438","P02647_N",2.20529665426975,4.30000000000001
"3439","P02648_C",6.26604606856136,11
"3440","P02648_E",6.02771377334171,12
"3441","P02648_N",4.44559707276011,7.69999999999999
"3442","P02649_C",3.99541403778548,7.69999999999999
"3443","P02649_E",9.86576572463249,18
"3444","P02649_N",6.65832811847939,13
"3445","P02650_C",5.00632932729494,9
"3446","P02650_E",5.52177507691142,10.3
"3447","P02650_N",6.58963833099611,12.7
"3448","P02651_C",7.28319984622145,10.3
"3449","P02651_E",12.0208152801713,17
"3450","P02651_N",10.3944696834422,14.7
"3451","P02652_C",2.08166599946613,4
"3452","P02652_E",4.04516171905813,7.69999999999999
"3453","P02652_N",7.21110255092798,14
"3454","P02653_C",2.81602556806575,5.30000000000001
"3455","P02653_E",5.85064099052402,11.7
"3456","P02653_N",2.218858565419,4.39999999999998
"3457","P02654_C",11.1015764646288,15.7
"3458","P02654_E",9.89949493661167,14
"3459","P02654_N",9.68736290225569,13.7
"3460","P02655_C",3.32340187157677,4.69999999999999
"3461","P02655_E",11.3137084989848,16
"3462","P02655_N",1.62634559672907,2.30000000000001
"3463","P02656_C",NA,0
"3464","P02656_E",NA,0
"3465","P02656_N",NA,0
"3466","P02657_C",10.1488915650922,20
"3467","P02657_E",5.15072810387037,10.3
"3468","P02657_N",12.297560733739,21.3
"3469","P02658_C",NA,23.7
"3470","P02658_E",8.68504461704142,17.3
"3471","P02658_N",6.04676221901716,12
"3472","P02659_C",NA,0
"3473","P02659_E",NA,0
"3474","P02659_N",NA,0
"3475","P02660_C",8.78426623761674,17.3
"3476","P02660_E",13.4819632596048,26.3
"3477","P02660_N",5.35007788105307,10.7
"3478","P02661_C",0.494974746830575,0.699999999999989
"3479","P02661_E",0.212132034355972,0.300000000000011
"3480","P02661_N",0.707106781186548,1
"3481","P02662_C",23.546655813512,33.3
"3482","P02662_E",14.3542676580869,20.3
"3483","P02662_N",25.4558441227157,36
"3484","P02663_C",0.212132034355972,0.300000000000011
"3485","P02663_E",15.556349186104,22
"3486","P02663_N",5.44472221513641,7.69999999999999
"3487","P02664_C",3.04055915910216,4.30000000000001
"3488","P02664_E",0.212132034355972,0.300000000000011
"3489","P02664_N",7.28319984622145,10.3
"3490","P02665_C",NA,0
"3491","P02665_E",NA,0
"3492","P02665_N",NA,0
"3493","P02666_C",4.04145188432738,7
"3494","P02666_E",2.76224546338663,5.30000000000001
"3495","P02666_N",4.17891532976362,8.30000000000001
"3496","P02667_C",13.4350288425444,19
"3497","P02667_E",0.212132034355972,0.300000000000011
"3498","P02667_N",2.61629509039022,3.69999999999999
"3499","P02668_C",NA,0
"3500","P02668_E",NA,0
"3501","P02668_N",NA,0
"3502","P02669_C",NA,0
"3503","P02669_E",NA,0
"3504","P02669_N",NA,0
"3505","P02670_C",11.9553335377981,23.3
"3506","P02670_E",11.0418899348496,21.7
"3507","P02670_N",9.21212968500408,18.3
"3508","P02671_C",10.5304320899002,19.7
"3509","P02671_E",12.9855047392596,24.7
"3510","P02671_N",9.15223105768934,16
"3511","P02672_C",3.53553390593274,5
"3512","P02672_E",2.12132034355964,3
"3513","P02672_N",1.4142135623731,2
"3514","P02673_C",NA,12.3
"3515","P02673_E",10.206043960974,20.3
"3516","P02673_N",9.8488578017961,19
"3517","P02674_C",0.707106781186548,1
"3518","P02674_E",3.04055915910216,4.30000000000001
"3519","P02674_N",5.65685424949238,8
"3520","P02675_C",NA,0
"3521","P02675_E",NA,0
"3522","P02675_N",NA,0
"3523","P02676_C",NA,0.699999999999989
"3524","P02676_E",0.854400374531748,1.69999999999999
"3525","P02676_N",10.4110518200612,20.7
"3526","P02677_C",NA,0
"3527","P02677_E",NA,0
"3528","P02677_N",NA,0
"3529","P02678_C",7.56604255869605,10.7
"3530","P02678_E",2.82842712474619,4
"3531","P02678_N",1.20208152801712,1.69999999999999
"3532","P02679_C",9.51122144276608,19
"3533","P02679_E",0.850490054811549,1.60000000000002
"3534","P02679_N",6.32165590121238,11.7
"3535","P02680_C",18.6805603056582,32.7
"3536","P02680_E",18.3474793909136,33.3
"3537","P02680_N",18.6805603056582,32.7
"3538","P02801_C",1.32790561913615,2.30000000000001
"3539","P02801_E",0.854400374531748,1.69999999999999
"3540","P02801_N",1.82482875908947,3.30000000000001
"3541","P02802_C",NA,0
"3542","P02802_E",NA,0
"3543","P02802_N",NA,0
"3544","P02803_C",NA,0
"3545","P02803_E",NA,0
"3546","P02803_N",NA,0
"3547","P02804_C",0.854400374531748,1.69999999999999
"3548","P02804_E",2.25018517756503,4.30000000000001
"3549","P02804_N",1.82482875908947,3.30000000000001
"3550","P02805_C",NA,0
"3551","P02805_E",NA,0
"3552","P02805_N",NA,0
"3553","P02806_C",3.65102725270574,7
"3554","P02806_E",6.49332991101895,12
"3555","P02806_N",2.35867194271126,4.69999999999999
"3556","P02807_C",2.76224546338663,5.30000000000001
"3557","P02807_E",2.9871948937646,5.69999999999999
"3558","P02807_N",2.70616579930598,5.30000000000001
"3559","P02808_C",5.00632932729493,9.69999999999999
"3560","P02808_E",0,0
"3561","P02808_N",1.85202591774521,3.69999999999999
"3562","P02809_C",1.50443787951957,3
"3563","P02809_E",3.87599449604011,7.39999999999998
"3564","P02809_N",2.08166599946613,4
"3565","P02810_C",NA,0
"3566","P02810_E",NA,0
"3567","P02810_N",NA,0
"3568","P02811_C",3.56791255498225,7
"3569","P02811_E",2.70739727413618,5
"3570","P02811_N",3.51188458428425,7
"3571","P02812_C",11.7542899969897,20.7
"3572","P02812_E",9.69690672328037,19.3
"3573","P02812_N",4.15090351610346,8.30000000000001
"3574","P02813_C",6.42910050732864,12
"3575","P02813_E",4.29301758673313,8
"3576","P02813_N",4.50148123769647,9
"3577","P02814_C",5.3507008886687,10
"3578","P02814_E",6.37887137352682,12.7
"3579","P02814_N",3.51188458428425,7
"3580","P02815_C",4.50924975282289,9
"3581","P02815_E",4.04145188432738,8
"3582","P02815_N",3.2129944496269,6.39999999999998
"3583","P02816_C",NA,0
"3584","P02816_E",NA,0
"3585","P02816_N",NA,0
"3586","P02817_C",2.12132034355964,3
"3587","P02817_E",1.90918830920367,2.69999999999999
"3588","P02817_N",2.33345237791562,3.30000000000001
"3589","P02818_C",NA,0
"3590","P02818_E",NA,0
"3591","P02818_N",NA,0
"3592","P02819_C",NA,0
"3593","P02819_E",NA,0
"3594","P02819_N",NA,0
"3595","P02820_C",2.54230866208911,5
"3596","P02820_E",4.04516171905813,7.69999999999999
"3597","P02820_N",6.58508415537215,12
"3598","P02821_C",5.50121198767447,11
"3599","P02821_E",0.907377172587738,1.69999999999999
"3600","P02821_N",1.50443787951957,3
"3601","P02822_C",6.24206162524317,12.3
"3602","P02822_E",2.218858565419,4.39999999999998
"3603","P02822_N",2.51661147842358,5
"3604","P02823_C",NA,0
"3605","P02823_E",NA,0
"3606","P02823_N",NA,0
"3607","P02824_C",2.81602556806575,5.30000000000001
"3608","P02824_E",3.69097999633341,7.30000000000001
"3609","P02824_N",1.7578395831247,3.30000000000001
"3610","P02825_C",4.03050865276331,5.69999999999999
"3611","P02825_E",4.45477272147526,6.30000000000001
"3612","P02825_N",0.494974746830575,0.699999999999989
"3613","P02826_C",NA,0
"3614","P02826_E",NA,0
"3615","P02826_N",NA,0
"3616","P02827_C",3.45301800362138,6.30000000000001
"3617","P02827_E",3.18799832705937,6.30000000000001
"3618","P02827_N",2.20529665426975,4.30000000000001
"3619","P02828_C",1.01488915650922,2
"3620","P02828_E",5.01630674234873,10
"3621","P02828_N",6.04676221901716,12
"3622","P02829_C",2.22785397486759,4
"3623","P02829_E",3.61432335760558,6.69999999999999
"3624","P02829_N",6.75746500792519,12.3
"3625","P02830_C",NA,0
"3626","P02830_E",NA,0
"3627","P02830_N",NA,0
"3628","P02831_C",2.36431808350737,4.39999999999998
"3629","P02831_E",1.40118997046558,2.69999999999999
"3630","P02831_N",1.23423390543823,2.39999999999998
"3631","P02832_C",NA,0
"3632","P02832_E",NA,0
"3633","P02832_N",NA,0
"3634","P02833_C",3.74477413649118,7.39999999999998
"3635","P02833_E",1.15325625946709,2.30000000000001
"3636","P02833_N",1.01488915650922,2
"3637","P02834_C",3.15647482697602,6
"3638","P02834_E",3.20780298646908,5.69999999999999
"3639","P02834_N",4.70779495447002,8.30000000000001
"3640","P02835_C",4.44109596083368,8.39999999999998
"3641","P02835_E",2.76224546338663,5.30000000000001
"3642","P02835_N",2.4826061575154,4.30000000000001
"3643","P02836_C",NA,0
"3644","P02836_E",NA,0
"3645","P02836_N",NA,0
"3646","P02837_C",NA,0
"3647","P02837_E",NA,0
"3648","P02837_N",NA,0
"3649","P02838_C",3.69097999633341,7.30000000000001
"3650","P02838_E",4.366157731156,8.69999999999999
"3651","P02838_N",3.68284310463171,6.69999999999999
"3652","P02839_C",3.56791255498225,7
"3653","P02839_E",2.50266524595946,5
"3654","P02839_N",1.82482875908947,3.30000000000001
"3655","P02840_C",4.7920072342739,8.30000000000001
"3656","P02840_E",5.23672925912093,9.39999999999998
"3657","P02840_N",1.56950098226581,3
"3658","P02841_C",NA,0
"3659","P02841_E",NA,0
"3660","P02841_N",NA,0
"3661","P02842_C",5.51935986626469,11
"3662","P02842_E",3.65102725270574,7
"3663","P02842_N",1.65227116418583,3
"3664","P02843_C",3.38575447032613,6.30000000000001
"3665","P02843_E",0.513160143944687,1
"3666","P02843_N",5.88755750148848,11.7
"3667","P02844_C",NA,0
"3668","P02844_E",NA,0
"3669","P02844_N",NA,0
"3670","P02845_C",NA,0
"3671","P02845_E",NA,0
"3672","P02845_N",NA,0
"3673","P02846_C",6.49332991101895,12
"3674","P02846_E",4.16333199893227,8
"3675","P02846_N",6.66058055527695,13.3
"3676","P02847_C",NA,0
"3677","P02847_E",NA,0
"3678","P02847_N",NA,0
"3679","P02848_C",NA,0
"3680","P02848_E",NA,0
"3681","P02848_N",NA,0
"3682","P02849_C",NA,0
"3683","P02849_E",NA,0
"3684","P02849_N",NA,0
"3685","P02850_C",NA,0
"3686","P02850_E",NA,0
"3687","P02850_N",NA,0
"3688","P02851_C",NA,0
"3689","P02851_E",NA,0
"3690","P02851_N",NA,0
"3691","P02852_C",NA,0
"3692","P02852_E",NA,0
"3693","P02852_N",NA,0
"3694","P02853_C",2.3501772982763,4.69999999999999
"3695","P02853_E",5.33510387277823,9.69999999999999
"3696","P02853_N",1.01488915650922,2
"3697","P02854_C",4.04145188432738,8
"3698","P02854_E",1.07857931249089,2
"3699","P02854_N",3.45301800362138,6.30000000000001
"3700","P02855_C",3.04357246231025,5.69999999999999
"3701","P02855_E",2.89194283023252,5.69999999999999
"3702","P02855_N",2.67644042215278,5.30000000000001
"3703","P02856_C",3.74477413649118,7.39999999999998
"3704","P02856_E",3.18799832705937,6.30000000000001
"3705","P02856_N",1.96553639837407,3.69999999999999
"3706","P02857_C",NA,0
"3707","P02857_E",NA,0
"3708","P02857_N",NA,0
"3709","P02858_C",7.56604255869605,10.7
"3710","P02858_E",6.5760930650349,9.30000000000001
"3711","P02858_N",6.15182899632295,8.69999999999999
"3712","P02859_C",2.70739727413618,5
"3713","P02859_E",3.04357246231025,5.69999999999999
"3714","P02859_N",1.4224392195568,2.60000000000002
"3715","P02860_C",5.85348898805946,11.3
"3716","P02860_E",8.46541985570316,15
"3717","P02860_N",6.65306946704552,13.3
"3718","P02861_C",NA,6.30000000000001
"3719","P02861_E",NA,8.69999999999999
"3720","P02861_N",NA,0.699999999999989
"3721","P02863_C",NA,0
"3722","P02863_E",NA,0
"3723","P02863_N",NA,0
"3724","P02866_C",NA,0
"3725","P02866_E",NA,0
"3726","P02866_N",NA,0
"3727","P02867_C",NA,0
"3728","P02867_E",NA,0
"3729","P02867_N",NA,0
"3730","P02868_C",5.81062245661628,11.3
"3731","P02868_E",2.16564078277078,4.30000000000001
"3732","P02868_N",1.90525588832577,3.30000000000001
"3733","P02869_C",4.73532821812102,9.39999999999998
"3734","P02869_E",6.85054742338157,13.7
"3735","P02869_N",8.1504601097116,16.3
"3736","P02870_C",4.50148123769647,9
"3737","P02870_E",2.16564078277078,4.30000000000001
"3738","P02870_N",4.11865673895426,8
"3739","P02871_C",NA,0
"3740","P02871_E",NA,0
"3741","P02871_N",NA,0
"3742","P02872_C",3.05505046330389,6
"3743","P02872_E",3.28075194632775,6
"3744","P02872_N",4.21465696508427,8
"3745","P02873_C",0.707106781186548,1
"3746","P02873_E",0.707106781186548,1
"3747","P02873_N",0.707106781186548,1
"3748","P02874_C",NA,0
"3749","P02874_E",NA,0
"3750","P02874_N",NA,0
"3751","P02875_C",5.66244941110589,11.3
"3752","P02875_E",7.85047769247196,15.7
"3753","P02875_N",5.9180514811324,11.3
"3754","P02876_C",3.43947670438396,6.69999999999999
"3755","P02876_E",4.2852460061627,8.30000000000001
"3756","P02876_N",9.05336033378399,18
"3757","P02877_C",3.49618840072062,6.60000000000002
"3758","P02877_E",4.44559707276011,7.69999999999999
"3759","P02877_N",2.9871948937646,5.69999999999999
"3760","P02878_C",NA,0
"3761","P02878_E",NA,0
"3762","P02878_N",NA,0
"3763","P02879_C",NA,0
"3764","P02879_E",NA,0
"3765","P02879_N",NA,0
"3766","P02880_C",3.21455025366432,6
"3767","P02880_E",3.51188458428425,7
"3768","P02880_N",3.78593889720018,7
"3769","P03001_C",NA,0
"3770","P03001_E",NA,0
"3771","P03001_N",NA,0
"3772","P03002_C",NA,0
"3773","P03002_E",NA,0
"3774","P03002_N",NA,0
"3775","P03003_C",3.04055915910215,4.3
"3776","P03003_E",4.73761543394987,6.7
"3777","P03003_N",3.53553390593274,5
"3778","P03004_C",NA,0
"3779","P03004_E",NA,0
"3780","P03004_N",NA,0
"3781","P03005_C",0.212132034355962,0.299999999999997
"3782","P03005_E",13.930003589375,19.7
"3783","P03005_N",0.707106781186548,1
"3784","P03006_C",NA,0
"3785","P03006_E",NA,0
"3786","P03006_N",NA,0
"3787","P03007_C",5.44472221513642,7.7
"3788","P03007_E",2.12132034355964,3
"3789","P03007_N",4.03050865276332,5.7
"3790","P03008_C",5.65685424949238,8
"3791","P03008_E",4.94974746830583,7
"3792","P03008_N",3.90683162336609,7.7
"3793","P03009_C",NA,0
"3794","P03009_E",NA,0
"3795","P03009_N",NA,0
"3796","P03010_C",6.36396103067893,9
"3797","P03010_E",7.77817459305202,11
"3798","P03010_N",0.707106781186548,1
"3799","P03011_C",NA,0
"3800","P03011_E",NA,0
"3801","P03011_N",NA,0
"3802","P03012_C",5.33510387277824,9.7
"3803","P03012_E",2.63122278291545,4.7
"3804","P03012_N",5.05601951473027,10
"3805","P03013_C",5.26529518007617,9.7
"3806","P03013_E",11.1906210730236,20
"3807","P03013_N",8.65043351514824,16
"3808","P03014_C",4.76060220280306,8.7
"3809","P03014_E",5.24309069156733,9.7
"3810","P03014_N",1.0785793124909,2
"3811","P03015_C",5.24309069156733,9.7
"3812","P03015_E",1.87705443004015,3.7
"3813","P03015_N",6.75746500792518,12.3
"3814","P03016_C",4.73761543394987,6.7
"3815","P03016_E",0.707106781186548,1
"3816","P03016_N",0,0
"3817","P03017_C",1.66232768530556,3.3
"3818","P03017_E",1.15470053837925,2
"3819","P03017_N",0.854400374531754,1.7
"3820","P03018_C",6.37887137352683,12.7
"3821","P03018_E",1,2
"3822","P03018_N",6.74709814167049,12.7
"3823","P03019_C",2.80416357107308,5
"3824","P03019_E",7.0164093381159,12.3
"3825","P03019_N",2.93087017795057,5.59999999999999
"3826","P03020_C",NA,0
"3827","P03020_E",NA,0
"3828","P03020_N",NA,0
"3829","P03021_C",8.27314933988261,11.7
"3830","P03021_E",25.2437120883598,35.7
"3831","P03021_N",5.65685424949238,8
"3832","P03022_C",NA,0
"3833","P03022_E",NA,0
"3834","P03022_N",NA,0
"3835","P03023_C",2.61629509039023,3.7
"3836","P03023_E",8.69741340859453,12.3
"3837","P03023_N",3.04055915910215,4.3
"3838","P03024_C",NA,0
"3839","P03024_E",NA,0
"3840","P03024_N",NA,0
"3841","P03025_C",4.24264068711928,6
"3842","P03025_E",8.98025612106916,12.7
"3843","P03025_N",0.707106781186548,1
"3844","P03026_C",4.93288286231625,9
"3845","P03026_E",7.15984171147193,13
"3846","P03026_N",6.69552089086428,13.3
"3847","P03027_C",7.76745346515403,15
"3848","P03027_E",14.351422693703,28.3
"3849","P03027_N",8.17088326518824,14.3
"3850","P03028_C",7.16682170374939,14.3
"3851","P03028_E",20.0280636441303,38.7
"3852","P03028_N",5.51935986626469,11
"3853","P03029_C",4.16213086451319,8.3
"3854","P03029_E",4.16333199893227,8
"3855","P03029_N",13.3787144374936,25.7
"3856","P03030_C",4.25793377120876,7.7
"3857","P03030_E",6.557438524302,13
"3858","P03030_N",13.515299972007,26.7
"3859","P03031_C",3.55293306063221,6.7
"3860","P03031_E",3.09246395829173,6
"3861","P03031_N",4.78156180900481,9
"3862","P03032_C",4.83356321292412,8.7
"3863","P03032_E",6.69552089086428,13.3
"3864","P03032_N",4.86449723335653,9
"3865","P03033_C",2.60576284415908,4.7
"3866","P03033_E",6.43920284921459,11.3
"3867","P03033_N",7.42046719104218,13
"3868","P03034_C",4.13077878048841,7.3
"3869","P03034_E",5.36935750346352,9.3
"3870","P03034_N",3.60555127546399,7
"3871","P03035_C",2.89194283023253,5.7
"3872","P03035_E",4.2453896562428,8.3
"3873","P03035_N",3.8940124978399,7.3
"3874","P03036_C",5.86898628384834,8.3
"3875","P03036_E",5.16187950266179,7.3
"3876","P03036_N",8.98025612106916,12.7
"3877","P03037_C",NA,0
"3878","P03037_E",NA,0
"3879","P03037_N",NA,0
"3880","P03038_C",NA,0
"3881","P03038_E",NA,0
"3882","P03038_N",NA,0
"3883","P03039_C",2.22785397486759,4
"3884","P03039_E",6.26604606856137,11
"3885","P03039_N",8.66025403784439,15
"3886","P03040_C",NA,0
"3887","P03040_E",NA,0
"3888","P03040_N",NA,0
"3889","P03041_C",NA,0
"3890","P03041_E",NA,0
"3891","P03041_N",NA,0
"3892","P03042_C",1.56950098226581,3
"3893","P03042_E",3.00499584026334,6
"3894","P03042_N",5,10
"3895","P03043_C",NA,0
"3896","P03043_E",NA,0
"3897","P03043_N",NA,0
"3898","P03044_C",NA,0
"3899","P03044_E",NA,0
"3900","P03044_N",NA,0
"3901","P03045_C",NA,0
"3902","P03045_E",NA,0
"3903","P03045_N",NA,0
"3904","P03046_C",2.1733231083604,4.3
"3905","P03046_E",6.12617335699864,11.7
"3906","P03046_N",8.40416563377948,16.7
"3907","P03047_C",2.71354626519124,4.7
"3908","P03047_E",3.32615894589139,6.3
"3909","P03047_N",4.65008960487143,9.3
"3910","P03048_C",6.16954887599842,12.3
"3911","P03048_E",1.55884572681199,2.7
"3912","P03048_N",9.38243038876388,18.7
"3913","P03049_C",7.47819051197102,14.4
"3914","P03049_E",10.4158533015783,18.7
"3915","P03049_N",8.88613151677001,16
"3916","P03050_C",2.3334523779156,3.3
"3917","P03050_E",0.91923881554251,1.3
"3918","P03050_N",0.707106781186548,1
"3919","P03051_C",1.55884572681199,2.7
"3920","P03051_E",2.65769323537035,5.3
"3921","P03051_N",5.17976833458795,9.7
"3922","P03052_C",0.700000000000003,1.40000000000001
"3923","P03052_E",20.8885135900092,37
"3924","P03052_N",13.2824445541223,23.3
"3925","P03053_C",NA,0
"3926","P03053_E",NA,0
"3927","P03053_N",NA,0
"3928","P03054_C",NA,0
"3929","P03054_E",NA,0
"3930","P03054_N",NA,0
"3931","P03055_C",2.12132034355964,3
"3932","P03055_E",1.4142135623731,2
"3933","P03055_N",3.53553390593274,5
"3934","P03056_C",5.05601951473027,10
"3935","P03056_E",4.16333199893227,8
"3936","P03056_N",3.32615894589139,6.3
"3937","P03057_C",3.99541403778549,7.7
"3938","P03057_E",2.65769323537035,5.3
"3939","P03057_N",2.08166599946613,4
"3940","P03058_C",3.8940124978399,7.3
"3941","P03058_E",NA,16.7
"3942","P03058_N",5.63234705370091,10.7
"3943","P03059_C",3.85529938310027,7
"3944","P03059_E",9.16515138991168,18
"3945","P03059_N",4.20277685980749,8.3
"3946","P03060_C",1.62634559672906,2.3
"3947","P03060_E",0.212132034355962,0.299999999999997
"3948","P03060_N",1.62634559672906,2.3
"3949","P03061_C",4.94974746830583,7
"3950","P03061_E",1.4142135623731,2
"3951","P03061_N",1.20208152801713,1.7
"3952","P03062_C",3.95769293065207,7
"3953","P03062_E",3.99541403778549,7.7
"3954","P03062_N",3.04357246231026,5.7
"3955","P03063_C",0.212132034355962,0.299999999999997
"3956","P03063_E",0.494974746830585,0.700000000000003
"3957","P03063_N",6.36396103067893,9
"3958","P03064_C",1.62634559672906,2.3
"3959","P03064_E",3.7476659402887,5.3
"3960","P03064_N",4.24264068711928,6
"3961","P03065_C",4.45477272147525,6.3
"3962","P03065_E",5.86898628384834,8.3
"3963","P03065_N",5.16187950266179,7.3
"3964","P03066_C",4.76060220280306,8.7
"3965","P03066_E",4.50924975282289,9
"3966","P03066_N",5.39660387033673,10.4
"3967","P03067_C",3.37095436535907,6.7
"3968","P03067_E",5.85946527708232,11
"3969","P03067_N",4.11865673895426,8
"3970","P03068_C",5.13160143944688,10
"3971","P03068_E",5.6888780381841,10.7
"3972","P03068_N",4.33858655939158,8.59999999999999
"3973","P03069_C",10.6800436952914,19.7
"3974","P03069_E",3.15647482697603,6
"3975","P03069_N",4.4034077712608,8.3
"3976","P03070_C",NA,0
"3977","P03070_E",NA,0
"3978","P03070_N",NA,0
"3979","P03101_C",NA,0
"3980","P03101_E",NA,0
"3981","P03101_N",NA,0
"3982","P03102_C",NA,0
"3983","P03102_E",NA,0
"3984","P03102_N",NA,0
"3985","P03103_C",4.89523577913602,9.30000000000001
"3986","P03103_E",1.15325625946709,2.30000000000001
"3987","P03103_N",4.93288286231625,9
"3988","P03104_C",1.62634559672907,2.30000000000001
"3989","P03104_E",1.4142135623731,2
"3990","P03104_N",2.82842712474619,4
"3991","P03105_C",0.494974746830575,0.699999999999989
"3992","P03105_E",2.61629509039022,3.69999999999999
"3993","P03105_N",1.20208152801712,1.69999999999999
"3994","P03106_C",7.60021929508177,14.7
"3995","P03106_E",10.072900939319,19
"3996","P03106_N",5.94670777265314,11.7
"3997","P03108_C",0.707106781186548,1
"3998","P03108_E",9.40452018978109,13.3
"3999","P03108_N",0.91923881554252,1.30000000000001
"4000","P03109_C",6.92555653600008,13.3
"4001","P03109_E",3.66924152016917,7.30000000000001
"4002","P03109_N",2.25018517756503,4.30000000000001
"4003","P03110_C",3.02709982216202,6
"4004","P03110_E",3.73229152130431,7.30000000000001
"4005","P03110_N",2,4
"4006","P03114_C",4.44559707276011,7.69999999999999
"4007","P03114_E",2.50266524595946,5
"4008","P03114_N",4.45308881564246,8.69999999999999
"4009","P03116_C",NA,0
"4010","P03116_E",NA,0
"4011","P03116_N",NA,0
"4012","P03117_C",3.56791255498225,7
"4013","P03117_E",2.59422435421457,5
"4014","P03117_N",4,8
"4015","P03118_C",6.65832811847939,12
"4016","P03118_E",3.05505046330389,6
"4017","P03118_N",4.88091521472494,8.60000000000002
"4018","P03119_C",NA,0
"4019","P03119_E",NA,0
"4020","P03119_N",NA,0
"4021","P03120_C",8.1504601097116,16
"4022","P03120_E",14.1655685848939,28.3
"4023","P03120_N",5.97187854308285,11.3
"4024","P03121_C",NA,0
"4025","P03121_E",NA,0
"4026","P03121_N",NA,0
"4027","P03122_C",3.02709982216202,6
"4028","P03122_E",5.29150262212918,10
"4029","P03122_N",2.71354626519123,4.69999999999999
"4030","P03123_C",2.97713508819021,5.30000000000001
"4031","P03123_E",3.05505046330389,6
"4032","P03123_N",1.36503968196288,2.69999999999999
"4033","P03124_C",1.56950098226581,3
"4034","P03124_E",1.40118997046558,2.69999999999999
"4035","P03124_N",2.53574446662119,4.69999999999999
"4036","P03125_C",NA,0
"4037","P03125_E",NA,0
"4038","P03125_N",NA,0
"4039","P03126_C",1.36503968196288,2.69999999999999
"4040","P03126_E",4.86038407261538,9.69999999999999
"4041","P03126_N",3.90683162336609,7.69999999999999
"4042","P03127_C",NA,0
"4043","P03127_E",NA,0
"4044","P03127_N",NA,0
"4045","P03128_C",2.35867194271126,4.69999999999999
"4046","P03128_E",2.13619599600162,4
"4047","P03128_N",3,6
"4048","P03129_C",NA,0
"4049","P03129_E",NA,0
"4050","P03129_N",NA,0
"4051","P03130_C",NA,0
"4052","P03130_E",NA,0
"4053","P03130_N",NA,0
"4054","P03131_C",1.25033328890074,2.30000000000001
"4055","P03131_E",5.01630674234873,10
"4056","P03131_N",2.57358375292769,4.60000000000002
"4057","P03132_C",NA,0
"4058","P03132_E",NA,0
"4059","P03132_N",NA,0
"4060","P03133_C",NA,0
"4061","P03133_E",NA,0
"4062","P03133_N",NA,0
"4063","P03134_C",NA,0
"4064","P03134_E",NA,0
"4065","P03134_N",NA,0
"4066","P03135_C",4.1621308645132,8.30000000000001
"4067","P03135_E",7.08731260775196,13.7
"4068","P03135_N",2.85131548587665,5.69999999999999
"4069","P03136_C",10.288990880224,18.3
"4070","P03136_E",8.1504601097116,16.3
"4071","P03136_N",7.359574263049,14.7
"4072","P03137_C",NA,0
"4073","P03137_E",NA,0
"4074","P03137_N",NA,0
"4075","P03138_C",8.83883476483184,12.5
"4076","P03138_E",8.69741340859454,12.3
"4077","P03138_N",9.68736290225569,13.7
"4078","P03139_C",5.51935986626468,10.7
"4079","P03139_E",4.50924975282289,9
"4080","P03139_N",3.51046055857821,6.39999999999998
"4081","P03140_C",9.85038070330279,19.7
"4082","P03140_E",3.49618840072062,6.60000000000002
"4083","P03140_N",7.65919926188981,15.3
"4084","P03141_C",NA,0
"4085","P03141_E",NA,0
"4086","P03141_N",NA,0
"4087","P03142_C",1.30000000000001,2.60000000000002
"4088","P03142_E",3.54729944229879,7
"4089","P03142_N",2.65769323537036,5.30000000000001
"4090","P03143_C",NA,0
"4091","P03143_E",NA,0
"4092","P03143_N",NA,0
"4093","P03144_C",NA,3.69999999999999
"4094","P03144_E",NA,5.69999999999999
"4095","P03144_N",NA,0.300000000000011
"4096","P03145_C",NA,0
"4097","P03145_E",NA,0
"4098","P03145_N",NA,0
"4099","P03146_C",1.25830573921179,2.5
"4100","P03146_E",1.73877351409934,3.30000000000001
"4101","P03146_N",7.23970533470343,14
"4102","P03147_C",NA,0
"4103","P03147_E",NA,0
"4104","P03147_N",NA,0
"4105","P03148_C",0.494974746830575,0.699999999999989
"4106","P03148_E",0.212132034355972,0.300000000000011
"4107","P03148_N",0.91923881554252,1.30000000000001
"4108","P03149_C",NA,0
"4109","P03149_E",NA,0
"4110","P03149_N",NA,0
"4111","P03150_C",2.12837966537927,4.19999999999999
"4112","P03150_E",4.14286535302963,7.69999999999999
"4113","P03150_N",3.04138126514911,5.5
"4114","P03151_C",NA,0
"4115","P03151_E",NA,0
"4116","P03151_N",NA,0
"4117","P03152_C",4.11865673895426,8
"4118","P03152_E",1.32790561913615,2.30000000000001
"4119","P03152_N",1.96553639837407,3.69999999999999
"4120","P03153_C",NA,0
"4121","P03153_E",NA,0
"4122","P03153_N",NA,0
"4123","P03154_C",2.68886593194975,4.80000000000001
"4124","P03154_E",4.00374824383352,8
"4125","P03154_N",4.2027768598075,8.30000000000001
"4126","P03155_C",4.64578662158878,9
"4127","P03155_E",1.40118997046559,2.80000000000001
"4128","P03155_N",6.42105910267145,12.7
"4129","P03156_C",NA,0
"4130","P03156_E",NA,0
"4131","P03156_N",NA,0
"4132","P03157_C",NA,0
"4133","P03157_E",NA,0
"4134","P03157_N",NA,0
"4135","P03158_C",5.25483903971695,10
"4136","P03158_E",2.18250620464945,4.30000000000001
"4137","P03158_N",2.91376045686669,5.69999999999999
"4138","P03159_C",3.61432335760558,6.69999999999999
"4139","P03159_E",1.19303534454488,2.19999999999999
"4140","P03159_N",3,6
"4141","P03160_C",6.75746500792518,13
"4142","P03160_E",7.43796567169635,14.3
"4143","P03160_N",0.624499799839832,1.19999999999999
"4144","P03161_C",6.29391240273754,11
"4145","P03161_E",5.72974694031072,11.3
"4146","P03161_N",2.31588715902423,4.5
"4147","P03162_C",3.17227573412737,6.30000000000001
"4148","P03162_E",3.35012437580059,6.69999999999999
"4149","P03162_N",1.27671453348037,2.5
"4150","P03163_C",3.85097390279394,7.69999999999999
"4151","P03163_E",3.89743505398103,7.60000000000002
"4152","P03163_N",0.873689494805404,1.69999999999999
"4153","P03164_C",5.1618795026618,7.30000000000001
"4154","P03164_E",5.65685424949238,8
"4155","P03164_N",5.1618795026618,7.30000000000001
"4156","P03165_C",NA,0
"4157","P03165_E",NA,0
"4158","P03165_N",NA,0
"4159","P03166_C",NA,0
"4160","P03166_E",NA,0
"4161","P03166_N",NA,0
"4162","P03167_C",NA,0
"4163","P03167_E",NA,0
"4164","P03167_N",NA,0
"4165","P03168_C",3.2501282025996,6.5
"4166","P03168_E",1.38684293751431,2.69999999999999
"4167","P03168_N",1.69213868619961,3.30000000000001
"4168","P03169_C",1.28970280814354,2.5
"4169","P03169_E",2.00748598998847,4
"4170","P03169_N",1.27017059221717,2.19999999999999
"4171","P03170_C",5.00632932729493,9.69999999999999
"4172","P03170_E",4.04145188432738,7
"4173","P03170_N",2.22785397486759,4
"4174","P03171_C",1.86815416922694,3.69999999999999
"4175","P03171_E",2.86763549520041,5.69999999999999
"4176","P03171_N",1.82482875908947,3.30000000000001
"4177","P03172_C",NA,0
"4178","P03172_E",NA,0
"4179","P03172_N",NA,0
"4180","P03173_C",4.16333199893227,8
"4181","P03173_E",3.09246395829173,6
"4182","P03173_N",1.69213868619961,3.30000000000001
"4183","P03174_C",2.4062418831032,4.80000000000001
"4184","P03174_E",3.76342043005207,7.19999999999999
"4185","P03174_N",2.83078316607496,5
"4186","P03175_C",NA,0
"4187","P03175_E",NA,0
"4188","P03175_N",NA,0
"4189","P03176_C",3.20364375880548,6.19999999999999
"4190","P03176_E",0.47258156262525,0.899999999999977
"4191","P03176_N",3.43947670438396,6.69999999999999
"4192","P03177_C",2.33023603954621,4.5
"4193","P03177_E",4.17891532976362,8.30000000000001
"4194","P03177_N",0.416333199893235,0.800000000000011
"4195","P03178_C",2.58134331953991,4.69999999999999
"4196","P03178_E",2.97040962382856,5.69999999999999
"4197","P03178_N",4.05257120027932,7.30000000000001
"4198","P03179_C",3.51188458428425,7
"4199","P03179_E",1.65227116418583,3
"4200","P03179_N",7.67398201717988,14.1
"4201","P03180_C",2.13619599600161,3.69999999999999
"4202","P03180_E",4.04145188432738,7
"4203","P03180_N",3.18799832705937,6.30000000000001
"4204","P03201_C",3.81968585095686,7.30000000000001
"4205","P03201_E",1.7088007490635,3.39999999999998
"4206","P03201_N",3.46410161513775,6
"4207","P03204_C",4.10528115155751,8
"4208","P03204_E",3.46410161513775,6
"4209","P03204_N",5.98581656919087,10.7
"4210","P03205_C",5.60475988186232,10.8
"4211","P03205_E",5.00832640043891,9.5
"4212","P03205_N",6.65832811847939,13
"4213","P03206_C",2.80416357107308,5
"4214","P03206_E",1.5695009822658,2.99999999999999
"4215","P03206_N",1.28582010146572,2.39999999999999
"4216","P03207_C",7.98310716450682,14.3
"4217","P03207_E",9.07377172587747,17
"4218","P03207_N",11.523454343208,20.3
"4219","P03208_C",1.42243921955679,2.59999999999999
"4220","P03208_E",3.1005375877956,6.2
"4221","P03208_N",0.964365076099294,1.8
"4222","P03211_C",3.25934553757857,6.3
"4223","P03211_E",2.218858565419,4.39999999999998
"4224","P03211_N",0.854400374531748,1.69999999999999
"4225","P03212_C",4.23320209770334,7.99999999999999
"4226","P03212_E",3.00887575903914,5.40000000000001
"4227","P03212_N",4.20277685980749,8.3
"4228","P03213_C",1.15325625946708,2.30000000000001
"4229","P03213_E",2.58134331953991,4.69999999999999
"4230","P03213_N",2.41108550933669,4.80000000000001
"4231","P03216_C",4.87476495159852,9.7
"4232","P03216_E",4.58257569495584,9
"4233","P03216_N",1,2
"4234","P03217_C",7.25695069111905,13.7
"4235","P03217_E",2.97713508819021,5.3
"4236","P03217_N",1.73205080756888,3
"4237","P03219_C",1.74737898961082,3.39999999999999
"4238","P03219_E",1.01488915650922,2
"4239","P03219_N",4.15812457725836,8.3
"4240","P03222_C",7.84792966329338,15.6
"4241","P03222_E",1.75023807904334,3.5
"4242","P03222_N",3.65558932777375,7.2
"4243","P03223_C",3.18799832705937,6.3
"4244","P03223_E",3.00499584026334,6
"4245","P03223_N",0.577350269189626,1
"4246","P03224_C",3.772267222772,7.3
"4247","P03224_E",4.27239199200323,7.40000000000001
"4248","P03224_N",5.40647759636531,10.7
"4249","P03226_C",0.351188458428418,0.699999999999989
"4250","P03226_E",3.53034464795342,7
"4251","P03226_N",0.808290376865474,1.59999999999999
"4252","P03228_C",5.03620227287719,9.3
"4253","P03228_E",2.40069434400411,4.3
"4254","P03228_N",6.7446274915669,13.3
"4255","P03230_C",1.85831464863552,3.60000000000001
"4256","P03230_E",5.29150262212919,10
"4257","P03230_N",1.15470053837925,2
"4258","P03231_C",5.52449092677326,11
"4259","P03231_E",6.18573628061634,12.3
"4260","P03231_N",6.75450466972474,13.3
"4261","P03232_C",0.40414518843274,0.700000000000003
"4262","P03232_E",2.40069434400411,4.3
"4263","P03232_N",3.4828149534536,6.7
"4264","P03235_C",2.151743479135,4.3
"4265","P03235_E",6.41326749792958,12.3
"4266","P03235_N",6.50640709864771,13
"4267","P03237_C",3.78593889720018,7
"4268","P03237_E",5.70350769263968,11.3
"4269","P03237_N",2.98663690461362,5.60000000000001
"4270","P03239_C",3.70405183549042,7.39999999999999
"4271","P03239_E",1.82300118851671,3.59999999999999
"4272","P03239_N",8.27788217682115,15.7
"4273","P03240_C",3.07462734869339,5.59999999999999
"4274","P03240_E",5.25959440768329,10.3
"4275","P03240_N",2.70739727413618,5
"4276","P03241_C",3.35459883344243,5.99999999999999
"4277","P03241_E",1.91398362932741,3.69999999999999
"4278","P03241_N",NA,-Inf
"4279","P03242_C",1.85831464863552,3.60000000000001
"4280","P03242_E",2.73007936392577,5.40000000000001
"4281","P03242_N",1.40118997046558,2.7
"4282","P03245_C",3.60555127546399,7
"4283","P03245_E",4.06119850947148,7.40000000000001
"4284","P03245_N",4.25245027405769,8
"4285","P03246_C",NA,0
"4286","P03246_E",NA,0
"4287","P03246_N",NA,0
"4288","P03249_C",1.50443787951957,3
"4289","P03249_E",3.95137107006332,7.8
"4290","P03249_N",1.99749843554382,3.59999999999999
"4291","P03250_C",NA,0
"4292","P03250_E",NA,0
"4293","P03250_N",NA,0
"4294","P03251_C",3.70405183549043,7
"4295","P03251_E",6.78699737242718,13.3
"4296","P03251_N",5.46382039724343,10.6
"4297","P03253_C",2.76224546338663,5.3
"4298","P03253_E",3.07462734869339,5.59999999999999
"4299","P03253_N",1.65227116418583,3
"4300","P03255_C",3.50190424388408,7
"4301","P03255_E",2.51661147842358,5
"4302","P03255_N",4.6651187909134,9.3
"4303","P03257_C",4.80138868800823,9.60000000000001
"4304","P03257_E",6.98951595844329,13.6
"4305","P03257_N",4.01497197997695,8
"4306","P03258_C",3.02709982216202,6
"4307","P03258_E",3.21299444962691,6.40000000000001
"4308","P03258_N",3.78593889720018,7
"4309","P03259_C",4.88091521472494,8.60000000000001
"4310","P03259_E",4.63177431804847,9
"4311","P03259_N",3.93954312071844,7.59999999999999
"4312","P03263_C",4.13077878048841,7.3
"4313","P03263_E",7.20578471322404,14.3
"4314","P03263_N",2.1733231083604,4.3
"4315","P03264_C",NA,0
"4316","P03264_E",NA,0
"4317","P03264_N",NA,0
"4318","P03265_C",5.41479454827236,10
"4319","P03265_E",0.404145188432731,0.699999999999989
"4320","P03265_N",7.80085465403204,15.6
"4321","P03266_C",3.93107279674816,7.00000000000001
"4322","P03266_E",2.25018517756502,4.3
"4323","P03266_N",2.80416357107308,5
"4324","P03269_C",4.72581562625261,9
"4325","P03269_E",7.04485627958441,13.7
"4326","P03269_N",5.12152321092074,9.69999999999999
"4327","P03270_C",1.05830052442584,2
"4328","P03270_E",1.66232768530556,3.3
"4329","P03270_N",2.77848879788996,5
"4330","P03271_C",3.85529938310027,7
"4331","P03271_E",5.03620227287719,9.3
"4332","P03271_N",1.52752523165195,3
"4333","P03272_C",3.15013227235513,5.59999999999999
"4334","P03272_E",1.17898261225516,2.3
"4335","P03272_N",1.25033328890074,2.3
"4336","P03275_C",6.43920284921459,11.3
"4337","P03275_E",3.6909799963334,7.3
"4338","P03275_N",3.65011415346607,7.3
"4339","P03276_C",2.57358375292768,4.59999999999999
"4340","P03276_E",6.32877028602977,12.4
"4341","P03276_N",4.02036482589993,8
"4342","P03277_C",0.88881944173156,1.7
"4343","P03277_E",3.46410161513775,6
"4344","P03277_N",2.20302821891444,4
"4345","P03278_C",2.3,4.60000000000001
"4346","P03278_E",0.854400374531754,1.7
"4347","P03278_N",1.0785793124909,2
"4348","P03401_C",1,2
"4349","P03401_E",3.51188458428425,7
"4350","P03401_N",2.50066657780148,4.60000000000002
"4351","P03403_C",9.51122144276608,19
"4352","P03403_E",11.5902257671425,21
"4353","P03403_N",2.08166599946613,4
"4354","P03404_C",1.38564064605509,2.39999999999998
"4355","P03404_E",2.64575131106459,5
"4356","P03404_N",3.75810235801705,6.69999999999999
"4357","P03407_C",3.30454232837166,6
"4358","P03407_E",5.06491197685937,9.60000000000002
"4359","P03407_N",12.1705929737763,21.7
"4360","P03409_C",2.20302821891445,4
"4361","P03409_E",5.23672925912093,9.39999999999998
"4362","P03409_N",3.35012437580061,6.60000000000002
"4363","P03410_C",NA,0
"4364","P03410_E",NA,0
"4365","P03410_N",NA,0
"4366","P03411_C",2.76224546338663,5.30000000000001
"4367","P03411_E",2.70554985169373,5.39999999999998
"4368","P03411_N",3.00887575903913,5.39999999999998
"4369","P03412_C",13.548554658462,24.7
"4370","P03412_E",1.52752523165195,3
"4371","P03412_N",3.09246395829173,6
"4372","P03415_C",3.86307304271266,7.69999999999999
"4373","P03415_E",2.76103845198383,5.39999999999998
"4374","P03415_N",19.5308303288246,34.6
"4375","P03417_C",6.20671679177753,12.4
"4376","P03417_E",5.19615242270663,9
"4377","P03417_N",1.36137185711082,2.60000000000002
"4378","P03418_C",7.15052445628991,14.3
"4379","P03418_E",6,12
"4380","P03418_N",2.33523731841828,4.60000000000002
"4381","P03420_C",2.35867194271126,4.69999999999999
"4382","P03420_E",8.45714687902092,15.7
"4383","P03420_N",7.88859936870925,14
"4384","P03421_C",5.68624070307733,11
"4385","P03421_E",2.80416357107308,5
"4386","P03421_N",4.36501240929891,8.60000000000002
"4387","P03423_C",NA,6
"4388","P03423_E",NA,6.69999999999999
"4389","P03423_N",NA,0.300000000000011
"4390","P03424_C",4.35469095727048,8.69999999999999
"4391","P03424_E",4.50037035513006,8.60000000000002
"4392","P03424_N",12.6894969692787,22.6
"4393","P03426_C",6.50025640519921,13
"4394","P03426_E",2.73007936392576,5
"4395","P03426_N",5.14328040586292,9.60000000000002
"4396","P03428_C",5.61456439390745,10.7
"4397","P03428_E",6.72235077930331,12.4
"4398","P03428_N",8.49234949822485,15
"4399","P03429_C",4.88398744197129,9.39999999999998
"4400","P03429_E",3.15013227235515,5.60000000000002
"4401","P03429_N",5.51935986626469,11
"4402","P03431_C",3.53411940941446,6.69999999999999
"4403","P03431_E",3.95769293065207,7.30000000000001
"4404","P03431_N",5.40647759636531,10.3
"4405","P03433_C",7.53812531955614,13.7
"4406","P03433_E",4.22532050066423,7.60000000000002
"4407","P03433_N",1,2
"4408","P03435_C",7.71059876620055,14
"4409","P03435_E",9.88534268500591,19.4
"4410","P03435_N",6.02771377334171,12
"4411","P03437_C",7.39075999700528,14.6
"4412","P03437_E",4.21465696508427,8
"4413","P03437_N",6.93277241320767,13.7
"4414","P03438_C",39.5489991445211,68.7
"4415","P03438_E",7.93725393319377,15
"4416","P03438_N",6.82373309364701,13.3
"4417","P03439_C",7.09459888459759,14
"4418","P03439_E",9.67591511606698,18.3
"4419","P03439_N",12.2523467139973,23.4
"4420","P03441_C",7.83070878018077,15.6
"4421","P03441_E",2.30651251893417,4.60000000000002
"4422","P03441_N",1.50111069989303,3
"4423","P03443_C",2.01328918273887,4
"4424","P03443_E",38.6306872835574,72.7
"4425","P03443_N",19.3295111164251,35.3
"4426","P03444_C",3.63730669589465,6.30000000000001
"4427","P03444_E",7.06139740655723,12.7
"4428","P03444_N",8.70229854693575,17.3
"4429","P03446_C",3.72692903071685,6.60000000000002
"4430","P03446_E",12.2320616959421,24.3
"4431","P03446_N",9.56887314856527,18.3
"4432","P03448_C",10.0380941086111,18
"4433","P03448_E",6.69054058603139,12.7
"4434","P03448_N",2.22785397486759,4
"4435","P03450_C",4.04516171905813,7.69999999999999
"4436","P03450_E",6.99452166579912,13.7
"4437","P03450_N",4.83976583455576,9.39999999999998
"4438","P03451_C",9.39485674895224,17.3
"4439","P03451_E",10.6784830383346,21.3
"4440","P03451_N",NA,31.3
"4441","P03453_C",6.53171748725657,12.7
"4442","P03453_E",7.57165767847438,15
"4443","P03453_N",1.35030860670193,2.69999999999999
"4444","P03454_C",5.89236794506251,11.6
"4445","P03454_E",31.519253375252,62.7
"4446","P03454_N",1.36503968196288,2.69999999999999
"4447","P03456_C",12.7970048579085,24
"4448","P03456_E",14.4521048063365,27.7
"4449","P03456_N",16.6880196548302,33.3
"4450","P03459_C",35.2466074017533,66.4
"4451","P03459_E",4.69290244234133,8.69999999999999
"4452","P03459_N",3.30454232837166,6
"4453","P03460_C",5.19615242270663,9
"4454","P03460_E",5.17976833458794,9.69999999999999
"4455","P03460_N",3.99541403778548,7.69999999999999
"4456","P03462_C",2.8792360097776,5.30000000000001
"4457","P03462_E",10.1207707216397,20
"4458","P03462_N",5.01198563445667,10
"4459","P03463_C",4.71487009365052,9.30000000000001
"4460","P03463_E",5.25959440768329,10.3
"4461","P03463_N",7.04485627958441,13.7
"4462","P03464_C",4.79826357480843,9.30000000000001
"4463","P03464_E",3.18799832705937,6.30000000000001
"4464","P03464_N",13.1705479511421,25.3
"4465","P03467_C",7.517978451685,15
"4466","P03467_E",12.5161229353715,25
"4467","P03467_N",9.17551088495895,17.6
"4468","P03469_C",10.6800436952914,19.7
"4469","P03469_E",10.5191888153666,20.6
"4470","P03469_N",12.5480410157655,25
"4471","P03470_C",7.637407937252,13.7
"4472","P03470_E",61.0504982234652,122
"4473","P03470_N",2.30651251893417,4.60000000000002
"4474","P03471_C",3.43947670438396,6.69999999999999
"4475","P03471_E",1.85831464863551,3.39999999999998
"4476","P03471_N",3.05995642670502,5.30000000000001
"4477","P03472_C",NA,0
"4478","P03472_E",NA,0
"4479","P03472_N",NA,0
"4480","P03474_C",5.90959671494877,11.7
"4481","P03474_E",3.60555127546399,7
"4482","P03474_N",5.0029991005396,10
"4483","P03476_C",3.65558932777376,7.30000000000001
"4484","P03476_E",0.75055534994652,1.30000000000001
"4485","P03476_N",4.4034077712608,8.30000000000001
"4486","P03477_C",1.73205080756888,3
"4487","P03477_E",3.35608899365516,6.69999999999999
"4488","P03477_N",9.52522965602405,19
"4489","P03480_C",12.240506525467,22
"4490","P03480_E",2.65015722804013,5.30000000000001
"4491","P03480_N",1.15470053837925,2
"4492","P03503_C",NA,0
"4493","P03503_E",NA,0
"4494","P03503_N",NA,0
"4495","P03505_C",1.40118997046558,2.69999999999999
"4496","P03505_E",0.513160143944687,1
"4497","P03505_N",0.351188458428418,0.699999999999989
"4498","P03506_C",NA,0
"4499","P03506_E",NA,0
"4500","P03506_N",NA,0
"4501","P03507_C",NA,0
"4502","P03507_E",NA,0
"4503","P03507_N",NA,0
"4504","P03509_C",NA,0
"4505","P03509_E",NA,0
"4506","P03509_N",NA,0
"4507","P03512_C",NA,0
"4508","P03512_E",NA,0
"4509","P03512_N",NA,0
"4510","P03513_C",NA,0
"4511","P03513_E",NA,0
"4512","P03513_N",NA,0
"4513","P03516_C",1.15325625946709,2.30000000000001
"4514","P03516_E",2.71354626519123,4.69999999999999
"4515","P03516_N",1.36503968196288,2.69999999999999
"4516","P03517_C",2.01328918273887,4
"4517","P03517_E",1.36137185711082,2.60000000000002
"4518","P03517_N",1.62890556304942,3
"4519","P03518_C",NA,0
"4520","P03518_E",NA,0
"4521","P03518_N",NA,0
"4522","P03519_C",4.13077878048842,7.30000000000001
"4523","P03519_E",2.30000000000001,4.60000000000002
"4524","P03519_N",2.371356854911,4.60000000000002
"4525","P03520_C",NA,0
"4526","P03520_E",NA,0
"4527","P03520_N",NA,0
"4528","P03523_C",NA,0
"4529","P03523_E",NA,0
"4530","P03523_N",NA,0
"4531","P03524_C",NA,0
"4532","P03524_E",NA,0
"4533","P03524_N",NA,0
"4534","P03525_C",NA,0
"4535","P03525_E",NA,0
"4536","P03525_N",NA,0
"4537","P03526_C",NA,0
"4538","P03526_E",NA,0
"4539","P03526_N",NA,0
"4540","P03527_C",NA,0
"4541","P03527_E",NA,0
"4542","P03527_N",NA,0
"4543","P03528_C",NA,0
"4544","P03528_E",NA,0
"4545","P03528_N",NA,0
"4546","P03529_C",NA,0
"4547","P03529_E",NA,0
"4548","P03529_N",NA,0
"4549","P03533_C",NA,0
"4550","P03533_E",NA,0
"4551","P03533_N",NA,0
"4552","P03535_C",NA,0
"4553","P03535_E",NA,0
"4554","P03535_N",NA,0
"4555","P03537_C",NA,0
"4556","P03537_E",NA,0
"4557","P03537_N",NA,0
"4558","P03539_C",NA,0
"4559","P03539_E",NA,0
"4560","P03539_N",NA,0
"4561","P03541_C",NA,0
"4562","P03541_E",NA,0
"4563","P03541_N",NA,0
"4564","P03542_C",NA,0
"4565","P03542_E",NA,0
"4566","P03542_N",NA,0
"4567","P03543_C",NA,0
"4568","P03543_E",NA,0
"4569","P03543_N",NA,0
"4570","P03546_C",NA,0
"4571","P03546_E",NA,0
"4572","P03546_N",NA,0
"4573","P03547_C",NA,0
"4574","P03547_E",NA,0
"4575","P03547_N",NA,0
"4576","P03548_C",NA,0
"4577","P03548_E",NA,0
"4578","P03548_N",NA,0
"4579","P03551_C",3.20780298646908,5.69999999999999
"4580","P03551_E",5.13160143944688,10
"4581","P03551_N",3.35459883344244,6
"4582","P03552_C",NA,0
"4583","P03552_E",NA,0
"4584","P03552_N",NA,0
"4585","P03554_C",3.00887575903913,5.39999999999998
"4586","P03554_E",2.3094010767585,4
"4587","P03554_N",2.41936630821655,4.60000000000002
"4588","P03555_C",5.17332903779891,10.3
"4589","P03555_E",4.91155101096724,8.69999999999999
"4590","P03555_N",7.88606365685695,14.7
"4591","P03557_C",2.17332310836041,4.30000000000001
"4592","P03557_E",3.81182371050918,6.69999999999999
"4593","P03557_N",4.27356213636041,7.5
"4594","P03558_C",NA,0
"4595","P03558_E",NA,0
"4596","P03558_N",NA,0
"4597","P03559_C",6.33113997107419,12
"4598","P03559_E",4.78156180900481,9
"4599","P03559_N",6.2601916903558,12.4
"4600","P03560_C",4.01497197997695,8
"4601","P03560_E",2,4
"4602","P03560_N",2.25018517756503,4.30000000000001
"4603","P03562_C",NA,0
"4604","P03562_E",NA,0
"4605","P03562_N",NA,0
"4606","P03563_C",NA,0
"4607","P03563_E",NA,0
"4608","P03563_N",NA,0
"4609","P03565_C",NA,0
"4610","P03565_E",NA,0
"4611","P03565_N",NA,0
"4612","P03566_C",NA,0
"4613","P03566_E",NA,0
"4614","P03566_N",NA,0
"4615","P03567_C",NA,0
"4616","P03567_E",NA,0
"4617","P03567_N",NA,0
"4618","P03570_C",NA,0
"4619","P03570_E",NA,0
"4620","P03570_N",NA,0
"4621","P03571_C",NA,0
"4622","P03571_E",NA,0
"4623","P03571_N",NA,0
"4624","P03576_C",NA,0
"4625","P03576_E",NA,0
"4626","P03576_N",NA,0
"4627","P03602_C",1,2
"4628","P03602_E",4.67582434799826,9
"4629","P03602_N",2.65769323537036,5.30000000000001
"4630","P03603_C",2.80416357107308,5
"4631","P03603_E",1.56950098226581,3
"4632","P03603_N",2.05507501890644,3.69999999999999
"4633","P03604_C",10.5101538206314,21
"4634","P03604_E",3.51046055857821,6.39999999999998
"4635","P03604_N",5.33510387277823,9.69999999999999
"4636","P03606_C",10.2632028788938,20
"4637","P03606_E",14.2028166220648,24.6
"4638","P03606_N",3.2129944496269,6.39999999999998
"4639","P03608_C",7.34302390027434,13.6
"4640","P03608_E",22.7769620450138,39.6
"4641","P03608_N",7.54983443527075,15
"4642","P03610_C",3.85097390279394,7.69999999999999
"4643","P03610_E",3.4828149534536,6.69999999999999
"4644","P03610_N",5.02294734194974,8.69999999999999
"4645","P03612_C",7.67224434786415,15
"4646","P03612_E",5.31538647074072,10.6
"4647","P03612_N",9.04728320178679,18
"4648","P03614_C",3.05505046330389,6
"4649","P03614_E",0.351188458428418,0.699999999999989
"4650","P03614_N",0,0
"4651","P03615_C",1.50443787951957,3
"4652","P03615_E",5.01198563445667,10
"4653","P03615_N",6.26604606856136,11
"4654","P03618_C",NA,23.7
"4655","P03618_E",NA,15.7
"4656","P03618_N",NA,1.69999999999999
"4657","P03619_C",NA,0
"4658","P03619_E",NA,1.39999999999998
"4659","P03619_N",NA,5.69999999999999
"4660","P03620_C",NA,1.30000000000001
"4661","P03620_E",NA,0.399999999999977
"4662","P03620_N",NA,11.7
"4663","P03622_C",3.82796725865481,7.39999999999998
"4664","P03622_E",3.0746273486934,5.60000000000002
"4665","P03622_N",4.18688428309166,7.69999999999999
"4666","P03623_C",0.300000000000011,0.600000000000023
"4667","P03623_E",1.62890556304942,3
"4668","P03623_N",6.19919349593155,12
"4669","P03625_C",3.27465010853577,6.30000000000001
"4670","P03625_E",1.65227116418583,3
"4671","P03625_N",5.14328040586292,9.60000000000002
"4672","P03627_C",3.51188458428425,7
"4673","P03627_E",1.32790561913615,2.30000000000001
"4674","P03627_N",0.503322295684718,1
"4675","P03628_C",2.40069434400412,4.30000000000001
"4676","P03628_E",4.53468117218105,8
"4677","P03628_N",5.72974694031072,11.3
"4678","P03629_C",3.50190424388408,7
"4679","P03629_E",4.1295681775863,7.60000000000002
"4680","P03629_N",5.23672925912093,9.39999999999998
"4681","P03632_C",7,14
"4682","P03632_E",1.9287301521986,3.60000000000002
"4683","P03632_N",3.46410161513775,6
"4684","P03633_C",2.59422435421457,5
"4685","P03633_E",1.15470053837925,2
"4686","P03633_N",1.19303534454489,2.30000000000001
"4687","P03634_C",2.37977589981353,4.69999999999999
"4688","P03634_E",9.86576572463249,18
"4689","P03634_N",1.19303534454489,2.30000000000001
"4690","P03636_C",NA,0
"4691","P03636_E",NA,0
"4692","P03636_N",NA,0
"4693","P03638_C",NA,0
"4694","P03638_E",NA,0
"4695","P03638_N",NA,0
"4696","P03640_C",NA,0
"4697","P03640_E",NA,0
"4698","P03640_N",NA,0
"4699","P03642_C",3.99541403778548,7.69999999999999
"4700","P03642_E",7.02376916856849,14
"4701","P03642_N",7.98268960522288,15.3
"4702","P03643_C",2.97713508819021,5.30000000000001
"4703","P03643_E",1.65227116418583,3
"4704","P03643_N",1.85831464863553,3.60000000000002
"4705","P03644_C",6.09289203361862,10.7
"4706","P03644_E",4.84974226119284,8.39999999999998
"4707","P03644_N",7.37495762699691,14.7
"4708","P03647_C",17.050610937246,30.3
"4709","P03647_E",15.2945524070936,27.3
"4710","P03647_N",14.610042208472,25.6
"4711","P03649_C",12.0577775730024,22.7
"4712","P03649_E",11.8896313371498,22.3
"4713","P03649_N",16.4418166068514,31
"4714","P03650_C",9.41930641466415,18.4
"4715","P03650_E",5.94670777265314,11.7
"4716","P03650_N",3.46410161513775,6
"4717","P03652_C",2.30651251893415,4.39999999999998
"4718","P03652_E",1.65227116418583,3
"4719","P03652_N",8.01020182850178,16
"4720","P03653_C",9.462029380635,17
"4721","P03653_E",3.32465537061113,6.60000000000002
"4722","P03653_N",2.70739727413618,5
"4723","P03655_C",4.50924975282289,9
"4724","P03655_E",7.70908554888322,15.3
"4725","P03655_N",13.5768184785685,26.3
"4726","P03656_C",14.8544045095498,28
"4727","P03656_E",16.329829556163,30.7
"4728","P03656_N",8.78806008172452,16
"4729","P03658_C",5.94306318324145,11
"4730","P03658_E",18.4776441499812,32.3
"4731","P03658_N",6.9895159584433,13.6
"4732","P03659_C",9.35164869599651,18
"4733","P03659_E",19.0874304189956,35
"4734","P03659_N",9.79047155827203,18.6
"4735","P03661_C",2.30651251893417,4.60000000000002
"4736","P03661_E",12.4230967690561,22
"4737","P03661_N",9.01461775858152,17
"4738","P03663_C",6.58963833099611,12.7
"4739","P03663_E",8.05750168062865,15.6
"4740","P03663_N",4.66511879091341,9.30000000000001
"4741","P03664_C",5.01630674234873,10
"4742","P03664_E",9.81495457622364,17
"4743","P03664_N",11.0151410945722,20
"4744","P03668_C",7.65919926188981,15.3
"4745","P03668_E",5.37152988759564,10
"4746","P03668_N",8.28029790124325,16
"4747","P03669_C",12.5480410157655,24.6
"4748","P03669_E",12.4684936272724,24.3
"4749","P03669_N",5.37773186389951,9.60000000000002
"4750","P03670_C",4.6184412955022,9
"4751","P03670_E",1.82482875908947,3.30000000000001
"4752","P03670_N",3.10698138606161,6
"4753","P03672_C",6.90820767879292,12.3
"4754","P03672_E",16.0266444814045,32
"4755","P03672_N",5.60832714214616,11
"4756","P03673_C",5.85263473431695,11.4
"4757","P03673_E",8.27768083462996,15.6
"4758","P03673_N",5.51935986626469,11
"4759","P03675_C",7.14516153304691,13.4
"4760","P03675_E",8.26559132790872,16.4
"4761","P03675_N",5.17332903779891,10.3
"4762","P03676_C",1.50111069989304,2.60000000000002
"4763","P03676_E",2.71354626519123,4.69999999999999
"4764","P03676_N",5.51935986626469,11
"4765","P03677_C",6.82373309364701,13.3
"4766","P03677_E",11.0391726743146,20.7
"4767","P03677_N",7.22864671521116,13.4
"4768","P03678_C",10.361627928725,20
"4769","P03678_E",8.1504601097116,16.3
"4770","P03678_N",7.6846166679499,13.6
"4771","P03701_C",5,10
"4772","P03701_E",3.02709982216202,6
"4773","P03701_N",9.90572225197807,19.6
"4774","P03704_C",3.38575447032613,6.30000000000001
"4775","P03704_E",3.60555127546399,7
"4776","P03704_N",4.58257569495584,9
"4777","P03705_C",3.28075194632775,6
"4778","P03705_E",9.02902726396002,16.7
"4779","P03705_N",4.46430285710995,8.30000000000001
"4780","P03707_C",5.29150262212918,10
"4781","P03707_E",3.7233497463082,7
"4782","P03707_N",17.2635454064337,31.7
"4783","P03708_C",2.13619599600161,3.69999999999999
"4784","P03708_E",2.25018517756503,4.30000000000001
"4785","P03708_N",1.40118997046558,2.69999999999999
"4786","P03710_C",7.33234841870825,13.3
"4787","P03710_E",9.8534258001976,19.4
"4788","P03710_N",10.9161959186034,19.7
"4789","P03712_C",13.9115060291832,27.3
"4790","P03712_E",6.69800965461631,13
"4791","P03712_N",17.6794607760908,32.7
"4792","P03713_C",1.04403065089104,1.89999999999998
"4793","P03713_E",3.56791255498225,7
"4794","P03713_N",9.03622339992396,18
"4795","P03715_C",2.03059925473574,3.69999999999999
"4796","P03715_E",3.51046055857821,6.39999999999998
"4797","P03715_N",0.173205080756894,0.300000000000011
"4798","P03716_C",1.53948043183407,3
"4799","P03716_E",0.692820323027544,1.19999999999999
"4800","P03716_N",2.80416357107308,5
"4801","P03718_C",8.58215202226886,15.6
"4802","P03718_E",6.17980582219215,11.7
"4803","P03718_N",2.97713508819021,5.30000000000001
"4804","P03719_C",3.8940124978399,7.30000000000001
"4805","P03719_E",4.61121820491433,8.69999999999999
"4806","P03719_N",5.01630674234873,10
"4807","P03721_C",3.55387112878338,6.30000000000001
"4808","P03721_E",11.3767306375777,22.7
"4809","P03721_N",1.01488915650922,2
"4810","P03728_C",3.47706773014274,6.30000000000001
"4811","P03728_E",13.3988805502549,25.3
"4812","P03728_N",0.75055534994652,1.30000000000001
"4813","P03732_C",1.15470053837925,2
"4814","P03732_E",10.6326541057881,21
"4815","P03732_N",6.43842630876004,12.6
"4816","P03737_C",2.71845544381364,5.30000000000001
"4817","P03737_E",13.4856714083257,23.7
"4818","P03737_N",13.2321577983336,26.3
"4819","P03738_C",15.1565167502299,28.6
"4820","P03738_E",13.742755667381,26.7
"4821","P03738_N",11.5902257671425,21
"4822","P03740_C",7.97642359289759,15.7
"4823","P03740_E",5.28488410468953,9.30000000000001
"4824","P03740_N",1.32790561913615,2.30000000000001
"4825","P03745_C",2.20529665426975,4.30000000000001
"4826","P03745_E",2.86181760425083,5.69999999999999
"4827","P03745_N",11.7542899969897,20.7
"4828","P03746_C",3.88115103201786,7.69999999999999
"4829","P03746_E",5.11175116765282,9
"4830","P03746_N",9.08423542921105,17.7
"4831","P03748_C",1.07857931249089,2
"4832","P03748_E",5.87054795852425,11.7
"4833","P03748_N",12.002222016499,23.6
"4834","P03750_C",1.91398362932741,3.69999999999999
"4835","P03750_E",10.0164864099144,19.7
"4836","P03750_N",1.55884572681198,2.69999999999999
"4837","P03751_C",10.1488915650922,20
"4838","P03751_E",54.2001230010904,102.4
"4839","P03751_N",2.01328918273887,4
"4840","P03753_C",0.577350269189626,1
"4841","P03753_E",8.50490054811538,16
"4842","P03753_N",6.8791956894199,13.3
"4843","P03755_C",35.7117627680293,63.3
"4844","P03755_E",5.52449092677326,10.6
"4845","P03755_N",2.67644042215278,5.30000000000001
"4846","P03756_C",4.23359579238895,8.30000000000001
"4847","P03756_E",1.96553639837407,3.69999999999999
"4848","P03756_N",3.04357246231025,5.69999999999999
"4849","P03757_C",1.96553639837407,3.69999999999999
"4850","P03757_E",2.36431808350737,4.39999999999998
"4851","P03757_N",0.75055534994652,1.30000000000001
"4852","P03759_C",3.05505046330389,6
"4853","P03759_E",5.17976833458794,9.69999999999999
"4854","P03759_N",2.60576284415908,4.69999999999999
"4855","P03768_C",8.37635561168062,16
"4856","P03768_E",6.75746500792518,13
"4857","P03768_N",8.44768212785812,16.3
"4858","P03769_C",1.36137185711082,2.60000000000002
"4859","P03769_E",2.13619599600162,4
"4860","P03769_N",2.88675134594813,5
"4861","P03770_C",6.02771377334171,12
"4862","P03770_E",8.81211287565776,16
"4863","P03770_N",2.13619599600162,4
"4864","P03771_C",12.5191852770058,25
"4865","P03771_E",4.86449723335653,9
"4866","P03771_N",4.69999999999999,9.39999999999998
"4867","P03772_C",3.00499584026334,6
"4868","P03772_E",1.01488915650922,2
"4869","P03772_N",3.55715241918777,6.60000000000002
"4870","P03775_C",1.66232768530556,3.30000000000001
"4871","P03775_E",20.0215716998774,39.3
"4872","P03775_N",33.3555092900708,66.7
"4873","P03777_C",4.84389650316079,9.30000000000001
"4874","P03777_E",0.503322295684718,1
"4875","P03777_N",3.56791255498225,7
"4876","P03778_C",1.15325625946709,2.30000000000001
"4877","P03778_E",1.52752523165195,3
"4878","P03778_N",2.64575131106459,5
"4879","P03780_C",36.5215461520091,63.8
"4880","P03780_E",5.89236794506249,10.4
"4881","P03780_N",2.81602556806575,5.30000000000001
"4882","P03781_C",NA,0
"4883","P03781_E",NA,0
"4884","P03781_N",NA,0
"4885","P03782_C",NA,0
"4886","P03782_E",NA,0
"4887","P03782_N",NA,0
"4888","P03783_C",NA,0
"4889","P03783_E",NA,0
"4890","P03783_N",NA,0
"4891","P03784_C",NA,-Inf
"4892","P03784_E",NA,-Inf
"4893","P03784_N",NA,-Inf
"4894","P03785_C",NA,0
"4895","P03785_E",NA,0
"4896","P03785_N",NA,0
"4897","P03786_C",NA,0
"4898","P03786_E",NA,0
"4899","P03786_N",NA,0
"4900","P03787_C",NA,-Inf
"4901","P03787_E",NA,-Inf
"4902","P03787_N",NA,-Inf
"4903","P03788_C",NA,0
"4904","P03788_E",NA,0
"4905","P03788_N",NA,0
"4906","P03901_C",3.46410161513775,6
"4907","P03901_E",4.2453896562428,8.30000000000001
"4908","P03901_N",1.40118997046558,2.69999999999999
"4909","P03904_C",4.71487009365052,9.30000000000001
"4910","P03904_E",3.16596483450675,6.30000000000001
"4911","P03904_N",8.44334057112467,15.4
"4912","P03905_C",1.05830052442584,2
"4913","P03905_E",1.74737898961081,3.39999999999998
"4914","P03905_N",2.218858565419,4.39999999999998
"4915","P03906_C",3.28075194632775,6
"4916","P03906_E",2.42693221990231,4.69999999999999
"4917","P03906_N",2.03059925473574,3.69999999999999
"4918","P03908_C",8.54575918219089,15.7
"4919","P03908_E",4.33166634603052,8.30000000000001
"4920","P03908_N",1.52752523165195,3
"4921","P03909_C",3.78593889720018,7
"4922","P03909_E",6.66058055527695,13.3
"4923","P03909_N",3.4828149534536,6.69999999999999
"4924","P03912_C",3,6
"4925","P03912_E",0.854400374531748,1.69999999999999
"4926","P03912_N",5.90959671494877,11.7
"4927","P03913_C",2.15174347913501,4.30000000000001
"4928","P03913_E",3.7,7.30000000000001
"4929","P03913_N",1.19303534454489,2.30000000000001
"4930","P03915_C",4.86449723335653,9
"4931","P03915_E",2.51661147842358,5
"4932","P03915_N",4.50037035513006,8.60000000000002
"4933","P03916_C",NA,0
"4934","P03916_E",NA,0
"4935","P03916_N",NA,0
"4936","P03918_C",NA,0
"4937","P03918_E",NA,0
"4938","P03918_N",NA,0
"4939","P03919_C",NA,0
"4940","P03919_E",NA,0
"4941","P03919_N",NA,0
"4942","P03922_C",6.35006561645888,12.7
"4943","P03922_E",3.66787858759437,7
"4944","P03922_N",3.99541403778548,7.69999999999999
"4945","P03923_C",1.7088007490635,3.39999999999998
"4946","P03923_E",5.52449092677326,10.6
"4947","P03923_N",1.91398362932741,3.69999999999999
"4948","P03924_C",2.80416357107308,5
"4949","P03924_E",0.981495457622357,1.69999999999999
"4950","P03924_N",2,4
"4951","P03928_C",5.10522608053095,9.30000000000001
"4952","P03928_E",3.85529938310027,7
"4953","P03928_N",2.86181760425083,5.69999999999999
"4954","P03929_C",1.30000000000001,2.60000000000002
"4955","P03929_E",2.97713508819021,5.30000000000001
"4956","P03929_N",5.63205113613149,11
"4957","P03930_C",2.70739727413618,5
"4958","P03930_E",3.44286702231342,6.39999999999998
"4959","P03930_N",1.25033328890074,2.30000000000001
"4960","P03931_C",2.08166599946613,4
"4961","P03931_E",2.16564078277078,4.30000000000001
"4962","P03931_N",5.51935986626469,11
"4963","P03934_C",1.07857931249089,2
"4964","P03934_E",2.01328918273887,4
"4965","P03934_N",1.15325625946709,2.30000000000001
"4966","P03935_C",7.21110255092798,14
"4967","P03935_E",5.01630674234873,10
"4968","P03935_N",7.50266619276109,14.6
"4969","P03937_C",1.47986485869487,2.69999999999999
"4970","P03937_E",2.60576284415908,4.69999999999999
"4971","P03937_N",2.20302821891443,4.39999999999998
"4972","P03938_C",2.32880512996114,4.30000000000001
"4973","P03938_E",2.65769323537035,4.69999999999999
"4974","P03938_N",4.13077878048842,7.30000000000001
"4975","P03940_C",3.0746273486934,5.60000000000002
"4976","P03940_E",13.9159381046817,26
"4977","P03940_N",3.80175398116888,7.60000000000002
"4978","P03942_C",4.2883563284783,8.39999999999998
"4979","P03942_E",4.04145188432738,7
"4980","P03942_N",1.01488915650922,2
"4981","P03943_C",4.70319040652193,9.39999999999998
"4982","P03943_E",1.87705443004014,3.69999999999999
"4983","P03943_N",1.47986485869487,2.69999999999999
"4984","P03944_C",2.47588368062798,4.69999999999999
"4985","P03944_E",1.52752523165195,3
"4986","P03944_N",1.58745078663875,3
"4987","P03947_C",2.17332310836041,4.30000000000001
"4988","P03947_E",2.42693221990231,4.69999999999999
"4989","P03947_N",2.41936630821655,4.60000000000002
"4990","P03948_C",2,4
"4991","P03948_E",8.64079471653698,16.5
"4992","P03948_N",3.50190424388408,7
"4993","P03950_C",1.66232768530556,3.30000000000001
"4994","P03950_E",1.35030860670193,2.69999999999999
"4995","P03950_N",2.17332310836041,4.30000000000001
"4996","P03951_C",1.20554275466833,2.39999999999998
"4997","P03951_E",5.27762572880395,9.60000000000002
"4998","P03951_N",1.90525588832577,3.30000000000001
"4999","P03952_C",1.85831464863551,3.39999999999998
"5000","P03952_E",0.981495457622357,1.69999999999999
"5001","P03952_N",1.79536440126602,3.39999999999998
"5002","P03955_C",0.173205080756894,0.300000000000011
"5003","P03955_E",0.854400374531748,1.69999999999999
"5004","P03955_N",1.01488915650922,2
"5005","P03957_C",1.02632028788937,2
"5006","P03957_E",0.907377172587738,1.69999999999999
"5007","P03957_N",0.230940107675837,0.399999999999977
"5008","P03958_C",4.72581562625261,9
"5009","P03958_E",4.53100430368368,8.30000000000001
"5010","P03958_N",3.05505046330389,6
"5011","P03959_C",0.513160143944687,1
"5012","P03959_E",0.513160143944687,1
"5013","P03959_N",4.11865673895426,8
"5014","P03961_C",0.351188458428418,0.699999999999989
"5015","P03961_E",1.7088007490635,3.39999999999998
"5016","P03961_N",2.73007936392576,5
"5017","P03963_C",2.90918086982115,5.80000000000001
"5018","P03963_E",3.47706773014274,6.30000000000001
"5019","P03963_N",1,2
"5020","P03964_C",0.650640709864776,1.30000000000001
"5021","P03964_E",2.20529665426975,4.30000000000001
"5022","P03964_N",1.82482875908947,3.30000000000001
"5023","P03966_C",0.346410161513789,0.600000000000023
"5024","P03966_E",1.90525588832577,3.30000000000001
"5025","P03966_N",0.173205080756894,0.300000000000011
"5026","P03967_C",0.351188458428418,0.699999999999989
"5027","P03967_E",3.09246395829173,6
"5028","P03967_N",3.20208265560608,6.39999999999998
"5029","P03968_C",2.00333056017557,3.80000000000001
"5030","P03968_E",1.7925772879665,3.19999999999999
"5031","P03968_N",2.65769323537036,5.30000000000001
"5032","P03971_C",0.173205080756894,0.300000000000011
"5033","P03971_E",0.75055534994652,1.30000000000001
"5034","P03971_N",2.08166599946613,4
"5035","P03973_C",0.404145188432731,0.699999999999989
"5036","P03973_E",1.73877351409934,3.30000000000001
"5037","P03973_N",1.35030860670193,2.69999999999999
"5038","P03975_C",0.721110255092788,1.39999999999998
"5039","P03975_E",4.15090351610346,8.30000000000001
"5040","P03975_N",3.56791255498225,7
"5041","P03977_C",4.76060220280305,8.69999999999999
"5042","P03977_E",2.50066657780147,5
"5043","P03977_N",2.63122278291544,4.69999999999999
"5044","P03978_C",2.37977589981353,4.69999999999999
"5045","P03978_E",0.404145188432731,0.699999999999989
"5046","P03978_N",1.01488915650922,2
"5047","P03979_C",1.35030860670193,2.69999999999999
"5048","P03979_E",2.08166599946613,4
"5049","P03979_N",1.36503968196288,2.69999999999999
"5050","P04302_C",5.39660387033672,10.4
"5051","P04302_E",11.0798616116508,22
"5052","P04302_N",3.90683162336609,7.69999999999999
"5053","P04303_C",5.29150262212918,10
"5054","P04303_E",5.60832714214616,10
"5055","P04303_N",8.94725283723074,17.6
"5056","P04305_C",7.10844568101917,13.3
"5057","P04305_E",7.4741777697171,14.7
"5058","P04305_N",4.55302097513288,9
"5059","P04307_C",NA,0
"5060","P04307_E",NA,0
"5061","P04307_N",NA,0
"5062","P04308_C",3.77226722277201,7.30000000000001
"5063","P04308_E",4.78156180900481,9
"5064","P04308_N",4.32666153055678,8.39999999999998
"5065","P04310_C",3.72200662725542,7.39999999999998
"5066","P04310_E",4.71734388542252,9.39999999999998
"5067","P04310_N",4.2027768598075,8.30000000000001
"5068","P04311_C",4.9662192192183,9.69999999999999
"5069","P04311_E",5.01630674234873,10
"5070","P04311_N",6.50102556011998,13
"5071","P04313_C",3.20780298646908,5.69999999999999
"5072","P04313_E",4.6184412955022,9
"5073","P04313_N",6.28649345820067,12.4
"5074","P04315_C",5.46168472176856,10.3
"5075","P04315_E",6.08714492462053,11.6
"5076","P04315_N",8.42931393016855,14.6
"5077","P04317_C",4.67582434799826,9
"5078","P04317_E",6.00444279957211,12
"5079","P04317_N",7.67224434786415,15
"5080","P04319_C",4.95176736125597,9.39999999999998
"5081","P04319_E",3.90683162336609,7.69999999999999
"5082","P04319_N",4.9662192192183,9.69999999999999
"5083","P04320_C",7.33234841870825,13.3
"5084","P04320_E",6.48562513049692,11.7
"5085","P04320_N",6.90096611593864,13.7
"5086","P04323_C",3.85097390279394,7.69999999999999
"5087","P04323_E",1.05830052442584,2
"5088","P04323_N",2.54034118443434,4.39999999999998
"5089","P04324_C",2.218858565419,4.39999999999998
"5090","P04324_E",3.93954312071845,7.60000000000002
"5091","P04324_N",2.80416357107308,5
"5092","P04325_C",2.80416357107308,5
"5093","P04325_E",2.42693221990231,4.69999999999999
"5094","P04325_N",2.00748598998847,4
"5095","P04327_C",4.10528115155751,8
"5096","P04327_E",5.13160143944688,10
"5097","P04327_N",3.80175398116888,7.60000000000002
"5098","P04328_C",3.70405183549043,7
"5099","P04328_E",4.50924975282289,9
"5100","P04328_N",3.13900196453162,6
"5101","P04329_C",3.00499584026334,6
"5102","P04329_E",6.69054058603139,12.7
"5103","P04329_N",4.41927595879686,8.69999999999999
"5104","P04333_C",3.66924152016917,7.30000000000001
"5105","P04333_E",3.13900196453162,6
"5106","P04333_N",2.35867194271126,4.69999999999999
"5107","P04334_C",1.50443787951957,3
"5108","P04334_E",2.50266524595946,5
"5109","P04334_N",1.79536440126602,3.39999999999998
"5110","P04335_C",3.35608899365516,6.69999999999999
"5111","P04335_E",4.33474336033865,7.69999999999999
"5112","P04335_N",2.71845544381364,5.30000000000001
"5113","P04338_C",3.77226722277201,7.30000000000001
"5114","P04338_E",3.95769293065206,7
"5115","P04338_N",3.21921315438002,6.30000000000001
"5116","P04339_C",14.3305035966407,28
"5117","P04339_E",1.96299091524471,3.39999999999998
"5118","P04339_N",3.8940124978399,7.30000000000001
"5119","P04340_C",NA,0
"5120","P04340_E",NA,0
"5121","P04340_N",NA,0
"5122","P04341_C",NA,0
"5123","P04341_E",NA,0
"5124","P04341_N",NA,0
"5125","P04344_C",1.4142135623731,2
"5126","P04344_E",1.4142135623731,2
"5127","P04344_N",0,0
"5128","P04345_C",3.65102725270574,7
"5129","P04345_E",0.721110255092788,1.39999999999998
"5130","P04345_N",2.3094010767585,4
"5131","P04348_C",2.59422435421457,5
"5132","P04348_E",2.51661147842358,5
"5133","P04348_N",4.50037035513004,8.39999999999998
"5134","P04349_C",0.513160143944687,1
"5135","P04349_E",1.96553639837407,3.69999999999999
"5136","P04349_N",0.721110255092788,1.39999999999998
"5137","P04350_C",1.4142135623731,2
"5138","P04350_E",3.74766594028871,5.30000000000001
"5139","P04350_N",1.83847763108504,2.60000000000002
"5140","P04352_C",1.7578395831247,3.30000000000001
"5141","P04352_E",1.73205080756888,3
"5142","P04352_N",1.56950098226581,3
"5143","P04353_C",3.0199337741083,6
"5144","P04353_E",2.47588368062798,4.69999999999999
"5145","P04353_N",1.50443787951957,3
"5146","P04354_C",0.300000000000011,0.600000000000023
"5147","P04354_E",1.36137185711082,2.60000000000002
"5148","P04354_N",1.01488915650922,2
"5149","P04356_C",1.82482875908947,3.30000000000001
"5150","P04356_E",0.907377172587738,1.69999999999999
"5151","P04356_N",0.404145188432731,0.699999999999989
"5152","P04358_C",2.92631736715847,5.69999999999999
"5153","P04358_E",2.04042479237372,4
"5154","P04358_N",5.67655999116837,11.3
"5155","P04359_C",1.40118997046558,2.69999999999999
"5156","P04359_E",4.31895048979881,8.60000000000002
"5157","P04359_N",3.53034464795342,7
"5158","P04361_C",0.513160143944687,1
"5159","P04361_E",1.40118997046558,2.69999999999999
"5160","P04361_N",1.50111069989303,3
"5161","P04362_C",1.36503968196288,2.69999999999999
"5162","P04362_E",0.907377172587738,1.69999999999999
"5163","P04362_N",2.41315837303177,4.69999999999999
"5164","P04365_C",2.51661147842358,5
"5165","P04365_E",4.89523577913602,9.30000000000001
"5166","P04365_N",4.85077313425396,9.69999999999999
"5167","P04366_C",0.173205080756894,0.300000000000011
"5168","P04366_E",2.57940561628708,5
"5169","P04366_N",6.48254065419827,12.3
"5170","P04368_C",2.22785397486759,4
"5171","P04368_E",1.40118997046558,2.69999999999999
"5172","P04368_N",3.77226722277201,7.30000000000001
"5173","P04369_C",0.888819441731556,1.69999999999999
"5174","P04369_E",3.85097390279394,7.69999999999999
"5175","P04369_N",13.5469553775009,24.4
"5176","P04371_C",1.32790561913615,2.30000000000001
"5177","P04371_E",1.19303534454489,2.30000000000001
"5178","P04371_N",0.503322295684718,1
"5179","P04372_C",0.981495457622357,1.69999999999999
"5180","P04372_E",1.65227116418583,3
"5181","P04372_N",1.36503968196288,2.69999999999999
"5182","P04375_C",1.56950098226581,3
"5183","P04375_E",2.13619599600162,4
"5184","P04375_N",0.300000000000011,0.600000000000023
"5185","P04378_C",2.60576284415908,4.69999999999999
"5186","P04378_E",3.10698138606161,6
"5187","P04378_N",2.3094010767585,4
"5188","P04379_C",1.36503968196288,2.69999999999999
"5189","P04379_E",2.04042479237372,4
"5190","P04379_N",2.4826061575154,4.30000000000001
"5191","P04380_C",1.58745078663875,3
"5192","P04380_E",2.43310501211928,4.39999999999998
"5193","P04380_N",1.01488915650922,2
"5194","P04402_C",4.63177431804846,9
"5195","P04402_E",5.3538148392836,10.7
"5196","P04402_N",4.95210392998102,9.30000000000001
"5197","P04404_C",3.69097999633341,7.30000000000001
"5198","P04404_E",4.61121820491433,8.69999999999999
"5199","P04404_N",5.75007246331151,10.7
"5200","P04405_C",7.82496006379585,14.7
"5201","P04405_E",5.06491197685937,9.60000000000002
"5202","P04405_N",5.35007788105307,10.7
"5203","P04406_C",3.16596483450675,6.30000000000001
"5204","P04406_E",3.89743505398103,7.60000000000002
"5205","P04406_N",5.5075705472861,10
"5206","P04408_C",4.97225636239055,9.30000000000001
"5207","P04408_E",6.29523629421486,12
"5208","P04408_N",4.40719109335337,8.19999999999999
"5209","P04410_C",4.13077878048842,7.30000000000001
"5210","P04410_E",8.82741940395569,17.3
"5211","P04410_N",4.70319040652195,8.60000000000002
"5212","P04416_C",11.5325625946708,23
"5213","P04416_E",6.20671679177755,12.3
"5214","P04416_N",5.78129166651653,10.6
"5215","P04417_C",9.00129620295506,17.4
"5216","P04417_E",5.68624070307733,11
"5217","P04417_N",6.36107957294462,12.7
"5218","P04418_C",6.88573404462686,12.8
"5219","P04418_E",5.17815926110171,9.80000000000001
"5220","P04418_N",6.00583050043873,11.6
"5221","P04421_C",4.55302097513288,9
"5222","P04421_E",3.74477413649118,7.39999999999998
"5223","P04421_N",3.51046055857821,6.39999999999998
"5224","P04422_C",4.29301758673313,8
"5225","P04422_E",3.18799832705937,6.30000000000001
"5226","P04422_N",5.17976833458794,9.69999999999999
"5227","P04425_C",5.51543289325508,7.80000000000001
"5228","P04425_E",5.23259018078044,7.39999999999998
"5229","P04425_N",4.59619407771256,6.5
"5230","P04426_C",4,8
"5231","P04426_E",6.24206162524317,12.3
"5232","P04426_N",1.36503968196288,2.69999999999999
"5233","P04427_C",3.55387112878338,6.30000000000001
"5234","P04427_E",3.38082830087539,6
"5235","P04427_N",3.73229152130431,7.30000000000001
"5236","P04428_C",2.75771644662752,3.89999999999998
"5237","P04428_E",6.78822509939087,9.60000000000002
"5238","P04428_N",4.73761543394986,6.69999999999999
"5239","P04431_C",4.87476495159852,9.69999999999999
"5240","P04431_E",4,8
"5241","P04431_N",3.0199337741083,6
"5242","P04432_C",6.53681879816169,13
"5243","P04432_E",4.12189276910498,7.69999999999999
"5244","P04432_N",1.69213868619961,3.30000000000001
"5245","P04434_C",5.24595081944159,10.4
"5246","P04434_E",3.49618840072062,6.60000000000002
"5247","P04434_N",4.10528115155751,8
"5248","P04436_C",5.13160143944688,10
"5249","P04436_E",5.09542278258962,10
"5250","P04436_N",4.50924975282289,9
"5251","P04437_C",6.86464371495953,13.3
"5252","P04437_E",2.65769323537036,5.30000000000001
"5253","P04437_N",3.78593889720018,7
"5254","P04439_C",5.50030302195555,11
"5255","P04439_E",2.51661147842358,5
"5256","P04439_N",5.80201114557128,11
"5257","P04441_C",3.65558932777376,7.30000000000001
"5258","P04441_E",2.64575131106459,5
"5259","P04441_N",4.50777106783386,8
"5260","P04444_C",4.36501240929891,8.60000000000002
"5261","P04444_E",4.67582434799826,9
"5262","P04444_N",8.01020182850178,16
"5263","P04445_C",5.68887803818409,10.7
"5264","P04445_E",3.93234450847498,7.5
"5265","P04445_N",7.37495762699691,14.7
"5266","P04446_C",3.65558932777376,7.30000000000001
"5267","P04446_E",3.72200662725542,7.39999999999998
"5268","P04446_N",3.28075194632775,6
"5269","P04448_C",2.93087017795058,5.60000000000002
"5270","P04448_E",2.371356854911,4.60000000000002
"5271","P04448_N",2.218858565419,4.39999999999998
"5272","P04450_C",3.77226722277201,7.30000000000001
"5273","P04450_E",4.40340777126081,8.80000000000001
"5274","P04450_N",3.66105631387082,7.10000000000002
"5275","P04451_C",4.16333199893227,8
"5276","P04451_E",4.62853468533329,8.30000000000001
"5277","P04451_N",7.41147758547511,14.7
"5278","P04452_C",4.50148123769647,9
"5279","P04452_E",2.81484161780612,5.60000000000002
"5280","P04452_N",6.52099174461471,12.4
"5281","P04453_C",12.1763431839503,23.7
"5282","P04453_E",12.7389167514353,24.2
"5283","P04453_N",4.71593044902063,9.19999999999999
"5284","P04456_C",3.30454232837166,6
"5285","P04456_E",6.52099174461471,12.4
"5286","P04456_N",7.71556867638413,13.7
"5287","P04457_C",1.4224392195568,2.60000000000002
"5288","P04457_E",0.763762615825973,1.5
"5289","P04457_N",4.44109596083368,8.39999999999998
"5290","P04458_C",4.38786204584114,8.39999999999998
"5291","P04458_E",5.65361241449513,11.3
"5292","P04458_N",3.89743505398103,7.60000000000002
"5293","P04461_C",2.81602556806575,5.30000000000001
"5294","P04461_E",1.19303534454489,2.30000000000001
"5295","P04461_N",2.3501772982763,4.69999999999999
"5296","P04462_C",4.55668007801001,8.69999999999999
"5297","P04462_E",1.38564064605509,2.39999999999998
"5298","P04462_N",3.51188458428425,7
"5299","P04463_C",6.15873363606513,11
"5300","P04463_E",5.90931468107765,11.4
"5301","P04463_N",4.895235779136,9.69999999999999
"5302","P04466_C",4.22532050066421,8.39999999999998
"5303","P04466_E",2.9022979401387,5.30000000000001
"5304","P04466_N",2.67644042215278,5.30000000000001
"5305","P04468_C",1.36503968196288,2.69999999999999
"5306","P04468_E",1.85202591774521,3.69999999999999
"5307","P04468_N",0.513160143944687,1
"5308","P04470_C",1.73877351409934,3.30000000000001
"5309","P04470_E",1.50443787951957,3
"5310","P04470_N",2.50066657780147,5
"5311","P04471_C",7.81024967590665,14
"5312","P04471_E",4.73532821812102,9.39999999999998
"5313","P04471_N",4.53468117218105,8
"5314","P04473_C",1.32790561913615,2.30000000000001
"5315","P04473_E",2.54230866208911,5
"5316","P04473_N",3.35608899365516,6.69999999999999
"5317","P04474_C",1.19303534454489,2.30000000000001
"5318","P04474_E",0.721110255092788,1.39999999999998
"5319","P04474_N",1.30000000000001,2.60000000000002
"5320","P04476_C",2.41315837303177,4.69999999999999
"5321","P04476_E",2.30651251893415,4.39999999999998
"5322","P04476_N",2,4
"5323","P04479_C",0.635085296108602,1.10000000000002
"5324","P04479_E",1.01488915650922,2
"5325","P04479_N",2.68576494379782,5
"5326","P04480_C",2.47588368062798,4.69999999999999
"5327","P04480_E",3.05505046330389,6
"5328","P04480_N",2.25018517756503,4.30000000000001
"5329","P04481_C",NA,0
"5330","P04481_E",NA,0
"5331","P04481_N",NA,0
"5332","P04501_C",3.38082830087539,6
"5333","P04501_E",1.87705443004014,3.69999999999999
"5334","P04501_N",2.57940561628708,5
"5335","P04503_C",0.650640709864776,1.30000000000001
"5336","P04503_E",3.89743505398103,7.60000000000002
"5337","P04503_N",2.04042479237372,4
"5338","P04505_C",3.04357246231025,5.69999999999999
"5339","P04505_E",3.02709982216202,6
"5340","P04505_N",15.9478316185409,31
"5341","P04506_C",4.63177431804846,9
"5342","P04506_E",4.08533964316309,7.39999999999998
"5343","P04506_N",3.38575447032613,6.30000000000001
"5344","P04507_C",4.71487009365052,9.30000000000001
"5345","P04507_E",3.27414110874897,6.39999999999998
"5346","P04507_N",9.19945650568554,18
"5347","P04510_C",5.08461732417823,10
"5348","P04510_E",1,2
"5349","P04510_N",2.30651251893415,4.39999999999998
"5350","P04513_C",8.54712427272082,15
"5351","P04513_E",9.8488578017961,19
"5352","P04513_N",4.71487009365052,9.30000000000001
"5353","P04514_C",1.66232768530556,3.30000000000001
"5354","P04514_E",1.02632028788937,2
"5355","P04514_N",4.02036482589992,8
"5356","P04515_C",4.0698075302566,8
"5357","P04515_E",3.43947670438396,6.69999999999999
"5358","P04515_N",4.16333199893227,8
"5359","P04516_C",3.95769293065207,7.30000000000001
"5360","P04516_E",1.52752523165195,3
"5361","P04516_N",5.88755750148848,11.7
"5362","P04517_C",0.300000000000011,0.600000000000023
"5363","P04517_E",8.35244475188751,16.7
"5364","P04517_N",8.26559132790873,16
"5365","P04518_C",5,10
"5366","P04518_E",10.3548700297654,20.3
"5367","P04518_N",1.00664459136943,2
"5368","P04521_C",3.95769293065207,7.30000000000001
"5369","P04521_E",4.7920072342739,8.30000000000001
"5370","P04521_N",1.35030860670193,2.69999999999999
"5371","P04524_C",8.85738862946259,16.4
"5372","P04524_E",3.18799832705937,6.30000000000001
"5373","P04524_N",8.52818855326264,17
"5374","P04525_C",7.52684086010414,14.4
"5375","P04525_E",11.1545207576719,22.3
"5376","P04525_N",4.61121820491433,8.69999999999999
"5377","P04527_C",8.37376856618332,15.4
"5378","P04527_E",2.40069434400412,4.30000000000001
"5379","P04527_N",40.6217921810449,71
"5380","P04528_C",1.90525588832577,3.30000000000001
"5381","P04528_E",3.88115103201786,7.69999999999999
"5382","P04528_N",1.40118997046558,2.69999999999999
"5383","P04529_C",11.1099054901471,22
"5384","P04529_E",4.58257569495584,9
"5385","P04529_N",6.09289203361862,10.7
"5386","P04532_C",10.8744348512157,21.6
"5387","P04532_E",17.292291153382,32.6
"5388","P04532_N",5.56776436283002,11
"5389","P04534_C",3.47706773014274,6.30000000000001
"5390","P04534_E",4.78156180900481,9
"5391","P04534_N",3.61432335760558,6.69999999999999
"5392","P04535_C",8.50490054811538,17
"5393","P04535_E",15.0111069989303,30
"5394","P04535_N",8.28029790124325,16
"5395","P04536_C",5.68008215903022,10.3
"5396","P04536_E",2.9022979401387,5.30000000000001
"5397","P04536_N",1.87705443004014,3.69999999999999
"5398","P04537_C",5.59732078766261,11
"5399","P04537_E",13.1525662895117,26.3
"5400","P04537_N",3.29089653438086,5.69999999999999
"5401","P04539_C",0.351188458428418,0.699999999999989
"5402","P04539_E",0.808290376865463,1.39999999999998
"5403","P04539_N",11.563736420379,23
"5404","P04541_C",3.15013227235515,5.60000000000002
"5405","P04541_E",1.31148770486041,2.60000000000002
"5406","P04541_N",2.89194283023252,5.69999999999999
"5407","P04542_C",6.11991285341005,10.6
"5408","P04542_E",10.0480512206762,20
"5409","P04542_N",17.9607906284774,35.7
"5410","P04545_C",10.4083299973307,20
"5411","P04545_E",7.10774225756675,12.6
"5412","P04545_N",2.218858565419,4.39999999999998
"5413","P04546_C",5.94670777265314,11.7
"5414","P04546_E",5.35630469633683,10.3
"5415","P04546_N",3.55387112878338,6.30000000000001
"5416","P04547_C",5.27762572880395,9.60000000000002
"5417","P04547_E",2.71354626519123,4.69999999999999
"5418","P04547_N",4.50037035513006,8.60000000000002
"5419","P04550_C",4.16333199893227,8
"5420","P04550_E",3.09246395829173,6
"5421","P04550_N",6.53171748725657,12.7
"5422","P04552_C",2.13619599600161,3.69999999999999
"5423","P04552_E",8.86359595950388,17.3
"5424","P04552_N",3.7233497463082,7
"5425","P04553_C",1.9287301521986,3.60000000000002
"5426","P04553_E",5.3631458430042,10.7
"5427","P04553_N",2.30651251893417,4.60000000000002
"5428","P04555_C",3.87986254052038,7
"5429","P04555_E",2.77848879788997,5
"5430","P04555_N",9.01849950564579,18
"5431","P04556_C",NA,0
"5432","P04556_E",NA,0
"5433","P04556_N",NA,0
"5434","P04557_C",NA,0
"5435","P04557_E",NA,0
"5436","P04557_N",NA,0
"5437","P04560_C",2.30723499742297,4.30000000000001
"5438","P04560_E",13.4208792558461,24.6
"5439","P04560_N",3.44286702231344,6.60000000000002
"5440","P04563_C",NA,0
"5441","P04563_E",NA,0
"5442","P04563_N",NA,0
"5443","P04564_C",NA,0
"5444","P04564_E",NA,0
"5445","P04564_N",NA,0
"5446","P04565_C",NA,0
"5447","P04565_E",NA,0
"5448","P04565_N",NA,0
"5449","P04567_C",NA,0
"5450","P04567_E",NA,0
"5451","P04567_N",NA,0
"5452","P04569_C",NA,0
"5453","P04569_E",NA,0
"5454","P04569_N",NA,0
"5455","P04570_C",NA,0
"5456","P04570_E",NA,0
"5457","P04570_N",NA,0
"5458","P04571_C",NA,0
"5459","P04571_E",NA,0
"5460","P04571_N",NA,0
"5461","P04573_C",NA,0
"5462","P04573_E",NA,0
"5463","P04573_N",NA,0
"5464","P04574_C",NA,0
"5465","P04574_E",NA,0
"5466","P04574_N",NA,0
"5467","P04576_C",NA,0
"5468","P04576_E",NA,0
"5469","P04576_N",NA,0
"5470","P04578_C",NA,0
"5471","P04578_E",NA,0
"5472","P04578_N",NA,0
"5473","P04579_C",NA,0
"5474","P04579_E",NA,0
"5475","P04579_N",NA,0
"5476","P04581_C",NA,0
"5477","P04581_E",NA,0
"5478","P04581_N",NA,0
"5479","P04582_C",NA,0
"5480","P04582_E",NA,0
"5481","P04582_N",NA,0
"5482","P04583_C",NA,0
"5483","P04583_E",NA,0
"5484","P04583_N",NA,0
"5485","P04584_C",NA,0
"5486","P04584_E",NA,0
"5487","P04584_N",NA,0
"5488","P04585_C",NA,0
"5489","P04585_E",NA,0
"5490","P04585_N",NA,0
"5491","P04586_C",NA,0
"5492","P04586_E",NA,0
"5493","P04586_N",NA,0
"5494","P04587_C",NA,0
"5495","P04587_E",NA,0
"5496","P04587_N",NA,0
"5497","P04588_C",NA,0
"5498","P04588_E",NA,0
"5499","P04588_N",NA,0
"5500","P04589_C",NA,0
"5501","P04589_E",NA,0
"5502","P04589_N",NA,0
"5503","P04590_C",NA,0
"5504","P04590_E",NA,0
"5505","P04590_N",NA,0
"5506","P04591_C",NA,0
"5507","P04591_E",NA,0
"5508","P04591_N",NA,0
"5509","P04702_C",NA,0
"5510","P04702_E",NA,0
"5511","P04702_N",NA,0
"5512","P04703_C",NA,0
"5513","P04703_E",NA,0
"5514","P04703_N",NA,0
"5515","P04704_C",NA,0
"5516","P04704_E",NA,0
"5517","P04704_N",NA,0
"5518","P04707_C",2.70739727413618,5
"5519","P04707_E",4.00374824383352,8
"5520","P04707_N",3.37095436535906,6.69999999999999
"5521","P04711_C",15.1832144159266,29
"5522","P04711_E",9.4161209281388,18.3
"5523","P04711_N",15.0320768137118,30
"5524","P04714_C",16.6572306621879,29
"5525","P04714_E",14.7974096832295,28
"5526","P04714_N",16.4536723357837,32.3
"5527","P04715_C",16.2189189939815,30.4
"5528","P04715_E",18.4477640921603,33.6
"5529","P04715_N",17.3155999029777,34
"5530","P04716_C",6.65832811847939,13
"5531","P04716_E",8.46541985570316,15
"5532","P04716_N",3.85875627631494,7.69999999999999
"5533","P04717_C",8.44511693228698,16.6
"5534","P04717_E",6,12
"5535","P04717_N",8.88819441731559,17
"5536","P04720_C",3.65558932777376,7.30000000000001
"5537","P04720_E",4.87476495159852,9.69999999999999
"5538","P04720_N",6.80685928555405,13
"5539","P04722_C",NA,0
"5540","P04722_E",NA,0
"5541","P04722_N",NA,0
"5542","P04723_C",NA,0
"5543","P04723_E",NA,0
"5544","P04723_N",NA,0
"5545","P04724_C",NA,0
"5546","P04724_E",NA,0
"5547","P04724_N",NA,0
"5548","P04731_C",3.86307304271266,7.69999999999999
"5549","P04731_E",2.35867194271126,4.69999999999999
"5550","P04731_N",3.13900196453162,6
"5551","P04732_C",3.81968585095686,7.30000000000001
"5552","P04732_E",3.51046055857821,6.39999999999998
"5553","P04732_N",9.87235196563277,19.7
"5554","P04735_C",5.41479454827236,10
"5555","P04735_E",3.65011415346608,7.30000000000001
"5556","P04735_N",5.29748367938339,10.3
"5557","P04737_C",14.5716619962629,27
"5558","P04737_E",13.6172684485546,26.7
"5559","P04737_N",12.4001344078737,22.7
"5560","P04739_C",20.6485673433615,37.3
"5561","P04739_E",16.9858764860693,31.6
"5562","P04739_N",17.4077568916848,32.7
"5563","P04740_C",18.9058192099681,33.7
"5564","P04740_E",15.7616623488768,27.3
"5565","P04740_N",20.2467281307376,37.3
"5566","P04746_C",8.48312049503798,15.3
"5567","P04746_E",3.8626415831656,7.60000000000002
"5568","P04746_N",1.73877351409934,3.30000000000001
"5569","P04747_C",2.03059925473574,3.69999999999999
"5570","P04747_E",1.62890556304942,3
"5571","P04747_N",3.50190424388408,7
"5572","P04748_C",1.82482875908947,3.30000000000001
"5573","P04748_E",1.52752523165195,3
"5574","P04748_N",6.66058055527695,13.3
"5575","P04752_C",9.77701385904714,18.7
"5576","P04752_E",4.84286416631041,9
"5577","P04752_N",3.61432335760558,6.69999999999999
"5578","P04753_C",4.12189276910498,7.69999999999999
"5579","P04753_E",4.33166634603052,8.30000000000001
"5580","P04753_N",8.50490054811538,17
"5581","P04754_C",4.2027768598075,8.30000000000001
"5582","P04754_E",2.73007936392576,5.39999999999998
"5583","P04754_N",5.01231815962768,9.60000000000002
"5584","P04756_C",8.52818855326264,17
"5585","P04756_E",10.8610926399388,21.7
"5586","P04756_N",5.80201114557128,11
"5587","P04757_C",9.21212968500408,18.3
"5588","P04757_E",10.0724045457544,18.6
"5589","P04757_N",10.2256214155098,20.3
"5590","P04759_C",8.80473357537487,17.6
"5591","P04759_E",6.08714492462051,11.4
"5592","P04759_N",10.0430738986295,18.7
"5593","P04761_C",NA,0
"5594","P04761_E",NA,0
"5595","P04761_N",NA,0
"5596","P04764_C",NA,0
"5597","P04764_E",NA,0
"5598","P04764_N",NA,0
"5599","P04765_C",7.99082807557096,15.4
"5600","P04765_E",NA,0
"5601","P04765_N",NA,0.600000000000023
"5602","P04766_C",2.71354626519123,4.69999999999999
"5603","P04766_E",10.2143689640297,19
"5604","P04766_N",6.02107410129899,11.6
"5605","P04767_C",5.68624070307733,11
"5606","P04767_E",0.513160143944687,1
"5607","P04767_N",4.05257120027932,7.30000000000001
"5608","P04770_C",NA,5.60000000000002
"5609","P04770_E",NA,4.39999999999998
"5610","P04770_N",NA,5
"5611","P04772_C",4.10040648391514,7.19999999999999
"5612","P04772_E",6.8156682235371,12
"5613","P04772_N",4.7920072342739,8.30000000000001
"5614","P04773_C",5.12152321092074,9.69999999999999
"5615","P04773_E",4.78434948556228,9.30000000000001
"5616","P04773_N",2.70554985169373,5.39999999999998
"5617","P04774_C",8.51586754241752,16.6
"5618","P04774_E",7.46458304260862,14.6
"5619","P04774_N",7.37111479583199,14
"5620","P04777_C",5.86202467866976,11.7
"5621","P04777_E",4.12189276910498,7.69999999999999
"5622","P04777_N",7.18076133382341,14.3
"5623","P04778_C",3.77535870260473,7.39999999999998
"5624","P04778_E",6.72482961370273,13.4
"5625","P04778_N",8.40178552451798,14.7
"5626","P04780_C",5.05206228517952,9.69999999999999
"5627","P04780_E",5.87054795852425,11.7
"5628","P04780_N",4.55302097513288,9
"5629","P04781_C",NA,0
"5630","P04781_E",NA,0
"5631","P04781_N",NA,0
"5632","P04782_C",NA,0
"5633","P04782_E",NA,0
"5634","P04782_N",NA,0
"5635","P04783_C",NA,0
"5636","P04783_E",NA,0
"5637","P04783_N",NA,0
"5638","P04784_C",NA,0
"5639","P04784_E",NA,0
"5640","P04784_N",NA,0
"5641","P04786_C",NA,0
"5642","P04786_E",NA,0
"5643","P04786_N",NA,0
"5644","P05001_C",2.3094010767585,4
"5645","P05001_E",2.57940561628708,5
"5646","P05001_N",3.2331615074619,5.59999999999999
"5647","P05002_C",0.513160143944689,1
"5648","P05002_E",1.65025250593154,3.3
"5649","P05002_N",0.351188458428426,0.700000000000003
"5650","P05003_C",2.9022979401387,5.3
"5651","P05003_E",3.11769145362398,5.40000000000001
"5652","P05003_N",5.74920284329344,11
"5653","P05004_C",1.15470053837925,2
"5654","P05004_E",1.15325625946708,2.3
"5655","P05004_N",8.17088326518824,14.3
"5656","P05005_C",2.50266524595946,5
"5657","P05005_E",4.35889894354067,8
"5658","P05005_N",0.850490054811536,1.59999999999999
"5659","P05006_C",5.20800665642175,9.59999999999999
"5660","P05006_E",1.0785793124909,2
"5661","P05006_N",3.64965751817894,6.60000000000001
"5662","P05007_C",1.87705443004014,3.69999999999999
"5663","P05007_E",4.86449723335653,9
"5664","P05007_N",4.18688428309166,7.69999999999999
"5665","P05008_C",3.18799832705937,6.3
"5666","P05008_E",5.23672925912094,9.40000000000001
"5667","P05008_N",2.02977831301844,4
"5668","P05009_C",5.27762572880394,9.59999999999999
"5669","P05009_E",6.35321440952006,12.7
"5670","P05009_N",4.00374824383352,8
"5671","P05012_C",0.577350269189626,1
"5672","P05012_E",1.28582010146573,2.40000000000001
"5673","P05012_N",1.23423390543824,2.40000000000001
"5674","P05018_C",0.850490054811536,1.59999999999999
"5675","P05018_E",3.7322915213043,7.3
"5676","P05018_N",2.35867194271127,4.7
"5677","P05024_C",1.50111069989303,3
"5678","P05024_E",3,6
"5679","P05024_N",5.11175116765282,9
"5680","P05025_C",1.50111069989303,3
"5681","P05025_E",3.81094913811945,7.60000000000001
"5682","P05025_N",0.351188458428426,0.700000000000003
"5683","P05026_C",7.88859936870925,14
"5684","P05026_E",2.08166599946613,4
"5685","P05026_N",4.73849483837783,8.40000000000001
"5686","P05027_C",3.30454232837166,6.59999999999999
"5687","P05027_E",4.08084958474744,8
"5688","P05027_N",7.52684086010415,14.4
"5689","P05028_C",5.6888780381841,10.7
"5690","P05028_E",4.50814078455114,8.7
"5691","P05028_N",5.30282943342514,10.6
"5692","P05030_C",2.87923600977759,5.3
"5693","P05030_E",3.21455025366432,6
"5694","P05030_N",2.59422435421457,5
"5695","P05033_C",2.76224546338663,5.3
"5696","P05033_E",7.59363768778398,13.3
"5697","P05033_N",2.41315837303177,4.7
"5698","P05034_C",2.70739727413618,5
"5699","P05034_E",9.91581228812513,19.3
"5700","P05034_N",3.4828149534536,6.7
"5701","P05036_C",1,2
"5702","P05036_E",2.51661147842358,5
"5703","P05036_N",3.16596483450675,6.3
"5704","P05037_C",5.33135379930213,10.6
"5705","P05037_E",4.25793377120876,7.7
"5706","P05037_N",1.96553639837408,3.7
"5707","P05040_C",6.93757882838098,13
"5708","P05040_E",3.7322915213043,7.3
"5709","P05040_N",4.66511879091341,9.30000000000001
"5710","P05041_C",3.87986254052039,7
"5711","P05041_E",3.09246395829173,6
"5712","P05041_N",5.92143000746723,11
"5713","P05042_C",1.07857931249089,2
"5714","P05042_E",1.36503968196289,2.7
"5715","P05042_N",3.85097390279394,7.7
"5716","P05044_C",6.49332991101895,12
"5717","P05044_E",2.33523731841826,4.59999999999999
"5718","P05044_N",1.69213868619961,3.3
"5719","P05045_C",5.38423625038872,10.7
"5720","P05045_E",3.21299444962691,6.40000000000001
"5721","P05045_N",3.09246395829173,6
"5722","P05046_C",2.16564078277077,4.3
"5723","P05046_E",3.53836120259083,7
"5724","P05046_N",2.00748598998847,4
"5725","P05047_C",4.02036482589992,8
"5726","P05047_E",7.22933837452179,14.3
"5727","P05047_N",4.61880215351701,8
"5728","P05048_C",4.16333199893227,8
"5729","P05048_E",4.87476495159852,9.7
"5730","P05048_N",1.3114877048604,2.59999999999999
"5731","P05049_C",3.68284310463171,6.7
"5732","P05049_E",3.00499584026334,6
"5733","P05049_N",4.52990066116245,9
"5734","P05050_C",1.86815416922694,3.7
"5735","P05050_E",2.30651251893416,4.59999999999999
"5736","P05050_N",1.99749843554382,3.59999999999999
"5737","P05052_C",2.67644042215278,5.3
"5738","P05052_E",1.15325625946708,2.3
"5739","P05052_N",2.64575131106459,5
"5740","P05053_C",8.01020182850178,16
"5741","P05053_E",0.513160143944689,1
"5742","P05053_N",3.70405183549043,7
"5743","P05058_C",1.15325625946708,2.3
"5744","P05058_E",2.35867194271127,4.7
"5745","P05058_N",12.1968575187764,24.3
"5746","P05059_C",7.24729834720037,12.7
"5747","P05059_E",0.850490054811536,1.59999999999999
"5748","P05059_N",3.51188458428425,7
"5749","P05063_C",1.92873015219859,3.59999999999999
"5750","P05063_E",3,6
"5751","P05063_N",3.81968585095685,7.3
"5752","P05067_C",4.80138868800823,9.60000000000001
"5753","P05067_E",3.04357246231026,5.7
"5754","P05067_N",2.71354626519123,4.69999999999999
"5755","P05068_C",11.5857671304062,22
"5756","P05068_E",5.67655999116836,11.3
"5757","P05068_N",4.72581562625261,9
"5758","P05071_C",0.88881944173156,1.7
"5759","P05071_E",2.89194283023253,5.7
"5760","P05071_N",2.57358375292768,4.59999999999999
"5761","P05072_C",2.73007936392577,5.40000000000001
"5762","P05072_E",0.907377172587749,1.7
"5763","P05072_N",3.50190424388408,7
"5764","P05074_C",2.30723499742296,4.3
"5765","P05074_E",2.43310501211929,4.40000000000001
"5766","P05074_N",2.32880512996114,4.3
"5767","P05076_C",5.35007788105307,10.7
"5768","P05076_E",7.12483917947159,14
"5769","P05076_N",7.25465367884643,14
"5770","P05078_C",3.53411940941446,6.7
"5771","P05078_E",3.51188458428425,7
"5772","P05078_N",5.26529518007617,9.7
"5773","P05079_C",1.36503968196289,2.7
"5774","P05079_E",2.60576284415908,4.7
"5775","P05079_N",4.35469095727048,8.69999999999999
"5776","P05080_C",4.01497197997694,7.39999999999999
"5777","P05080_E",3.7,7.3
"5778","P05080_N",8.6152964739081,16.6
"5779","P05101_C",2.30651251893415,4.39999999999998
"5780","P05101_E",10.8010801928943,20.7
"5781","P05101_N",5.53654525253188,11
"5782","P05104_C",3.09246395829173,6
"5783","P05104_E",4.08084958474744,8
"5784","P05104_N",2.01328918273887,4
"5785","P05105_C",2.50266524595946,5
"5786","P05105_E",2.57358375292769,4.60000000000002
"5787","P05105_N",1.66232768530556,3.30000000000001
"5788","P05106_C",3.05505046330389,6
"5789","P05106_E",2.40069434400412,4.30000000000001
"5790","P05106_N",0.404145188432731,0.699999999999989
"5791","P05110_C",1.80369990112917,3.60000000000002
"5792","P05110_E",7.04012310498427,14
"5793","P05110_N",1.15325625946709,2.30000000000001
"5794","P05111_C",1.20554275466833,2.39999999999998
"5795","P05111_E",1.01488915650922,2
"5796","P05111_N",2.71354626519123,4.69999999999999
"5797","P05112_C",2.71845544381364,5.30000000000001
"5798","P05112_E",3.21921315438002,6.30000000000001
"5799","P05112_N",2.69999999999999,5.39999999999998
"5800","P05114_C",2.88675134594813,5
"5801","P05114_E",0.923760430703414,1.60000000000002
"5802","P05114_N",2.4826061575154,4.30000000000001
"5803","P05115_C",2,4
"5804","P05115_E",3.44286702231344,6.60000000000002
"5805","P05115_N",1.85831464863551,3.39999999999998
"5806","P05116_C",2.55342906696074,5
"5807","P05116_E",1.96553639837407,3.69999999999999
"5808","P05116_N",2.54230866208911,5
"5809","P05117_C",1.25033328890074,2.30000000000001
"5810","P05117_E",0.850490054811549,1.60000000000002
"5811","P05117_N",2.93655126523159,5.39999999999998
"5812","P05120_C",1.7088007490635,3.39999999999998
"5813","P05120_E",4.55302097513288,9
"5814","P05120_N",5,10
"5815","P05123_C",1.7088007490635,3.39999999999998
"5816","P05123_E",3.21455025366432,6
"5817","P05123_N",2.40069434400412,4.30000000000001
"5818","P05126_C",0.907377172587738,1.69999999999999
"5819","P05126_E",1.17898261225517,2.30000000000001
"5820","P05126_N",1.55884572681198,2.69999999999999
"5821","P05127_C",1.99749843554383,3.60000000000002
"5822","P05127_E",3.45301800362138,6.30000000000001
"5823","P05127_N",1.15325625946709,2.30000000000001
"5824","P05128_C",9.47435134103297,18.7
"5825","P05128_E",1.87705443004014,3.69999999999999
"5826","P05128_N",1.07857931249089,2
"5827","P05130_C",3.05505046330389,6
"5828","P05130_E",1,2
"5829","P05130_N",2.30723499742297,4.30000000000001
"5830","P05131_C",2,4
"5831","P05131_E",3.18171861316071,5.69999999999999
"5832","P05131_N",2.67644042215278,5.30000000000001
"5833","P05132_C",2.13619599600161,3.69999999999999
"5834","P05132_E",3.87986254052038,7
"5835","P05132_N",4.23320209770334,8
"5836","P05133_C",1.07857931249089,2
"5837","P05133_E",0.173205080756894,0.300000000000011
"5838","P05133_N",2.05507501890644,3.69999999999999
"5839","P05134_C",1.47986485869487,2.69999999999999
"5840","P05134_E",0.404145188432731,0.699999999999989
"5841","P05134_N",0.404145188432731,0.699999999999989
"5842","P05135_C",2.37977589981353,4.69999999999999
"5843","P05135_E",0.404145188432731,0.699999999999989
"5844","P05135_N",2.15715862498179,4
"5845","P05136_C",4.68934963507735,9.30000000000001
"5846","P05136_E",3.18799832705937,6.30000000000001
"5847","P05136_N",3.69999999999999,7.39999999999998
"5848","P05137_C",7.99770800500576,14
"5849","P05137_E",1.52752523165195,3
"5850","P05137_N",0.513160143944687,1
"5851","P05138_C",3.4828149534536,6.69999999999999
"5852","P05138_E",NA,1
"5853","P05138_N",1.01488915650922,2
"5854","P05139_C",1.35030860670193,2.69999999999999
"5855","P05139_E",4.43057558337515,8
"5856","P05139_N",0.173205080756894,0.300000000000011
"5857","P05140_C",1.69213868619961,3.30000000000001
"5858","P05140_E",3.66924152016917,7.30000000000001
"5859","P05140_N",3.20780298646908,5.69999999999999
"5860","P05143_C",2.08166599946613,4
"5861","P05143_E",2.20302821891445,4
"5862","P05143_N",2.70739727413618,5
"5863","P05144_C",1.65025250593155,3.30000000000001
"5864","P05144_E",5.91016074231488,10.7
"5865","P05144_N",4.50924975282289,9
"5866","P05147_C",5.89236794506249,10.4
"5867","P05147_E",5.17332903779891,10.3
"5868","P05147_N",0.351188458428418,0.699999999999989
"5869","P05148_C",2.371356854911,4.60000000000002
"5870","P05148_E",3.15119025131775,6.30000000000001
"5871","P05148_N",2.13619599600162,4
"5872","P05149_C",1.07857931249089,2
"5873","P05149_E",1.52752523165195,3
"5874","P05149_N",3.61432335760558,6.69999999999999
"5875","P05150_C",4.27239199200322,7.39999999999998
"5876","P05150_E",2,4
"5877","P05150_N",3.35608899365516,6.69999999999999
"5878","P05151_C",2.37977589981353,4.69999999999999
"5879","P05151_E",3.21921315438002,6.30000000000001
"5880","P05151_N",3.4828149534536,6.69999999999999
"5881","P05152_C",1.50443787951957,3
"5882","P05152_E",3.21455025366432,6
"5883","P05152_N",4.2453896562428,8.30000000000001
"5884","P05153_C",1.23423390543823,2.39999999999998
"5885","P05153_E",2.85131548587665,5.69999999999999
"5886","P05153_N",2.54230866208911,5
"5887","P05154_C",1.40118997046558,2.69999999999999
"5888","P05154_E",2.00748598998847,4
"5889","P05154_N",2.50066657780148,4.60000000000002
"5890","P05155_C",2.97713508819021,5.30000000000001
"5891","P05155_E",2.70616579930598,5.30000000000001
"5892","P05155_N",2.97713508819021,5.30000000000001
"5893","P05156_C",1.52752523165195,3
"5894","P05156_E",2.00748598998847,4
"5895","P05156_N",0.650640709864776,1.30000000000001
"5896","P05158_C",1.01488915650922,2
"5897","P05158_E",1.50111069989303,3
"5898","P05158_N",1.82300118851672,3.60000000000002
"5899","P05160_C",1.02632028788937,2
"5900","P05160_E",1.56950098226581,3
"5901","P05160_N",2.97040962382856,5.69999999999999
"5902","P05161_C",5.94306318324145,11
"5903","P05161_E",4.20158700175698,8.39999999999998
"5904","P05161_N",3.46410161513775,6
"5905","P05162_C",7.33689307541006,14.3
"5906","P05162_E",2.87286152352202,5.39999999999998
"5907","P05162_N",4.36501240929891,8.60000000000002
"5908","P05164_C",4.35009578438605,8.69999999999999
"5909","P05164_E",2.3094010767585,4
"5910","P05164_N",5.05206228517952,9.69999999999999
"5911","P05165_C",3.56791255498225,7
"5912","P05165_E",3.90683162336609,7.69999999999999
"5913","P05165_N",4.3385865593916,8.60000000000002
"5914","P05201_C",15.9224160645718,28.7
"5915","P05201_E",17.925772879665,32
"5916","P05201_N",6.15060972587272,12.3
"5917","P05202_C",3.09246395829173,6
"5918","P05202_E",14.4195469184484,25.6
"5919","P05202_N",12.4001344078737,22.7
"5920","P05203_C",4.23320209770334,8
"5921","P05203_E",2.35867194271126,4.69999999999999
"5922","P05203_N",4.73532821812102,9.39999999999998
"5923","P05204_C",4.15090351610346,8.30000000000001
"5924","P05204_E",8.23731347790851,16
"5925","P05204_N",14.1796802972893,27.3
"5926","P05207_C",1.96553639837407,3.69999999999999
"5927","P05207_E",8.02080627701064,16
"5928","P05207_N",4.91155101096724,8.69999999999999
"5929","P05209_C",32.3707172199402,58.7
"5930","P05209_E",4.35469095727048,8.69999999999999
"5931","P05209_N",62.4045137256379,109.7
"5932","P05210_C",13.3762226855467,24.4
"5933","P05210_E",8.31444526111033,16.3
"5934","P05210_N",11.1772089539384,19.7
"5935","P05211_C",5.81062245661628,11.3
"5936","P05211_E",2.15174347913501,4.30000000000001
"5937","P05211_N",1.87705443004014,3.69999999999999
"5938","P05212_C",18.4188309437199,35.6
"5939","P05212_E",31.5636394183772,62.7
"5940","P05212_N",15.204056476261,30
"5941","P05213_C",9.47435134103297,18.7
"5942","P05213_E",NA,11.3
"5943","P05213_N",13.3011277717343,26.6
"5944","P05215_C",30.364946896051,60.7
"5945","P05215_E",5.70263097175329,11.4
"5946","P05215_N",5.81062245661628,11.3
"5947","P05216_C",7.57979771058129,15
"5948","P05216_E",14.6263460918987,26.7
"5949","P05216_N",13.392659681084,24
"5950","P05219_C",27.4043792120894,52
"5951","P05219_E",11.4914460940881,21.6
"5952","P05219_N",47.029671485138,90.4
"5953","P05220_C",35.1335072734467,70
"5954","P05220_E",9.87741531643443,19.3
"5955","P05220_N",37.0989667421255,73
"5956","P05223_C",2.59422435421457,5
"5957","P05223_E",44.3527150615758,82
"5958","P05223_N",40.2072547351014,74.6
"5959","P05224_C",10.2143689640297,19
"5960","P05224_E",4.23359579238895,8.30000000000001
"5961","P05224_N",3.10859024854247,5.69999999999999
"5962","P05228_C",6.75499814951861,11.7
"5963","P05228_E",5.29150262212918,10
"5964","P05228_N",5.69999999999999,11.4
"5965","P05229_C",4.04145188432738,8
"5966","P05229_E",0.808290376865486,1.60000000000002
"5967","P05229_N",2.30723499742297,4.30000000000001
"5968","P05231_C",34.5798110656107,64
"5969","P05231_E",31.422338126456,56
"5970","P05231_N",13.2786796532386,26.4
"5971","P05232_C",20.008248299139,37
"5972","P05232_E",8.26559132790872,16.4
"5973","P05232_N",1.32790561913615,2.30000000000001
"5974","P05233_C",17.0652668696781,32.3
"5975","P05233_E",6.92820323027551,12
"5976","P05233_N",26.7977611005099,53
"5977","P05235_C",NA,0
"5978","P05235_E",4.87476495159852,9.69999999999999
"5979","P05235_N",NA,0
"5980","P05241_C",15.3206831875518,27.3
"5981","P05241_E",38.5611635370788,68.7
"5982","P05241_N",15.669396925217,31.3
"5983","P05242_C",1.62890556304942,3
"5984","P05242_E",25.0729602028427,48.6
"5985","P05242_N",5.33510387277823,9.69999999999999
"5986","P05243_C",33.1620264760765,62
"5987","P05243_E",1.58745078663875,3
"5988","P05243_N",9.28242066130022,17.7
"5989","P05245_C",8.71779788708135,16
"5990","P05245_E",6.42105910267145,12.7
"5991","P05245_N",7.06068929590684,14
"5992","P05246_C",3.09246395829173,6
"5993","P05246_E",4.72581562625261,9
"5994","P05246_N",5.00533049191892,10
"5995","P05247_C",13.0011537949522,26
"5996","P05247_E",5.23672925912093,9.39999999999998
"5997","P05247_N",26.7753618089467,52.6
"5998","P05249_C",11.7554242798803,22.3
"5999","P05249_E",7.80149558311311,15.3
"6000","P05249_N",5.27762572880395,9.60000000000002
"6001","P05250_C",5.65361241449513,11.3
"6002","P05250_E",2.9022979401387,5.30000000000001
"6003","P05250_N",3.87986254052038,7
"6004","P05251_C",4.04145188432738,8
"6005","P05251_E",10.8595580020552,21
"6006","P05251_N",6.49332991101895,12
"6007","P05255_C",5.98024525695504,11.7
"6008","P05255_E",4.50037035513004,8.39999999999998
"6009","P05255_N",3.37095436535906,6.69999999999999
"6010","P05259_C",7.20578471322403,14.4
"6011","P05259_E",2.80416357107308,5
"6012","P05259_N",4.62853468533329,8.30000000000001
"6013","P05261_C",4.66511879091341,9.30000000000001
"6014","P05261_E",2.08166599946613,4
"6015","P05261_N",14.6466150810805,28.3
"6016","P05262_C",33.6667986796092,59
"6017","P05262_E",3.18799832705937,6.30000000000001
"6018","P05262_N",4.80138868800823,8.60000000000002
"6019","P05263_C",3.51188458428425,7
"6020","P05263_E",4.88091521472494,8.60000000000002
"6021","P05263_N",2.41315837303177,4.69999999999999
"6022","P05264_C",6.78699737242718,13.3
"6023","P05264_E",6.87895340876795,13.6
"6024","P05264_N",19.6967848476175,39.3
"6025","P05265_C",22.8054817971469,40.6
"6026","P05265_E",22.3755074430354,40.3
"6027","P05265_N",3.66787858759437,7
"6028","P05270_C",13.8090550002525,27.4
"6029","P05270_E",4.04145188432738,8
"6030","P05270_N",5.03620227287719,9.30000000000001
"6031","P05281_C",NA,0
"6032","P05281_E",NA,0
"6033","P05281_N",NA,0
"6034","P05282_C",NA,0
"6035","P05282_E",NA,0
"6036","P05282_N",NA,0
"6037","P05283_C",NA,0
"6038","P05283_E",NA,0
"6039","P05283_N",NA,0
"6040","P05284_C",NA,0
"6041","P05284_E",NA,0
"6042","P05284_N",NA,0
"6043","P05285_C",NA,0
"6044","P05285_E",NA,0
"6045","P05285_N",NA,0
"6046","P05286_C",NA,0
"6047","P05286_E",NA,0
"6048","P05286_N",NA,0
"6049","P05301_C",4.6543886100468,9.30000000000001
"6050","P05301_E",2.92631736715847,5.69999999999999
"6051","P05301_N",1.4224392195568,2.60000000000002
"6052","P05302_C",1.40118997046558,2.69999999999999
"6053","P05302_E",3.50190424388408,7
"6054","P05302_N",26.5586771758936,48
"6055","P05303_C",2.76224546338663,5.30000000000001
"6056","P05303_E",4.13077878048842,7.30000000000001
"6057","P05303_N",1.91398362932741,3.69999999999999
"6058","P05305_C",0.721110255092788,1.39999999999998
"6059","P05305_E",3.23316150746192,5.60000000000002
"6060","P05305_N",1,2
"6061","P05308_C",6.12617335699864,11.7
"6062","P05308_E",4.00666112035113,7.60000000000002
"6063","P05308_N",6.21718049708493,11.4
"6064","P05309_C",1.50111069989303,3
"6065","P05309_E",1.40118997046558,2.69999999999999
"6066","P05309_N",4.50924975282289,9
"6067","P05310_C",4.50037035513004,8.39999999999998
"6068","P05310_E",4.78156180900481,9
"6069","P05310_N",6.86755657663868,13.7
"6070","P05311_C",1.82482875908947,3.30000000000001
"6071","P05311_E",4.12189276910498,7.69999999999999
"6072","P05311_N",1.52752523165195,3
"6073","P05312_C",0.808290376865486,1.60000000000002
"6074","P05312_E",5.40647759636531,10.3
"6075","P05312_N",4.67582434799826,9
"6076","P05313_C",1.69213868619961,3.30000000000001
"6077","P05313_E",3.68284310463171,6.69999999999999
"6078","P05313_N",4.73532821812102,9.39999999999998
"6079","P05315_C",4.95210392998102,9.30000000000001
"6080","P05315_E",3.37095436535906,6.69999999999999
"6081","P05315_N",4.895235779136,9.69999999999999
"6082","P05316_C",2.80237994093115,5.39999999999998
"6083","P05316_E",4.36157463920237,7.69999999999999
"6084","P05316_N",6.65832811847939,12
"6085","P05317_C",7.7693843599949,15.3
"6086","P05317_E",2.93655126523159,5.39999999999998
"6087","P05317_N",2.65769323537036,5.30000000000001
"6088","P05318_C",3.43947670438396,6.69999999999999
"6089","P05318_E",1.66232768530556,3.30000000000001
"6090","P05318_N",8.88988188897918,16.3
"6091","P05319_C",4.88091521472494,8.60000000000002
"6092","P05319_E",6.89420046125727,12.7
"6093","P05319_N",8.57049201232539,17
"6094","P05320_C",1.01488915650922,2
"6095","P05320_E",1.15325625946709,2.30000000000001
"6096","P05320_N",0.721110255092788,1.39999999999998
"6097","P05321_C",2.05507501890644,3.69999999999999
"6098","P05321_E",0.513160143944687,1
"6099","P05321_N",0.351188458428418,0.699999999999989
"6100","P05325_C",2.30723499742297,4.30000000000001
"6101","P05325_E",7.57187779440036,14
"6102","P05325_N",3.82796725865481,7.39999999999998
"6103","P05326_C",4.73532821812102,9.39999999999998
"6104","P05326_E",1.02632028788937,2
"6105","P05326_N",4.16333199893227,8
"6106","P05328_C",5.00632932729494,9
"6107","P05328_E",7.1014083110324,12.3
"6108","P05328_N",6.27402050788276,12.3
"6109","P05329_C",3.30454232837166,6
"6110","P05329_E",2.13619599600162,4
"6111","P05329_N",4.11865673895426,8
"6112","P05330_C",2.02977831301845,4
"6113","P05330_E",2.47588368062798,4.69999999999999
"6114","P05330_N",0.513160143944687,1
"6115","P05332_C",1.66232768530556,3.30000000000001
"6116","P05332_E",1.32790561913615,2.30000000000001
"6117","P05332_N",1.85831464863553,3.60000000000002
"6118","P05336_C",2.73007936392576,5
"6119","P05336_E",4.96521231503079,9.60000000000002
"6120","P05336_N",1.69213868619961,3.30000000000001
"6121","P05339_C",2.43310501211928,4.39999999999998
"6122","P05339_E",0.503322295684718,1
"6123","P05339_N",5.41479454827236,10
"6124","P05343_C",3.65558932777376,7.30000000000001
"6125","P05343_E",4.2852460061627,8.30000000000001
"6126","P05343_N",7.92233130671353,15.7
"6127","P05345_C",5.5075705472861,11
"6128","P05345_E",5.6320511361315,10.6
"6129","P05345_N",4.38444219181111,8.30000000000001
"6130","P05346_C",1.62890556304942,3
"6131","P05346_E",10.5987420637231,21
"6132","P05346_N",13.1753557826724,24.7
"6133","P05347_C",7.21941825911203,13.6
"6134","P05347_E",7.74101629848003,15.3
"6135","P05347_N",3.09246395829173,6
"6136","P05349_C",3.20208265560608,6.39999999999998
"6137","P05349_E",2,4
"6138","P05349_N",4.35889894354067,8
"6139","P05350_C",1.7578395831247,3.30000000000001
"6140","P05350_E",4.80138868800824,9.60000000000002
"6141","P05350_N",1.96553639837407,3.69999999999999
"6142","P05353_C",NA,0.699999999999989
"6143","P05353_E",NA,2.60000000000002
"6144","P05353_N",NA,2.69999999999999
"6145","P05357_C",13.7230948890304,26.4
"6146","P05357_E",4.0698075302566,8
"6147","P05357_N",4.57383865041172,8.60000000000002
"6148","P05359_C",4.80867272054706,9.60000000000002
"6149","P05359_E",1.96553639837407,3.69999999999999
"6150","P05359_N",3.02709982216202,6
"6151","P05360_C",4.43057558337515,8
"6152","P05360_E",2.55342906696074,5
"6153","P05360_N",0.577350269189626,1
"6154","P05363_C",6.11010092660779,12
"6155","P05363_E",2.20529665426975,4.30000000000001
"6156","P05363_N",6.53171748725657,12.7
"6157","P05364_C",4.08084958474744,8
"6158","P05364_E",4.70319040652193,9.39999999999998
"6159","P05364_N",4.2027768598075,8.30000000000001
"6160","P05365_C",1.01488915650922,2
"6161","P05365_E",7.04651213958603,14
"6162","P05365_N",10.3923048454133,18
"6163","P05366_C",3.15119025131775,6.30000000000001
"6164","P05366_E",3.88115103201786,7.69999999999999
"6165","P05366_N",0.850490054811549,1.60000000000002
"6166","P05367_C",5.75528742404178,10.3
"6167","P05367_E",4.78156180900481,9
"6168","P05367_N",3.36452076825214,6.39999999999998
"6169","P05368_C",4.02781992315116,7.30000000000001
"6170","P05368_E",3.37095436535906,6.69999999999999
"6171","P05368_N",2.97040962382856,5.69999999999999
"6172","P05371_C",3.82796725865481,7.39999999999998
"6173","P05371_E",4.50148123769647,9
"6174","P05371_N",3.39460356055509,6.69999999999999
"6175","P05373_C",2.71354626519123,4.69999999999999
"6176","P05373_E",3.95769293065207,7.30000000000001
"6177","P05373_N",1.31148770486041,2.60000000000002
"6178","P05381_C",NA,0
"6179","P05381_E",NA,0
"6180","P05381_N",NA,0
"6181","P05382_C",NA,0
"6182","P05382_E",NA,0
"6183","P05382_N",NA,0
"6184","P05401_C",3.95769293065206,7.3
"6185","P05401_E",3.51188458428425,7
"6186","P05401_N",1.65227116418583,3
"6187","P05403_C",3.32615894589139,6.3
"6188","P05403_E",4.12189276910499,7.7
"6189","P05403_N",0.88881944173156,1.7
"6190","P05405_C",6.35531273817426,11.6
"6191","P05405_E",5.29150262212918,10
"6192","P05405_N",5.3777318638995,9.59999999999999
"6193","P05408_C",4.01497197997695,7.40000000000001
"6194","P05408_E",2.64575131106459,5
"6195","P05408_N",3.10859024854247,5.7
"6196","P05409_C",1.0785793124909,2
"6197","P05409_E",3.35608899365517,6.7
"6198","P05409_N",1.58745078663876,3
"6199","P05410_C",2.41315837303177,4.7
"6200","P05410_E",4.21465696508427,8
"6201","P05410_N",5.46382039724342,10.6
"6202","P05412_C",5.20480547186924,9.3
"6203","P05412_E",1.52752523165195,3
"6204","P05412_N",0.680685928555403,1.3
"6205","P05413_C",2.93087017795057,5.59999999999999
"6206","P05413_E",1.23423390543824,2.40000000000001
"6207","P05413_N",4.35469095727049,8.7
"6208","P05414_C",1.52752523165195,3
"6209","P05414_E",2.40069434400411,4.3
"6210","P05414_N",1.50111069989303,3
"6211","P05419_C",0.513160143944689,1
"6212","P05419_E",1.96553639837408,3.7
"6213","P05419_N",1.96553639837408,3.7
"6214","P05425_C",6.19919349593155,12
"6215","P05425_E",5.20800665642176,10.4
"6216","P05425_N",4.17891532976361,8.3
"6217","P05431_C",2.92631736715848,5.7
"6218","P05431_E",9.1193932546707,16.7
"6219","P05431_N",3.4828149534536,6.7
"6220","P05435_C",3.00499584026334,6
"6221","P05435_E",4.22532050066422,7.59999999999999
"6222","P05435_N",2.53574446662119,4.7
"6223","P05437_C",2.13619599600162,3.7
"6224","P05437_E",3.16596483450675,6.3
"6225","P05437_N",2.85131548587665,5.7
"6226","P05439_C",5.51935986626469,11
"6227","P05439_E",NA,4
"6228","P05439_N",3,6
"6229","P05440_C",1.01488915650922,2
"6230","P05440_E",2.53574446662119,4.7
"6231","P05440_N",4.70779495447001,8.3
"6232","P05456_C",3.66787858759438,7
"6233","P05456_E",4.366157731156,8.7
"6234","P05456_N",3.95769293065206,7.3
"6235","P05457_C",3.00499584026334,6
"6236","P05457_E",3.21455025366432,6
"6237","P05457_N",3.93107279674815,7.40000000000001
"6238","P05461_C",2.24796204001165,4.40000000000001
"6239","P05461_E",0,0
"6240","P05461_N",4.50924975282289,9
"6241","P05462_C",2.59422435421457,5
"6242","P05462_E",3.18799832705937,6.3
"6243","P05462_N",1.73877351409933,3.3
"6244","P05463_C",5.03322295684717,10
"6245","P05463_E",3.45301800362137,6.3
"6246","P05463_N",4.66082968293558,8.40000000000001
"6247","P05464_C",NA,2
"6248","P05464_E",NA,1.7
"6249","P05464_N",NA,4
"6250","P05465_C",1.69213868619961,3.3
"6251","P05465_E",2.9022979401387,5.3
"6252","P05465_N",2.22785397486759,4
"6253","P05466_C",1.75783958312469,3.3
"6254","P05466_E",2.7,5.40000000000001
"6255","P05466_N",7,13
"6256","P05467_C",5.28488410468952,9.3
"6257","P05467_E",6.42910050732864,12
"6258","P05467_N",7.90969868789787,13.7
"6259","P05468_C",0.40414518843274,0.700000000000003
"6260","P05468_E",5.15072810387036,10.3
"6261","P05468_N",3.07462734869339,5.59999999999999
"6262","P05469_C",5.77263660153082,11.3
"6263","P05469_E",1.85831464863552,3.40000000000001
"6264","P05469_N",5.35288084430556,10.4
"6265","P05470_C",1.75783958312469,3.3
"6266","P05470_E",2.04042479237372,4
"6267","P05470_N",3.77535870260474,7.40000000000001
"6268","P05471_C",1.80369990112916,3.59999999999999
"6269","P05471_E",2.08166599946613,4
"6270","P05471_N",1.19303534454488,2.3
"6271","P05472_C",3.585154575933,6.40000000000001
"6272","P05472_E",1.73205080756888,3
"6273","P05472_N",8.6984672979401,17
"6274","P05473_C",4.04145188432738,8
"6275","P05473_E",2.50066657780147,5
"6276","P05473_N",5.75007246331151,10.7
"6277","P05474_C",0.680685928555403,1.3
"6278","P05474_E",2.88675134594813,5
"6279","P05474_N",2.13619599600161,4
"6280","P05475_C",3.32615894589139,6.3
"6281","P05475_E",3.27465010853577,6.3
"6282","P05475_N",3.27414110874898,6.40000000000001
"6283","P05477_C",0.346410161513772,0.599999999999994
"6284","P05477_E",1.01488915650922,2
"6285","P05477_N",1.65227116418583,3
"6286","P05478_C",4.35889894354067,8
"6287","P05478_E",3.27414110874898,6.40000000000001
"6288","P05478_N",1.91398362932741,3.7
"6289","P05479_C",4.49332838773219,8.7
"6290","P05479_E",2.59422435421457,5
"6291","P05479_N",4.29301758673314,8
"6292","P05480_C",1.25033328890074,2.3
"6293","P05480_E",1.05830052442584,2
"6294","P05480_N",2.3,4.59999999999999
"6295","P05481_C",NA,0
"6296","P05481_E",NA,0
"6297","P05481_N",NA,0
"6298","P05482_C",NA,0
"6299","P05482_E",NA,0
"6300","P05482_N",NA,0
"6301","P05483_C",NA,0
"6302","P05483_E",NA,-Inf
"6303","P05483_N",NA,0
"6304","P05484_C",NA,0
"6305","P05484_E",NA,0
"6306","P05484_N",NA,0
"6307","P05485_C",NA,0
"6308","P05485_E",NA,0
"6309","P05485_N",NA,0
"6310","P05486_C",NA,0
"6311","P05486_E",NA,0
"6312","P05486_N",NA,0
"6313","P05487_C",NA,0
"6314","P05487_E",NA,0
"6315","P05487_N",NA,0
"6316","P05488_C",NA,0
"6317","P05488_E",NA,0
"6318","P05488_N",NA,0
"6319","P05503_C",1.52752523165195,3
"6320","P05503_E",2.15174347913501,4.30000000000001
"6321","P05503_N",0.503322295684718,1
"6322","P05505_C",2.25018517756503,4.30000000000001
"6323","P05505_E",0.513160143944687,1
"6324","P05505_N",2.00748598998847,4
"6325","P05509_C",0.351188458428418,0.699999999999989
"6326","P05509_E",0.404145188432731,0.699999999999989
"6327","P05509_N",3.27465010853577,6.30000000000001
"6328","P05510_C",1.25033328890074,2.30000000000001
"6329","P05510_E",1.4224392195568,2.60000000000002
"6330","P05510_N",1.73877351409934,3.30000000000001
"6331","P05512_C",1.9287301521986,3.60000000000002
"6332","P05512_E",1.01488915650922,2
"6333","P05512_N",3.02709982216202,6
"6334","P05513_C",2.47588368062798,4.69999999999999
"6335","P05513_E",2.3094010767585,4
"6336","P05513_N",3.43947670438396,6.69999999999999
"6337","P05514_C",0.888819441731556,1.69999999999999
"6338","P05514_E",0.577350269189626,1
"6339","P05514_N",7.73498545570707,14
"6340","P05515_C",8.42159921471768,15.6
"6341","P05515_E",8.66025403784439,15
"6342","P05515_N",NA,10.6
"6343","P05516_C",5.57882902886737,10.4
"6344","P05516_E",7.3792501877449,14.4
"6345","P05516_N",3.78593889720018,7
"6346","P05517_C",7.88859936870925,14
"6347","P05517_E",4.15090351610346,8.30000000000001
"6348","P05517_N",0.680685928555409,1.30000000000001
"6349","P05518_C",3.88115103201786,7.69999999999999
"6350","P05518_E",1.7088007490635,3.39999999999998
"6351","P05518_N",8.70229854693575,17.3
"6352","P05519_C",0.699999999999989,1.39999999999998
"6353","P05519_E",0.513160143944687,1
"6354","P05519_N",3.21455025366432,6
"6355","P05521_C",3.30454232837167,6.60000000000002
"6356","P05521_E",2.80237994093117,5.60000000000002
"6357","P05521_N",2.3094010767585,4
"6358","P05522_C",3.7233497463082,7
"6359","P05522_E",0.680685928555409,1.30000000000001
"6360","P05522_N",1.40118997046558,2.69999999999999
"6361","P05523_C",4.01497197997695,8
"6362","P05523_E",2.81602556806575,5.30000000000001
"6363","P05523_N",4.72581562625261,9
"6364","P05524_C",3.88115103201786,7.69999999999999
"6365","P05524_E",4.87749935930289,9.60000000000002
"6366","P05524_N",2.50266524595946,5
"6367","P05525_C",1.86815416922694,3.69999999999999
"6368","P05525_E",0.404145188432731,0.699999999999989
"6369","P05525_N",1.01488915650922,2
"6370","P05528_C",6.86464371495953,13.3
"6371","P05528_E",6.41274772101111,11.7
"6372","P05528_N",4.45234020862438,8.60000000000002
"6373","P05529_C",2.76224546338663,5.30000000000001
"6374","P05529_E",4.35469095727048,8.69999999999999
"6375","P05529_N",4.45308881564246,8.69999999999999
"6376","P05530_C",3.15647482697602,6
"6377","P05530_E",0.680685928555409,1.30000000000001
"6378","P05530_N",5.81291665173344,10.4
"6379","P05531_C",2.25018517756503,4.30000000000001
"6380","P05531_E",3.4828149534536,6.69999999999999
"6381","P05531_N",3.15119025131775,6.30000000000001
"6382","P05532_C",1.87705443004014,3.69999999999999
"6383","P05532_E",1.69213868619961,3.30000000000001
"6384","P05532_N",2.30651251893415,4.39999999999998
"6385","P05533_C",6.32877028602976,12.4
"6386","P05533_E",4,8
"6387","P05533_N",2.43310501211928,4.39999999999998
"6388","P05538_C",1.45716619962629,2.69999999999999
"6389","P05538_E",5.66156633214991,10
"6390","P05538_N",3.27414110874897,6.39999999999998
"6391","P05541_C",0.680685928555409,1.30000000000001
"6392","P05541_E",3.00887575903913,5.39999999999998
"6393","P05541_N",1.45716619962629,2.69999999999999
"6394","P05542_C",6.23858958419288,12.4
"6395","P05542_E",3.0199337741083,6
"6396","P05542_N",1.45716619962629,2.69999999999999
"6397","P05543_C",2.32880512996114,4.30000000000001
"6398","P05543_E",1.05830052442584,2
"6399","P05543_N",1.65025250593155,3.30000000000001
"6400","P05544_C",0.173205080756894,0.300000000000011
"6401","P05544_E",1.4224392195568,2.60000000000002
"6402","P05544_N",1.85202591774521,3.69999999999999
"6403","P05546_C",0.721110255092788,1.39999999999998
"6404","P05546_E",2.16564078277078,4.30000000000001
"6405","P05546_N",2.08166599946613,4
"6406","P05547_C",1.36503968196288,2.69999999999999
"6407","P05547_E",1.85202591774521,3.69999999999999
"6408","P05547_N",1.07857931249089,2
"6409","P05549_C",3.4828149534536,6.69999999999999
"6410","P05549_E",1,2
"6411","P05549_N",1.73205080756888,3
"6412","P05551_C",1.56950098226581,3
"6413","P05551_E",2.47588368062798,4.69999999999999
"6414","P05551_N",0.981495457622357,1.69999999999999
"6415","P05552_C",3.72692903071685,6.60000000000002
"6416","P05552_E",3.15013227235515,5.60000000000002
"6417","P05552_N",0.699999999999989,1.39999999999998
"6418","P05554_C",5.56776436283002,11
"6419","P05554_E",6.42910050732864,12
"6420","P05554_N",1.96553639837407,3.69999999999999
"6421","P05556_C",NA,0
"6422","P05556_E",NA,0
"6423","P05556_N",NA,7.60000000000002
"6424","P05561_C",1.79536440126602,3.39999999999998
"6425","P05561_E",2.42693221990231,4.69999999999999
"6426","P05561_N",0.173205080756894,0.300000000000011
"6427","P05563_C",2.97040962382856,5.69999999999999
"6428","P05563_E",1.7578395831247,3.30000000000001
"6429","P05563_N",1.15470053837925,2
"6430","P05564_C",4.67582434799826,9
"6431","P05564_E",1.55884572681198,2.69999999999999
"6432","P05564_N",1.56950098226581,3
"6433","P05565_C",1.01488915650922,2
"6434","P05565_E",0.404145188432731,0.699999999999989
"6435","P05565_N",2.64575131106459,5
"6436","P05566_C",5.02294734194974,8.69999999999999
"6437","P05566_E",8.77097486029916,16.7
"6438","P05566_N",7.20578471322405,14.3
"6439","P05568_C",3.53034464795342,7
"6440","P05568_E",5.3538148392836,10.7
"6441","P05568_N",4.33474336033865,7.69999999999999
"6442","P05569_C",3.05505046330389,6
"6443","P05569_E",1.32790561913615,2.30000000000001
"6444","P05569_N",2.76224546338663,5.30000000000001
"6445","P05570_C",4.78434948556228,9.30000000000001
"6446","P05570_E",1.15325625946709,2.30000000000001
"6447","P05570_N",5.81836173964231,11.6
"6448","P05573_C",4.79826357480843,9.30000000000001
"6449","P05573_E",3.38082830087539,6
"6450","P05573_N",3.56791255498225,7
"6451","P05581_C",NA,0
"6452","P05581_E",NA,0
"6453","P05581_N",NA,0
"6454","P05601_C",6.63802179367719,12.7
"6455","P05601_E",2.20302821891444,4
"6456","P05601_N",1.74737898961082,3.39999999999999
"6457","P05602_C",4.17891532976361,8.3
"6458","P05602_E",3.66787858759438,7.00000000000001
"6459","P05602_N",2.80237994093116,5.60000000000001
"6460","P05603_C",3.72200662725542,7.39999999999999
"6461","P05603_E",2.97713508819021,5.3
"6462","P05603_N",1.69213868619961,3.3
"6463","P05604_C",2.57940561628708,5
"6464","P05604_E",1.25033328890074,2.30000000000001
"6465","P05604_N",2.43310501211928,4.39999999999998
"6466","P05607_C",3.30454232837166,6.59999999999999
"6467","P05607_E",1.62890556304941,3
"6468","P05607_N",1.28582010146573,2.40000000000001
"6469","P05610_C",3.78593889720018,7
"6470","P05610_E",3,6
"6471","P05610_N",3.10859024854247,5.7
"6472","P05611_C",0.75055534994652,1.30000000000001
"6473","P05611_E",0.854400374531748,1.69999999999999
"6474","P05611_N",0.351188458428418,0.699999999999989
"6475","P05612_C",4.20158700175699,8.39999999999999
"6476","P05612_E",2.64575131106459,5
"6477","P05612_N",0.854400374531754,1.7
"6478","P05614_C",5.43415126767741,10.7
"6479","P05614_E",4.02781992315116,7.30000000000001
"6480","P05614_N",3.15647482697602,6
"6481","P05615_C",3.27414110874898,6.39999999999999
"6482","P05615_E",5.12152321092075,9.69999999999999
"6483","P05615_N",2.42693221990232,4.7
"6484","P05616_C",3.01993377410831,6.00000000000001
"6485","P05616_E",2.21885856541902,4.40000000000001
"6486","P05616_N",2.76103845198383,5.39999999999998
"6487","P05618_C",3.10859024854247,5.7
"6488","P05618_E",1.01488915650922,2
"6489","P05618_N",1.85202591774521,3.7
"6490","P05619_C",1.15470053837925,2
"6491","P05619_E",4.70779495447001,8.3
"6492","P05619_N",2.65769323537036,5.30000000000001
"6493","P05620_C",2.03059925473574,3.7
"6494","P05620_E",2.51661147842358,5
"6495","P05620_N",3.44286702231343,6.40000000000001
"6496","P05623_C",4.0698075302566,8
"6497","P05623_E",0.680685928555409,1.30000000000001
"6498","P05623_N",5.25959440768329,10.3
"6499","P05624_C",2.9022979401387,5.30000000000001
"6500","P05624_E",2.30651251893417,4.60000000000002
"6501","P05624_N",5.58241285944827,10
"6502","P05626_C",2.50066657780147,5
"6503","P05626_E",2.54230866208911,5
"6504","P05626_N",2.08166599946613,4
"6505","P05627_C",1.52752523165195,3
"6506","P05627_E",1.90525588832577,3.30000000000001
"6507","P05627_N",2.65769323537036,5.30000000000001
"6508","P05628_C",7.90084383678941,15.7
"6509","P05628_E",2.04042479237372,4
"6510","P05628_N",3.60555127546399,7
"6511","P05629_C",1.85831464863551,3.39999999999999
"6512","P05629_E",3.16069612585583,6.30000000000001
"6513","P05629_N",1.7578395831247,3.30000000000001
"6514","P05630_C",4,8
"6515","P05630_E",5.56776436283002,11
"6516","P05630_N",5.85064099052402,11.7
"6517","P05633_C",3.78461799040977,6.69999999999999
"6518","P05633_E",2.73007936392576,5.39999999999998
"6519","P05633_N",2.8792360097776,5.30000000000001
"6520","P05634_C",4.83356321292412,8.69999999999999
"6521","P05634_E",6.21476735955043,12.3
"6522","P05634_N",3.38082830087539,6
"6523","P05635_C",1.69213868619961,3.30000000000001
"6524","P05635_E",1.99749843554383,3.60000000000002
"6525","P05635_N",1.23423390543823,2.39999999999998
"6526","P05636_C",1.15470053837925,2
"6527","P05636_E",0.513160143944687,1
"6528","P05636_N",1.36503968196289,2.7
"6529","P05639_C",1.40118997046558,2.7
"6530","P05639_E",2.01328918273887,4
"6531","P05639_N",1.07857931249089,2
"6532","P05641_C",1.23423390543823,2.39999999999998
"6533","P05641_E",4.04145188432738,8
"6534","P05641_N",2.59422435421457,5
"6535","P05642_C",7.04485627958441,13.7
"6536","P05642_E",4.61121820491433,8.69999999999999
"6537","P05642_N",3.18799832705937,6.30000000000001
"6538","P05643_C",2.00748598998848,4.00000000000001
"6539","P05643_E",3.65102725270574,7
"6540","P05643_N",10.6437775249204,20.3
"6541","P05648_C",3.82796725865483,7.60000000000001
"6542","P05648_E",1.50443787951956,2.99999999999999
"6543","P05648_N",3.77535870260473,7.39999999999999
"6544","P05650_C",6.42910050732864,12
"6545","P05650_E",3.18799832705937,6.30000000000001
"6546","P05650_N",5.5075705472861,9.99999999999999
"6547","P05651_C",NA,0
"6548","P05651_E",NA,0
"6549","P05651_N",NA,0
"6550","P05652_C",NA,6.30000000000001
"6551","P05652_E",NA,7.30000000000001
"6552","P05652_N",NA,1.69999999999999
"6553","P05655_C",NA,8
"6554","P05655_E",NA,12.3
"6555","P05655_N",NA,8.69999999999999
"6556","P05656_C",5.12152321092074,9.69999999999999
"6557","P05656_E",6.93757882838098,13
"6558","P05656_N",3.02709982216202,6
"6559","P05657_C",1.4224392195568,2.60000000000002
"6560","P05657_E",3.05995642670502,5.30000000000001
"6561","P05657_N",2.64575131106459,5
"6562","P05659_C",2.04042479237372,4
"6563","P05659_E",2.40069434400412,4.30000000000001
"6564","P05659_N",0.808290376865486,1.60000000000002
"6565","P05660_C",4.0698075302566,8
"6566","P05660_E",2.41936630821655,4.60000000000002
"6567","P05660_N",1.82300118851672,3.60000000000002
"6568","P05662_C",8.10945949699075,16
"6569","P05662_E",2.97040962382856,5.7
"6570","P05662_N",18.0277563773199,35
"6571","P05663_C",3.90683162336609,7.69999999999999
"6572","P05663_E",3.90683162336609,7.69999999999999
"6573","P05663_N",3.82796725865484,7.60000000000002
"6574","P05664_C",11.7183616602322,23
"6575","P05664_E",3.86264158316559,7.59999999999999
"6576","P05664_N",3.95769293065207,7
"6577","P05665_C",2.65769323537035,5.3
"6578","P05665_E",12.7209800461023,22.7
"6579","P05665_N",4.33474336033865,7.7
"6580","P05666_C",4.33166634603052,8.30000000000001
"6581","P05666_E",2.65769323537036,5.30000000000001
"6582","P05666_N",5.35288084430555,10.4
"6583","P05667_C",4.08533964316309,7.39999999999999
"6584","P05667_E",5.43721742560782,10
"6585","P05667_N",5.00299910053959,9.99999999999999
"6586","P05668_C",4.80138868800822,9.59999999999999
"6587","P05668_E",3.605551275464,7.00000000000001
"6588","P05668_N",5.25959440768329,10.3
"6589","P05801_C",4.93288286231625,9
"6590","P05801_E",4.18688428309166,7.69999999999999
"6591","P05801_N",2.36431808350737,4.39999999999998
"6592","P05802_C",1.52752523165195,3
"6593","P05802_E",1.73205080756888,3
"6594","P05802_N",0.351188458428418,0.699999999999989
"6595","P05805_C",1.45716619962629,2.69999999999999
"6596","P05805_E",7.54077803236068,14.3
"6597","P05805_N",6.53681879816169,13
"6598","P05816_C",1.50111069989303,3
"6599","P05816_E",1.69213868619961,3.30000000000001
"6600","P05816_N",3.00887575903913,5.39999999999998
"6601","P05817_C",3.99541403778548,7.69999999999999
"6602","P05817_E",1.7088007490635,3.39999999999998
"6603","P05817_N",4.00374824383352,8
"6604","P05819_C",NA,12.7
"6605","P05819_E",2.70739727413618,5
"6606","P05819_N",9.60902353693305,19
"6607","P05820_C",0,0
"6608","P05820_E",6.03020176555755,11.3
"6609","P05820_N",1.25033328890074,2.30000000000001
"6610","P05821_C",6.68755062286136,12.3
"6611","P05821_E",7.25695069111905,13.7
"6612","P05821_N",3.21455025366432,6
"6613","P05824_C",4.84389650316079,9.30000000000001
"6614","P05824_E",7.50555349946513,13
"6615","P05824_N",5.52449092677325,11
"6616","P05825_C",1.36137185711082,2.60000000000002
"6617","P05825_E",3.21455025366432,6
"6618","P05825_N",9.52837866585916,16.7
"6619","P05826_C",1.31148770486041,2.60000000000002
"6620","P05826_E",7.00642562224134,13.7
"6621","P05826_N",7.40697869129738,13.3
"6622","P05828_C",4.22532050066423,7.60000000000002
"6623","P05828_E",4.33166634603052,8.30000000000001
"6624","P05828_N",NA,0.699999999999989
"6625","P05832_C",10.5101538206314,21
"6626","P05832_E",NA,5.39999999999998
"6627","P05832_N",3.50190424388408,7
"6628","P05833_C",2.64575131106459,5
"6629","P05833_E",4.35889894354067,8
"6630","P05833_N",2.51661147842358,5
"6631","P05835_C",2,4
"6632","P05835_E",2.92631736715847,5.69999999999999
"6633","P05835_N",2.04042479237372,4
"6634","P05836_C",2.20529665426975,4.30000000000001
"6635","P05836_E",1.85831464863553,3.60000000000002
"6636","P05836_N",6.50025640519921,13
"6637","P05837_C",4.1621308645132,8.30000000000001
"6638","P05837_E",5.3507008886687,10
"6639","P05837_N",3.32465537061113,6.60000000000002
"6640","P05842_C",10.5765463802384,21
"6641","P05842_E",2.51661147842358,5
"6642","P05842_N",2.03059925473574,3.69999999999999
"6643","P05843_C",4.55302097513288,9
"6644","P05843_E",6.18304132284429,11.3
"6645","P05843_N",5.17332903779891,10
"6646","P05844_C",4.13077878048842,7.30000000000001
"6647","P05844_E",0.680685928555409,1.30000000000001
"6648","P05844_N",4.15090351610346,8.30000000000001
"6649","P05845_C",10.1352520113381,18.3
"6650","P05845_E",7.57187779440036,14
"6651","P05845_N",7.71297607930946,14.7
"6652","P05846_C",2.9022979401387,5.30000000000001
"6653","P05846_E",7.74359950755031,14.3
"6654","P05846_N",2.89194283023252,5.69999999999999
"6655","P05847_C",1.91398362932741,3.69999999999999
"6656","P05847_E",2.25018517756503,4.30000000000001
"6657","P05847_N",2.30651251893415,4.39999999999998
"6658","P05848_C",6.71788657242738,13.3
"6659","P05848_E",3.85875627631494,7.69999999999999
"6660","P05848_N",3.15119025131775,6.30000000000001
"6661","P05850_C",6.32165590121238,11.7
"6662","P05850_E",5.81578312296231,11.4
"6663","P05850_N",8.02080627701064,16
"6664","P05853_C",4.38786204584114,8.39999999999998
"6665","P05853_E",1.87705443004014,3.69999999999999
"6666","P05853_N",4.89523577913602,9.30000000000001
"6667","P05855_C",13.3166562369588,24
"6668","P05855_E",2.64575131106459,5
"6669","P05855_N",2.64575131106459,5
"6670","P05856_C",21.3007824582416,41.7
"6671","P05856_E",1.07857931249089,2
"6672","P05856_N",11.689881664642,21
"6673","P05860_C",8.74814266001647,15.3
"6674","P05860_E",9.51419991381304,19
"6675","P05860_N",3.51046055857821,6.39999999999998
"6676","P05861_C",3.0199337741083,6
"6677","P05861_E",1.91398362932741,3.69999999999999
"6678","P05861_N",1.62890556304942,3
"6679","P05862_C",4.41927595879686,8.69999999999999
"6680","P05862_E",7.79679421300832,13.7
"6681","P05862_N",0.650640709864776,1.30000000000001
"6682","P05866_C",5.46382039724344,10.6
"6683","P05866_E",3.05505046330389,6
"6684","P05866_N",19.7449571621043,39.3
"6685","P05867_C",7.37111479583199,14
"6686","P05867_E",3.66924152016917,7.30000000000001
"6687","P05867_N",2.87286152352202,5.39999999999998
"6688","P05868_C",4.79826357480843,9.30000000000001
"6689","P05868_E",2.51661147842358,5
"6690","P05868_N",9.24067097130938,18.4
"6691","P05869_C",2.08166599946613,4
"6692","P05869_E",6.69054058603139,12.7
"6693","P05869_N",3.93996615890712,7.69999999999999
"6694","P05870_C",9.85342580019761,19.7
"6695","P05870_E",3.85875627631494,7.69999999999999
"6696","P05870_N",3.78593889720018,7
"6697","P05872_C",3.27465010853577,6.30000000000001
"6698","P05872_E",5.65361241449513,11.3
"6699","P05872_N",6.03241245274226,11.7
"6700","P05873_C",1.30000000000001,2.60000000000002
"6701","P05873_E",5.23672925912093,9.39999999999998
"6702","P05873_N",4.35889894354067,8
"6703","P05874_C",11.7694519838436,22.6
"6704","P05874_E",5.50121198767447,11
"6705","P05874_N",4.83356321292412,8.69999999999999
"6706","P05881_C",NA,0
"6707","P05881_E",NA,0
"6708","P05881_N",NA,0
"6709","P05882_C",NA,0
"6710","P05882_E",NA,0
"6711","P05882_N",NA,0
"6712","P05883_C",NA,0
"6713","P05883_E",NA,0
"6714","P05883_N",NA,0
"6715","P05884_C",NA,0
"6716","P05884_E",NA,0
"6717","P05884_N",NA,0
"6718","P05885_C",NA,0
"6719","P05885_E",NA,0
"6720","P05885_N",NA,0
"6721","P05886_C",NA,0
"6722","P05886_E",NA,0
"6723","P05886_N",NA,0
"6724","P05901_C",6.64680374315353,9.39999999999998
"6725","P05901_E",2.82842712474619,4
"6726","P05901_N",0.98994949366115,1.39999999999998
"6727","P05902_C",3.74766594028871,5.30000000000001
"6728","P05902_E",1.6970562748477,2.39999999999998
"6729","P05902_N",0.494974746830575,0.699999999999989
"6730","P05904_C",0,0
"6731","P05904_E",0.707106781186548,1
"6732","P05904_N",0.91923881554252,1.30000000000001
"6733","P05905_C",1.62634559672907,2.30000000000001
"6734","P05905_E",0.707106781186548,1
"6735","P05905_N",4.24264068711928,6
"6736","P05907_C",1.13137084989849,1.60000000000002
"6737","P05907_E",1.6970562748477,2.39999999999998
"6738","P05907_N",0.424264068711945,0.600000000000023
"6739","P05908_C",2.82842712474619,4
"6740","P05908_E",2.82842712474619,4
"6741","P05908_N",4.24264068711928,6
"6742","P05910_C",1.90918830920367,2.69999999999999
"6743","P05910_E",2.33345237791562,3.30000000000001
"6744","P05910_N",0.91923881554252,1.30000000000001
"6745","P05911_C",4.94974746830583,7
"6746","P05911_E",5.65685424949238,8
"6747","P05911_N",0.494974746830575,0.699999999999989
"6748","P05913_C",3.32340187157677,4.69999999999999
"6749","P05913_E",1.6970562748477,2.39999999999998
"6750","P05913_N",0.707106781186548,1
"6751","P05914_C",6.5760930650349,9.30000000000001
"6752","P05914_E",4.45477272147526,6.30000000000001
"6753","P05914_N",4.24264068711928,6
"6754","P05916_C",1.13137084989849,1.60000000000002
"6755","P05916_E",1.4142135623731,2
"6756","P05916_N",4.45477272147526,6.30000000000001
"6757","P05917_C",1.4142135623731,2
"6758","P05917_E",1.6970562748477,2.39999999999998
"6759","P05917_N",2.82842712474619,4
"6760","P05918_C",3.04055915910216,4.30000000000001
"6761","P05918_E",3.74766594028871,5.30000000000001
"6762","P05918_N",1.13137084989849,1.60000000000002
"6763","P05919_C",2.12132034355964,3
"6764","P05919_E",0.91923881554252,1.30000000000001
"6765","P05919_N",7.28319984622145,10.3
"6766","P05921_C",4.03050865276331,5.69999999999999
"6767","P05921_E",2.12132034355964,3
"6768","P05921_N",1.4142135623731,2
"6769","P05922_C",1.4142135623731,2
"6770","P05922_E",13.717871555019,19.4
"6771","P05922_N",2.33345237791562,3.30000000000001
"6772","P05923_C",3.11126983722079,4.39999999999998
"6773","P05923_E",1.4142135623731,2
"6774","P05923_N",2.82842712474619,4
"6775","P05924_C",6.36396103067893,9
"6776","P05924_E",7.28319984622145,10.3
"6777","P05924_N",2.33345237791562,3.30000000000001
"6778","P05928_C",2.54558441227159,3.60000000000002
"6779","P05928_E",0,0
"6780","P05928_N",1.20208152801712,1.69999999999999
"6781","P05929_C",0.91923881554252,1.30000000000001
"6782","P05929_E",4.24264068711928,6
"6783","P05929_N",1.62634559672907,2.30000000000001
"6784","P05930_C",1.13137084989849,1.60000000000002
"6785","P05930_E",1.62634559672907,2.30000000000001
"6786","P05930_N",1.90918830920367,2.69999999999999
"6787","P05931_C",1.20208152801712,1.69999999999999
"6788","P05931_E",0.707106781186548,1
"6789","P05931_N",1.62634559672907,2.30000000000001
"6790","P05932_C",0.91923881554252,1.30000000000001
"6791","P05932_E",1.90918830920367,2.69999999999999
"6792","P05932_N",3.32340187157677,4.69999999999999
"6793","P05933_C",2.61629509039022,3.69999999999999
"6794","P05933_E",1.83847763108504,2.60000000000002
"6795","P05933_N",0.494974746830575,0.699999999999989
"6796","P05935_C",2.54558441227159,3.60000000000002
"6797","P05935_E",3.32340187157677,4.69999999999999
"6798","P05935_N",3.04055915910216,4.30000000000001
"6799","P05936_C",0.707106781186548,1
"6800","P05936_E",0.494974746830575,0.699999999999989
"6801","P05936_N",2.33345237791562,3.30000000000001
"6802","P05937_C",0.494974746830575,0.699999999999989
"6803","P05937_E",0.282842712474603,0.399999999999977
"6804","P05937_N",1.20208152801712,1.69999999999999
"6805","P05938_C",3.04055915910216,4.30000000000001
"6806","P05938_E",2.61629509039022,3.69999999999999
"6807","P05938_N",2.40416305603425,3.39999999999998
"6808","P05940_C",2.12132034355964,3
"6809","P05940_E",0.494974746830575,0.699999999999989
"6810","P05940_N",0.91923881554252,1.30000000000001
"6811","P05941_C",2.40416305603425,3.39999999999998
"6812","P05941_E",0.424264068711945,0.600000000000023
"6813","P05941_N",0.424264068711945,0.600000000000023
"6814","P05942_C",1.13137084989849,1.60000000000002
"6815","P05942_E",0.98994949366115,1.39999999999998
"6816","P05942_N",0.494974746830575,0.699999999999989
"6817","P05945_C",1.90918830920367,2.69999999999999
"6818","P05945_E",0.494974746830575,0.699999999999989
"6819","P05945_N",0.707106781186548,1
"6820","P05946_C",1.20208152801712,1.69999999999999
"6821","P05946_E",1.62634559672907,2.30000000000001
"6822","P05946_N",1.90918830920367,2.69999999999999
"6823","P05948_C",0.91923881554252,1.30000000000001
"6824","P05948_E",0.424264068711945,0.600000000000023
"6825","P05948_N",0.282842712474603,0.399999999999977
"6826","P05949_C",1.4142135623731,2
"6827","P05949_E",3.25269119345813,4.60000000000002
"6828","P05949_N",0.212132034355972,0.300000000000011
"6829","P05952_C",1.20208152801712,1.69999999999999
"6830","P05952_E",1.4142135623731,2
"6831","P05952_N",1.13137084989849,1.60000000000002
"6832","P05953_C",0.494974746830575,0.699999999999989
"6833","P05953_E",2.82842712474619,4
"6834","P05953_N",2.82842712474619,4
"6835","P05954_C",1.4142135623731,2
"6836","P05954_E",1.13137084989849,1.60000000000002
"6837","P05954_N",2.12132034355964,3
"6838","P05955_C",2.33345237791562,3.30000000000001
"6839","P05955_E",0.91923881554252,1.30000000000001
"6840","P05955_N",0.424264068711945,0.600000000000023
"6841","P05957_C",0,0
"6842","P05957_E",2.33345237791562,3.30000000000001
"6843","P05957_N",0.707106781186548,1
"6844","P05958_C",0.707106781186548,1
"6845","P05958_E",0.494974746830575,0.699999999999989
"6846","P05958_N",0.424264068711945,0.600000000000023
"6847","P05959_C",5.65685424949238,8
"6848","P05959_E",2.12132034355964,3
"6849","P05959_N",1.13137084989849,1.60000000000002
"6850","P05961_C",0.212132034355972,0.300000000000011
"6851","P05961_E",0.212132034355972,0.300000000000011
"6852","P05961_N",1.62634559672907,2.30000000000001
"6853","P05963_C",0.91923881554252,1.30000000000001
"6854","P05963_E",0.282842712474603,0.399999999999977
"6855","P05963_N",0.282842712474603,0.399999999999977
"6856","P05965_C",0.91923881554252,1.30000000000001
"6857","P05965_E",1.20208152801712,1.69999999999999
"6858","P05965_N",0.424264068711945,0.600000000000023
"6859","P06102_C",6.66058055527695,13.3
"6860","P06102_E",11.8626865984622,21.6
"6861","P06102_N",7.04485627958441,13.7
"6862","P06103_C",4.4105933085395,8.60000000000002
"6863","P06103_E",3.15647482697602,6
"6864","P06103_N",6.36893502348182,12
"6865","P06106_C",5.15072810387037,10.3
"6866","P06106_E",4.58257569495584,9
"6867","P06106_N",9.81495457622364,17
"6868","P06107_C",4.11865673895426,8
"6869","P06107_E",4.2453896562428,8.30000000000001
"6870","P06107_N",2.53574446662119,4.69999999999999
"6871","P06109_C",6.18573628061635,12.3
"6872","P06109_E",7.40022522179786,13.7
"6873","P06109_N",5.68008215903022,10.3
"6874","P06111_C",6.75746500792518,13
"6875","P06111_E",4.55668007801001,8.69999999999999
"6876","P06111_N",6.83032454084967,13.4
"6877","P06112_C",4.67154506917501,8.69999999999999
"6878","P06112_E",9.33613053322056,17.7
"6879","P06112_N",8.73231546231199,16.4
"6880","P06115_C",4.44109596083368,8.39999999999998
"6881","P06115_E",7.64613191969203,14.7
"6882","P06115_N",7.18957578720749,12.6
"6883","P06120_C",8.94557618788938,17.3
"6884","P06120_E",7.99937497558403,15.3
"6885","P06120_N",7.59736796528902,14.4
"6886","P06121_C",1.66232768530556,3.30000000000001
"6887","P06121_E",2.73007936392576,5
"6888","P06121_N",6.28649345820067,12.4
"6889","P06127_C",5.00632932729493,9.69999999999999
"6890","P06127_E",7.20578471322403,14.4
"6891","P06127_N",0.981495457622357,1.69999999999999
"6892","P06129_C",6.65832811847939,13
"6893","P06129_E",5.10522608053095,9.30000000000001
"6894","P06129_N",5.30282943342513,10.4
"6895","P06130_C",5.00632932729493,9.69999999999999
"6896","P06130_E",5.68008215903022,10.3
"6897","P06130_N",5.40647759636531,10.3
"6898","P06132_C",7.26108348205234,13.3
"6899","P06132_E",7.27942305406137,13.6
"6900","P06132_N",4.00374824383352,8
"6901","P06133_C",7.99770800500576,14
"6902","P06133_E",5.40647759636531,10.3
"6903","P06133_N",9.89595877113481,19
"6904","P06134_C",2.67644042215278,5.30000000000001
"6905","P06134_E",10.2109418435977,18.3
"6906","P06134_N",4.35469095727048,8.69999999999999
"6907","P06135_C",7.50755175362337,14
"6908","P06135_E",10.8744348512156,21
"6909","P06135_N",7.89071183945615,15.3
"6910","P06136_C",6.53681879816169,13
"6911","P06136_E",9.53572231139309,17.7
"6912","P06136_N",7.1014083110324,12.3
"6913","P06137_C",6.31294965395206,12.6
"6914","P06137_E",4.13077878048842,7.30000000000001
"6915","P06137_N",5.68624070307733,11
"6916","P06140_C",7.67875858022203,14.3
"6917","P06140_E",8.40555371961497,16.4
"6918","P06140_N",8.37376856618332,15.4
"6919","P06141_C",6.07700584169539,11.7
"6920","P06141_E",3.99541403778548,7.69999999999999
"6921","P06141_N",2.98663690461363,5.60000000000002
"6922","P06142_C",2.85131548587665,5.69999999999999
"6923","P06142_E",2.93087017795058,5.60000000000002
"6924","P06142_N",4.86449723335653,9
"6925","P06144_C",7.98310716450682,14.3
"6926","P06144_E",8.405553719615,16.6
"6927","P06144_N",7.85047769247196,15.7
"6928","P06146_C",2.53574446662119,4.69999999999999
"6929","P06146_E",4.01497197997695,8
"6930","P06146_N",1.85202591774521,3.69999999999999
"6931","P06149_C",5.57882902886737,10.4
"6932","P06149_E",4.70319040652193,9.39999999999998
"6933","P06149_N",2.51661147842358,5
"6934","P06150_C",3.46410161513775,6
"6935","P06150_E",5.3507008886687,10
"6936","P06150_N",6.2385895841929,11
"6937","P06151_C",7.73498545570707,14
"6938","P06151_E",3.40440890610983,6.69999999999999
"6939","P06151_N",6.91761037738708,13.6
"6940","P06152_C",5.80717946453642,11.6
"6941","P06152_E",3.04357246231025,5.69999999999999
"6942","P06152_N",4.53468117218105,8
"6943","P06153_C",4.50924975282289,9
"6944","P06153_E",7.33643873642609,13.7
"6945","P06153_N",2.87286152352202,5.39999999999998
"6946","P06154_C",7.93494381412581,15.3
"6947","P06154_E",0.650640709864776,1.30000000000001
"6948","P06154_N",3.35459883344244,6
"6949","P06159_C",4.72581562625261,9
"6950","P06159_E",3.88115103201786,7.69999999999999
"6951","P06159_N",9.51122144276608,19
"6952","P06161_C",4.6184412955022,9
"6953","P06161_E",4.02781992315116,7.30000000000001
"6954","P06161_N",4.02781992315116,7.30000000000001
"6955","P06162_C",0.981495457622357,1.69999999999999
"6956","P06162_E",1.7578395831247,3.30000000000001
"6957","P06162_N",2.30651251893415,4.39999999999998
"6958","P06163_C",2.59422435421457,5
"6959","P06163_E",2.60576284415908,4.69999999999999
"6960","P06163_N",1.07857931249089,2
"6961","P06164_C",2.67644042215278,5.30000000000001
"6962","P06164_E",3.15013227235515,5.60000000000002
"6963","P06164_N",2.89194283023252,5.69999999999999
"6964","P06166_C",5.74920284329343,11.4
"6965","P06166_E",3.63730669589465,6.30000000000001
"6966","P06166_N",5.17912476518315,9.30000000000001
"6967","P06169_C",1.25033328890074,2.30000000000001
"6968","P06169_E",4.30387422368886,7.60000000000002
"6969","P06169_N",2.13619599600162,4
"6970","P06170_C",1.17898261225517,2.30000000000001
"6971","P06170_E",3.35608899365516,6.69999999999999
"6972","P06170_N",2.3094010767585,4
"6973","P06171_C",2.51661147842358,5
"6974","P06171_E",2.47588368062798,4.69999999999999
"6975","P06171_N",2.43310501211928,4.39999999999998
"6976","P06172_C",6.78699737242718,13.3
"6977","P06172_E",4.55302097513288,9
"6978","P06172_N",6.32165590121238,11.7
"6979","P06174_C",5.78388566046505,11.4
"6980","P06174_E",3.51188458428425,7
"6981","P06174_N",2.15715862498179,4
"6982","P06175_C",3.38427737239923,6.60000000000002
"6983","P06175_E",0.850490054811549,1.60000000000002
"6984","P06175_N",4.22532050066421,8.39999999999998
"6985","P06177_C",4.50037035513006,8.60000000000002
"6986","P06177_E",4.76060220280305,8.69999999999999
"6987","P06177_N",7.52684086010414,14.4
"6988","P06181_C",NA,0
"6989","P06181_E",NA,0
"6990","P06181_N",NA,0
"6991","P06182_C",NA,0
"6992","P06182_E",NA,0
"6993","P06182_N",NA,0
"6994","P06201_C",6.79117073853986,12.4
"6995","P06201_E",0.65064070986477,1.3
"6996","P06201_N",0.173205080756886,0.299999999999997
"6997","P06202_C",1.28582010146573,2.40000000000001
"6998","P06202_E",1.66232768530556,3.3
"6999","P06202_N",3.31511689085016,6.40000000000001
"7000","P06203_C",2.70554985169374,5.40000000000001
"7001","P06203_E",1.73877351409933,3.3
"7002","P06203_N",2.48260615751539,4.3
"7003","P06205_C",1.70880074906351,3.40000000000001
"7004","P06205_E",4.13077878048841,7.3
"7005","P06205_N",0.981495457622365,1.7
"7006","P06206_C",3.29089653438087,5.7
"7007","P06206_E",3.05505046330389,6
"7008","P06206_N",5.85861189475232,11.7
"7009","P06209_C",1.50443787951957,3
"7010","P06209_E",0.88881944173156,1.7
"7011","P06209_N",4.83976583455578,9.40000000000001
"7012","P06210_C",1.85831464863552,3.40000000000001
"7013","P06210_E",2.70739727413618,5
"7014","P06210_N",1.96299091524473,3.40000000000001
"7015","P06211_C",2.59422435421457,5
"7016","P06211_E",1.40118997046558,2.7
"7017","P06211_N",2.48260615751539,4.3
"7018","P06213_C",4.8428641663104,9
"7019","P06213_E",5.05601951473027,10
"7020","P06213_N",3.27465010853577,6.3
"7021","P06214_C",0.513160143944689,1
"7022","P06214_E",3.4828149534536,6.7
"7023","P06214_N",3.78593889720018,7
"7024","P06215_C",4.18688428309167,7.7
"7025","P06215_E",3.83709959908957,7.3
"7026","P06215_N",3.0199337741083,6
"7027","P06218_C",3.04357246231026,5.7
"7028","P06218_E",1.56950098226581,3
"7029","P06218_N",3.66924152016916,7.3
"7030","P06219_C",3.0199337741083,6
"7031","P06219_E",3.78593889720018,7
"7032","P06219_N",2.24796204001165,4.40000000000001
"7033","P06220_C",1.85202591774521,3.7
"7034","P06220_E",1.15325625946708,2.3
"7035","P06220_N",7.65658757759181,14.6
"7036","P06221_C",1.99749843554382,3.59999999999999
"7037","P06221_E",1.92873015219859,3.59999999999999
"7038","P06221_N",0.351188458428426,0.700000000000003
"7039","P06223_C",0.577350269189626,1
"7040","P06223_E",2.25018517756502,4.3
"7041","P06223_N",1.0785793124909,2
"7042","P06225_C",1.17898261225516,2.3
"7043","P06225_E",5.78129166651652,10.3
"7044","P06225_N",0.907377172587749,1.7
"7045","P06227_C",1.65227116418583,3
"7046","P06227_E",11.7528719894331,23
"7047","P06227_N",5.17976833458795,9.7
"7048","P06228_C",1.40118997046558,2.7
"7049","P06228_E",0.808290376865479,1.40000000000001
"7050","P06228_N",0.7211102550928,1.40000000000001
"7051","P06229_C",6.49332991101895,12
"7052","P06229_E",2.76224546338663,5.3
"7053","P06229_N",2.03059925473574,3.7
"7054","P06230_C",3.15647482697603,6
"7055","P06230_E",0.173205080756886,0.299999999999997
"7056","P06230_N",0.981495457622365,1.7
"7057","P06231_C",3.29089653438087,5.7
"7058","P06231_E",6.90820767879291,13.7
"7059","P06231_N",1.69213868619961,3.3
"7060","P06233_C",1.85202591774521,3.7
"7061","P06233_E",1.90525588832576,3.3
"7062","P06233_N",1.02632028788938,2
"7063","P06234_C",1.66232768530556,3.3
"7064","P06234_E",1.01488915650922,2
"7065","P06234_N",0.88881944173156,1.7
"7066","P06235_C",2.35867194271127,4.7
"7067","P06235_E",3.95769293065207,7
"7068","P06235_N",2.03059925473574,3.7
"7069","P06236_C",2.40069434400411,4.3
"7070","P06236_E",0.503322295684716,1
"7071","P06236_N",2.67644042215278,5.3
"7072","P06237_C",4.9386232899463,8.7
"7073","P06237_E",0.854400374531754,1.7
"7074","P06237_N",5.6500737458314,11.3
"7075","P06242_C",3.36452076825215,6.40000000000001
"7076","P06242_E",3.50190424388408,7
"7077","P06242_N",2.97713508819021,5.3
"7078","P06246_C",1.55884572681199,2.7
"7079","P06246_E",1.96553639837408,3.7
"7080","P06246_N",0.854400374531754,1.7
"7081","P06249_C",2.47588368062799,4.7
"7082","P06249_E",1.96553639837408,3.7
"7083","P06249_N",3.10698138606161,6
"7084","P06250_C",3.53411940941446,6.7
"7085","P06250_E",3.38575447032612,6.3
"7086","P06250_N",1.82482875908946,3.3
"7087","P06252_C",1.74737898961082,3.40000000000001
"7088","P06252_E",1.96553639837408,3.7
"7089","P06252_N",2.37977589981354,4.7
"7090","P06254_C",2.70739727413618,5
"7091","P06254_E",2.05507501890645,3.7
"7092","P06254_N",4.952103929981,9.3
"7093","P06255_C",3.20780298646909,5.7
"7094","P06255_E",5,10
"7095","P06255_N",3.29089653438087,5.7
"7096","P06258_C",2.08166599946613,4
"7097","P06258_E",2.30723499742296,4.3
"7098","P06258_N",1.17898261225516,2.3
"7099","P06259_C",2.88444102037119,5.59999999999999
"7100","P06259_E",1.96553639837408,3.7
"7101","P06259_N",1.96553639837408,3.7
"7102","P06263_C",1.3114877048604,2.59999999999999
"7103","P06263_E",2.88675134594813,5
"7104","P06263_N",3.20780298646909,5.7
"7105","P06264_C",1.56950098226581,3
"7106","P06264_E",NA,0
"7107","P06264_N",0.351188458428426,0.700000000000003
"7108","P06265_C",NA,6.40000000000001
"7109","P06265_E",NA,0.700000000000003
"7110","P06265_N",NA,2.3
"7111","P06266_C",3.15647482697603,6
"7112","P06266_E",2.33523731841826,4.59999999999999
"7113","P06266_N",1.05830052442584,2
"7114","P06267_C",4.58839114868527,8.40000000000001
"7115","P06267_E",1.65025250593154,3.3
"7116","P06267_N",2.13619599600161,4
"7117","P06268_C",2.20302821891444,4
"7118","P06268_E",5.09542278258962,10
"7119","P06268_N",0.88881944173156,1.7
"7120","P06269_C",3.18799832705937,6.3
"7121","P06269_E",0.577350269189626,1
"7122","P06269_N",1.82300118851671,3.59999999999999
"7123","P06273_C",0.854400374531754,1.7
"7124","P06273_E",3.51188458428425,7
"7125","P06273_N",3.50190424388408,7
"7126","P06274_C",1.19303534454488,2.3
"7127","P06274_E",2.50266524595946,5
"7128","P06274_N",4.21465696508427,8
"7129","P06301_C",2.80416357107308,5
"7130","P06301_E",9.75346092420532,18.3
"7131","P06301_N",4.50924975282289,9
"7132","P06302_C",2.42693221990231,4.69999999999999
"7133","P06302_E",3.86307304271266,7.69999999999999
"7134","P06302_N",2.80416357107308,5
"7135","P06303_C",2.35867194271126,4.69999999999999
"7136","P06303_E",12.203414822636,24.4
"7137","P06303_N",5.1565492337415,10.3
"7138","P06306_C",8.65582655402322,15.6
"7139","P06306_E",9.00166651237424,17.7
"7140","P06306_N",2.54230866208911,5
"7141","P06309_C",4.29301758673313,8
"7142","P06309_E",0.850490054811549,1.60000000000002
"7143","P06309_N",2.67644042215278,5.30000000000001
"7144","P06311_C",5.33510387277823,9.69999999999999
"7145","P06311_E",3.15119025131775,6.30000000000001
"7146","P06311_N",2.51661147842358,5
"7147","P06313_C",3.28075194632775,6
"7148","P06313_E",1,2
"7149","P06313_N",3.43947670438396,6.69999999999999
"7150","P06315_C",3.86307304271266,7.69999999999999
"7151","P06315_E",11.7670443754298,21
"7152","P06315_N",5.52449092677326,10.6
"7153","P06316_C",2.89194283023252,5.69999999999999
"7154","P06316_E",8.93662874541251,17.7
"7155","P06316_N",8.50490054811538,16
"7156","P06318_C",9.47435134103297,18.7
"7157","P06318_E",2.50066657780148,4.60000000000002
"7158","P06318_N",10.0026663112059,20
"7159","P06319_C",1.56950098226581,3
"7160","P06319_E",9.98649087517732,19.7
"7161","P06319_N",2.22785397486759,4
"7162","P06320_C",13.5769412362775,27
"7163","P06320_E",6.39765582068932,12.7
"7164","P06320_N",6.12617335699864,11.7
"7165","P06321_C",3.50190424388408,7
"7166","P06321_E",4,8
"7167","P06321_N",3.45301800362138,6.30000000000001
"7168","P06322_C",2.3094010767585,4
"7169","P06322_E",3.3261589458914,6.30000000000001
"7170","P06322_N",2.80416357107308,5
"7171","P06323_C",3.5529330606322,6.69999999999999
"7172","P06323_E",1.23423390543823,2.39999999999998
"7173","P06323_N",3.85875627631494,7.69999999999999
"7174","P06325_C",7.67224434786415,15
"7175","P06325_E",3.38575447032613,6.30000000000001
"7176","P06325_N",1.65025250593155,3.30000000000001
"7177","P06326_C",1.82482875908947,3.30000000000001
"7178","P06326_E",3.93107279674814,7.39999999999998
"7179","P06326_N",4.62853468533329,8.30000000000001
"7180","P06329_C",10.8546457028009,21.7
"7181","P06329_E",11.4594938806214,22.4
"7182","P06329_N",3.86824680357049,6.69999999999999
"7183","P06333_C",8.61181359141809,16.7
"7184","P06333_E",1.30000000000001,2.60000000000002
"7185","P06333_N",5.01630674234873,10
"7186","P06334_C",4.54459385790781,9
"7187","P06334_E",8.21360659718576,15
"7188","P06334_N",8.00333263917809,16
"7189","P06335_C",3.99541403778548,7.69999999999999
"7190","P06335_E",11.2694276695846,20
"7191","P06335_N",4.11865673895426,8
"7192","P06336_C",5.3631458430042,10.7
"7193","P06336_E",7.00214252925489,14
"7194","P06336_N",7.51154666718735,13.3
"7195","P06337_C",4.29301758673313,8
"7196","P06337_E",5.2373657500694,10
"7197","P06337_N",2.64575131106459,5
"7198","P06338_C",3.35608899365516,6.69999999999999
"7199","P06338_E",4.50924975282289,9
"7200","P06338_N",10.0126586545899,19.4
"7201","P06339_C",11.2766720859185,22
"7202","P06339_E",7.30205450541148,14
"7203","P06339_N",2.00748598998847,4
"7204","P06340_C",2.53574446662119,4.69999999999999
"7205","P06340_E",2.50266524595946,5
"7206","P06340_N",11.186152153444,20.7
"7207","P06341_C",3.8626415831656,7.60000000000002
"7208","P06341_E",3.85529938310027,7
"7209","P06341_N",0.680685928555409,1.30000000000001
"7210","P06342_C",4.2852460061627,8.30000000000001
"7211","P06342_E",5.75007246331151,10.7
"7212","P06342_N",1.56950098226581,3
"7213","P06343_C",4.04516171905813,7.69999999999999
"7214","P06343_E",10.0164864099144,19.7
"7215","P06343_N",6.48254065419827,12.3
"7216","P06344_C",14.1311712182678,27.4
"7217","P06344_E",7.54475535278204,14.7
"7218","P06344_N",3.39460356055509,6.69999999999999
"7219","P06345_C",9.79047155827201,19.4
"7220","P06345_E",3.10698138606161,6
"7221","P06345_N",3.87599449604011,7.39999999999998
"7222","P06348_C",1.25033328890074,2.30000000000001
"7223","P06348_E",3.35608899365516,6.69999999999999
"7224","P06348_N",8.80075754315122,17.4
"7225","P06349_C",4.45570794973518,8
"7226","P06349_E",5.21759842584051,10.3
"7227","P06349_N",2.01328918273887,4
"7228","P06350_C",9.22243640982865,17.4
"7229","P06350_E",2.42693221990231,4.69999999999999
"7230","P06350_N",0.721110255092788,1.39999999999998
"7231","P06351_C",3.04357246231025,5.69999999999999
"7232","P06351_E",2.86181760425083,5.69999999999999
"7233","P06351_N",5.20480547186924,9.30000000000001
"7234","P06352_C",4.55668007801001,8.69999999999999
"7235","P06352_E",4.55302097513288,9
"7236","P06352_N",1.7088007490635,3.39999999999998
"7237","P06354_C",2.13619599600161,3.69999999999999
"7238","P06354_E",2.54230866208911,5
"7239","P06354_N",3.66924152016917,7.30000000000001
"7240","P06357_C",6.48562513049692,11.7
"7241","P06357_E",1.02632028788937,2
"7242","P06357_N",2.53574446662119,4.69999999999999
"7243","P06358_C",1.25033328890074,2.30000000000001
"7244","P06358_E",9.71253485622231,19
"7245","P06358_N",2.51661147842358,5
"7246","P06361_C",3.93996615890712,7.69999999999999
"7247","P06361_E",5.83866423079799,10.7
"7248","P06361_N",3.65102725270574,7
"7249","P06362_C",7.27461339178927,14.4
"7250","P06362_E",2.15174347913501,4.30000000000001
"7251","P06362_N",4.78156180900481,9
"7252","P06364_C",2.71845544381364,5.30000000000001
"7253","P06364_E",3.78461799040977,6.69999999999999
"7254","P06364_N",7.04651213958603,14
"7255","P06365_C",7.71492060879436,14.4
"7256","P06365_E",0.404145188432731,0.699999999999989
"7257","P06365_N",5.13160143944688,10
"7258","P06366_C",2.04042479237372,4
"7259","P06366_E",0.577350269189626,1
"7260","P06366_N",1.69999999999999,3.39999999999998
"7261","P06370_C",7.08895855068523,13
"7262","P06370_E",0.300000000000011,0.600000000000023
"7263","P06370_N",16.2583311976763,32
"7264","P06501_C",NA,33
"7265","P06501_E",NA,19
"7266","P06501_N",NA,5.69999999999999
"7267","P06502_C",NA,1.69999999999999
"7268","P06502_E",NA,1
"7269","P06502_N",NA,3.69999999999999
"7270","P06503_C",NA,8.60000000000002
"7271","P06503_E",NA,2.30000000000001
"7272","P06503_N",NA,5.69999999999999
"7273","P06505_C",NA,15.3
"7274","P06505_E",NA,25.6
"7275","P06505_N",NA,32
"7276","P06508_C",NA,15.7
"7277","P06508_E",NA,0.300000000000011
"7278","P06508_N",NA,12
"7279","P06509_C",NA,8.39999999999998
"7280","P06509_E",NA,23.4
"7281","P06509_N",NA,9
"7282","P06510_C",NA,11
"7283","P06510_E",NA,11.6
"7284","P06510_N",NA,3.69999999999999
"7285","P06511_C",3.2129944496269,6.39999999999998
"7286","P06511_E",5.26529518007616,9.69999999999999
"7287","P06511_N",3.73229152130431,7.30000000000001
"7288","P06513_C",4.13077878048842,7.30000000000001
"7289","P06513_E",11.8963579860953,21.7
"7290","P06513_N",7.04485627958441,13.7
"7291","P06515_C",8.20751687986892,15.7
"7292","P06515_E",5.39011440818592,10.6
"7293","P06515_N",2.24796204001164,4.39999999999998
"7294","P06517_N",0.212132034355972,0.300000000000011
"7295","P06520_C",8.90954544295051,12.6
"7296","P06520_E",6.08111831820433,8.60000000000002
"7297","P06522_C",15.2332968635595,28
"7298","P06522_E",NA,9
"7299","P06522_N",12.0355030361565,21.6
"7300","P06524_C",NA,3
"7301","P06524_E",10.4987300819353,20.7
"7302","P06524_N",1.73205080756888,3
"7303","P06525_C",10.1716927467031,20.3
"7304","P06525_E",6.75450466972474,13.3
"7305","P06525_N",6.0135957075059,12
"7306","P06526_C",2.04042479237372,4
"7307","P06526_E",8.56329375882902,17
"7308","P06526_N",3.05505046330389,6
"7309","P06529_C",3.35012437580061,6.60000000000002
"7310","P06529_E",7.57187779440036,14
"7311","P06529_N",8.31444526111033,16.3
"7312","P06530_C",NA,0
"7313","P06530_E",NA,2
"7314","P06530_N",NA,0
"7315","P06531_C",4.63573079459971,8.60000000000002
"7316","P06531_E",7.85005307837683,14.6
"7317","P06531_N",4.36501240929891,8.60000000000002
"7318","P06532_E",6.8589357775095,9.69999999999999
"7319","P06534_C",14.8139573825948,26.6
"7320","P06534_E",10.6971958942519,20.3
"7321","P06534_N",NA,5
"7322","P06535_C",5.59732078766261,11
"7323","P06535_E",5.66244941110589,11.3
"7324","P06535_N",4.33474336033865,7.69999999999999
"7325","P06537_C",5.81578312296232,10.7
"7326","P06537_E",5.08461732417823,9
"7327","P06537_N",NA,26
"7328","P06538_C",21.4273190110196,41
"7329","P06538_E",6.65832811847939,12
"7330","P06538_N",12.370529495539,23.7
"7331","P06540_N",7.56604255869605,10.7
"7332","P06544_C",15.0151035072467,28
"7333","P06544_E",17.3529056164474,30.4
"7334","P06544_N",14.7285437161995,27
"7335","P06545_C",14.7034009671232,27.7
"7336","P06545_E",30.2962593950694,57
"7337","P06545_N",12.102203656084,22.3
"7338","P06548_C",9.94300424083854,17.7
"7339","P06548_E",15.8193973757957,27.4
"7340","P06548_N",15.7838525081806,29
"7341","P06553_C",NA,23
"7342","P06553_E",NA,-Inf
"7343","P06553_N",NA,26.7
"7344","P06555_C",NA,33
"7345","P06555_E",NA,8.69999999999999
"7346","P06555_N",NA,0
"7347","P06557_C",20.1534943206714,36
"7348","P06557_E",12.1173429430713,22.7
"7349","P06557_N",18.0045364653838,32
"7350","P06558_C",NA,31.3
"7351","P06558_E",NA,15.3
"7352","P06558_N",NA,31
"7353","P06561_C",4.66511879091341,9.30000000000001
"7354","P06561_E",3.86307304271266,7.69999999999999
"7355","P06561_N",1.25033328890074,2.30000000000001
"7356","P06564_C",5.9180514811324,11.3
"7357","P06564_E",2.41315837303177,4.69999999999999
"7358","P06564_N",2.47588368062798,4.69999999999999
"7359","P06565_C",1.58745078663875,3
"7360","P06565_E",3.05995642670502,5.30000000000001
"7361","P06565_N",5.17912476518315,9.30000000000001
"7362","P06567_C",5.3153864707407,9.39999999999998
"7363","P06567_E",16.2210768240994,29.6
"7364","P06567_N",8.8160837866557,17.3
"7365","P06568_C",1.15325625946709,2.30000000000001
"7366","P06568_E",2.89194283023252,5.69999999999999
"7367","P06568_N",6.18573628061635,12.3
"7368","P06569_C",1.82482875908947,3.30000000000001
"7369","P06569_E",6.43842630876004,12.6
"7370","P06569_N",6.34455146825475,12.6
"7371","P06571_C",2.25018517756503,4.30000000000001
"7372","P06571_E",11.7189305541646,22
"7373","P06571_N",5.19615242270663,9
"7374","P06577_C",2.50066657780148,4.60000000000002
"7375","P06577_E",3.56791255498225,7
"7376","P06577_N",8.14452781524708,15
"7377","P06578_C",17.5003809482346,35
"7378","P06578_E",3.88115103201786,7.69999999999999
"7379","P06578_N",6.557438524302,13
"7380","P06579_C",4.50037035513006,8.60000000000002
"7381","P06579_E",5.87054795852425,11.7
"7382","P06579_N",NA,7.39999999999998
"7383","P06580_C",13.1730786075238,23.3
"7384","P06580_E",3.49618840072062,6.60000000000002
"7385","P06580_N",16.7619609035856,33.3
"7386","P06581_C",NA,0
"7387","P06581_E",NA,0
"7388","P06581_N",NA,0
"7389","P06582_C",NA,0
"7390","P06582_E",NA,0
"7391","P06582_N",NA,0
"7392","P06583_C",NA,-Inf
"7393","P06583_E",NA,-Inf
"7394","P06583_N",NA,-Inf
"7395","P06584_C",NA,-Inf
"7396","P06584_E",NA,-Inf
"7397","P06584_N",NA,-Inf
"7398","P06585_C",NA,0
"7399","P06585_E",NA,0
"7400","P06585_N",NA,0
"7401","P06586_C",NA,0
"7402","P06586_E",NA,0
"7403","P06586_N",NA,0
"7404","P06601_C",2.97713508819021,5.30000000000001
"7405","P06601_E",5.59732078766261,11
"7406","P06601_N",3.50047615808669,7
"7407","P06602_C",1.62890556304942,3
"7408","P06602_E",3.60555127546399,7
"7409","P06602_N",2.93087017795058,5.60000000000002
"7410","P06604_C",1.85831464863553,3.60000000000002
"7411","P06604_E",4.7920072342739,8.30000000000001
"7412","P06604_N",2.24796204001164,4.39999999999998
"7413","P06605_C",3.00887575903913,6
"7414","P06605_E",0.513160143944687,1
"7415","P06605_N",3.27465010853577,6.30000000000001
"7416","P06606_C",8.08022276920631,14.6
"7417","P06606_E",2.218858565419,4.39999999999998
"7418","P06606_N",2.60576284415908,4.69999999999999
"7419","P06607_C",1.36503968196288,2.69999999999999
"7420","P06607_E",3.93107279674814,7.39999999999998
"7421","P06607_N",2.54230866208911,5
"7422","P06608_C",1.17898261225517,2.30000000000001
"7423","P06608_E",2.57940561628708,5
"7424","P06608_N",7.57187779440036,14
"7425","P06609_C",3.23316150746192,5.60000000000002
"7426","P06609_E",3.74477413649118,7.39999999999998
"7427","P06609_N",1.52752523165195,3
"7428","P06611_C",2.59422435421457,5
"7429","P06611_E",5.51935986626468,10.7
"7430","P06611_N",0.808290376865486,1.60000000000002
"7431","P06613_C",7,13
"7432","P06613_E",8.05315673095547,16
"7433","P06613_N",7.17147125769881,13.3
"7434","P06617_C",1.82300118851672,3.60000000000002
"7435","P06617_E",1.7578395831247,3.30000000000001
"7436","P06617_N",4.43057558337515,8
"7437","P06620_C",3.38575447032613,6.30000000000001
"7438","P06620_E",2.33523731841828,4.60000000000002
"7439","P06620_N",2.8844410203712,5.60000000000002
"7440","P06621_C",3.66787858759437,7
"7441","P06621_E",3.00887575903913,5.39999999999998
"7442","P06621_N",2.70554985169373,5.39999999999998
"7443","P06625_C",2.86763549520041,5.69999999999999
"7444","P06625_E",3.77535870260473,7.39999999999998
"7445","P06625_N",5.33135379930215,10.6
"7446","P06627_C",2.81602556806575,5.30000000000001
"7447","P06627_E",4.61880215351701,8
"7448","P06627_N",5.39660387033672,10.4
"7449","P06628_C",2.20529665426975,4.30000000000001
"7450","P06628_E",3.93996615890712,7.69999999999999
"7451","P06628_N",0.680685928555409,1.30000000000001
"7452","P06629_C",2.8792360097776,5.30000000000001
"7453","P06629_E",3.55387112878338,6.30000000000001
"7454","P06629_N",3.05505046330389,6
"7455","P06630_C",1.15470053837925,2
"7456","P06630_E",2.20529665426975,4.30000000000001
"7457","P06630_N",1.50443787951957,3
"7458","P06632_C",3.78593889720018,7
"7459","P06632_E",2,4
"7460","P06632_N",5.73265499863138,11
"7461","P06634_C",2.41936630821655,4.60000000000002
"7462","P06634_E",2.65769323537036,5.30000000000001
"7463","P06634_N",1.25033328890074,2.30000000000001
"7464","P06636_C",0.404145188432731,0.699999999999989
"7465","P06636_E",1.31148770486041,2.60000000000002
"7466","P06636_N",12.4591331961738,23.3
"7467","P06638_C",3.05995642670502,5.30000000000001
"7468","P06638_E",0.854400374531748,1.69999999999999
"7469","P06638_N",1.7088007490635,3.39999999999998
"7470","P06643_C",1.36503968196288,2.69999999999999
"7471","P06643_E",6.71217798731032,13.4
"7472","P06643_N",3.37095436535906,6.69999999999999
"7473","P06644_C",11.1637807216014,22
"7474","P06644_E",4.02036482589992,8
"7475","P06644_N",3.02709982216202,6
"7476","P06645_C",0.808290376865463,1.39999999999998
"7477","P06645_E",1.28582010146572,2.39999999999998
"7478","P06645_N",3.04357246231025,5.69999999999999
"7479","P06646_C",2.13619599600162,4
"7480","P06646_E",3.86824680357049,6.69999999999999
"7481","P06646_N",4,8
"7482","P06652_C",8.10267445559388,15.6
"7483","P06652_E",8.61761761354804,16.3
"7484","P06652_N",3.30454232837167,6.60000000000002
"7485","P06653_C",5.18844870842914,10
"7486","P06653_E",5.24309069156733,9.69999999999999
"7487","P06653_N",5.85064099052402,11.7
"7488","P06655_C",0.404145188432731,0.699999999999989
"7489","P06655_E",2.85131548587665,5.69999999999999
"7490","P06655_N",1.66232768530556,3.30000000000001
"7491","P06656_C",4.00666112035113,7.60000000000002
"7492","P06656_E",0.300000000000011,0.600000000000023
"7493","P06656_N",2.36431808350737,4.39999999999998
"7494","P06657_C",3.61432335760558,6.69999999999999
"7495","P06657_E",1.15325625946709,2.30000000000001
"7496","P06657_N",2.15174347913501,4.30000000000001
"7497","P06661_C",1.56950098226581,3
"7498","P06661_E",3.95769293065207,7.30000000000001
"7499","P06661_N",3.20780298646908,5.69999999999999
"7500","P06663_C",1.90525588832577,3.30000000000001
"7501","P06663_E",2.32880512996114,4.30000000000001
"7502","P06663_N",8.62167810425171,17
"7503","P06664_C",4.89523577913602,9.30000000000001
"7504","P06664_E",1.52752523165195,3
"7505","P06664_N",5.80201114557128,11
"7506","P06670_C",5.4341512676774,10.7
"7507","P06670_E",5.87054795852425,11.7
"7508","P06670_N",6.28649345820067,12.4
"7509","P06671_C",0.680685928555409,1.30000000000001
"7510","P06671_E",5.68887803818409,10
"7511","P06671_N",2.50066657780148,4.60000000000002
"7512","P06672_C",4.63573079459971,8.60000000000002
"7513","P06672_E",2.08166599946613,4
"7514","P06672_N",5.05206228517952,9.69999999999999
"7515","P06673_C",1.50443787951957,3
"7516","P06673_E",4.57383865041172,8.60000000000002
"7517","P06673_N",1.69213868619961,3.30000000000001
"7518","P06674_C",1.35030860670193,2.69999999999999
"7519","P06674_E",10.6828523032631,20.4
"7520","P06674_N",2.55342906696074,5
"7521","P06675_C",1.20554275466833,2.39999999999998
"7522","P06675_E",4.45234020862438,8.60000000000002
"7523","P06675_N",3.38082830087539,6
"7524","P06676_C",6.00999168052669,12
"7525","P06676_E",3.43947670438396,6.69999999999999
"7526","P06676_N",6.00999168052668,11.4
"7527","P06677_C",2.04042479237372,4
"7528","P06677_E",1.82482875908947,3.30000000000001
"7529","P06677_N",2.65015722804013,5.30000000000001
"7530","P06678_C",1.23423390543823,2.39999999999998
"7531","P06678_E",1.4224392195568,2.60000000000002
"7532","P06678_N",1.05830052442584,2
"7533","P06680_C",3.35608899365516,6.69999999999999
"7534","P06680_E",1.40118997046558,2.69999999999999
"7535","P06680_N",6.17980582219215,11.7
"7536","P06681_C",NA,0
"7537","P06681_E",NA,0
"7538","P06681_N",NA,0
"7539","P06701_C",2.15715862498179,4
"7540","P06701_E",3.38575447032613,6.30000000000001
"7541","P06701_N",0.850490054811549,1.60000000000002
"7542","P06702_C",3.20780298646908,5.69999999999999
"7543","P06702_E",2.08166599946613,4
"7544","P06702_N",0.577350269189626,1
"7545","P06703_C",3.38575447032613,6.30000000000001
"7546","P06703_E",1.40118997046558,2.69999999999999
"7547","P06703_N",1.15325625946709,2.30000000000001
"7548","P06704_C",4.08533964316309,7.39999999999998
"7549","P06704_E",2.13619599600162,4
"7550","P06704_N",3.15013227235515,5.60000000000002
"7551","P06705_C",1.01488915650922,2
"7552","P06705_E",2.371356854911,4.60000000000002
"7553","P06705_N",0.854400374531748,1.69999999999999
"7554","P06706_C",1.36503968196288,2.69999999999999
"7555","P06706_E",2.13619599600162,4
"7556","P06706_N",11.5036226178249,23
"7557","P06707_C",3.0746273486934,5.60000000000002
"7558","P06707_E",6.14193237778905,11.6
"7559","P06707_N",1.32790561913615,2.30000000000001
"7560","P06708_C",1.82482875908947,3.30000000000001
"7561","P06708_E",2.50266524595946,5
"7562","P06708_N",2.20529665426975,4.30000000000001
"7563","P06709_C",3.00887575903913,5.39999999999998
"7564","P06709_E",2.86181760425083,5.69999999999999
"7565","P06709_N",1.4224392195568,2.60000000000002
"7566","P06710_C",1.66232768530556,3.30000000000001
"7567","P06710_E",1.01488915650922,2
"7568","P06710_N",0.346410161513789,0.600000000000023
"7569","P06711_C",5.35288084430557,10.6
"7570","P06711_E",0.808290376865486,1.60000000000002
"7571","P06711_N",3.35608899365516,6.69999999999999
"7572","P06712_C",4.04145188432738,8
"7573","P06712_E",1.02632028788937,2
"7574","P06712_N",1.40118997046558,2.69999999999999
"7575","P06713_C",2.30000000000001,4.60000000000002
"7576","P06713_E",5.50121198767447,11
"7577","P06713_N",4.78156180900481,9
"7578","P06714_C",2.80416357107308,5
"7579","P06714_E",0.981495457622357,1.69999999999999
"7580","P06714_N",1.85202591774521,3.69999999999999
"7581","P06715_C",2.42693221990231,4.69999999999999
"7582","P06715_E",2.80237994093115,5.39999999999998
"7583","P06715_N",1.50443787951957,3
"7584","P06716_C",5.4064775963653,10.7
"7585","P06716_E",2.70739727413618,5
"7586","P06716_N",1.80369990112917,3.60000000000002
"7587","P06717_C",2.20529665426975,4.30000000000001
"7588","P06717_E",3.53034464795342,7
"7589","P06717_N",9.54794916897515,18.7
"7590","P06718_C",3.05505046330389,6
"7591","P06718_E",5.68624070307733,11
"7592","P06718_N",4.10528115155751,8
"7593","P06719_C",1.50443787951957,3
"7594","P06719_E",3.3261589458914,6.30000000000001
"7595","P06719_N",4.53468117218105,8
"7596","P06720_C",2.53574446662119,4.69999999999999
"7597","P06720_E",5.40955943985583,9.69999999999999
"7598","P06720_N",5.50030302195555,11
"7599","P06721_C",1.86815416922694,3.69999999999999
"7600","P06721_E",2.54230866208911,5
"7601","P06721_N",0.75055534994652,1.30000000000001
"7602","P06722_C",9.04728320178678,17.4
"7603","P06722_E",4.10528115155751,8
"7604","P06722_N",4.41927595879686,8.69999999999999
"7605","P06723_C",NA,2
"7606","P06723_E",NA,0.699999999999989
"7607","P06723_N",NA,1
"7608","P06724_C",1.86815416922694,3.69999999999999
"7609","P06724_E",3.00499584026334,6
"7610","P06724_N",0.351188458428418,0.699999999999989
"7611","P06725_C",3.88115103201786,7.69999999999999
"7612","P06725_E",1.96553639837407,3.69999999999999
"7613","P06725_N",1.40118997046558,2.69999999999999
"7614","P06726_C",2.8844410203712,5.60000000000002
"7615","P06726_E",2.371356854911,4.60000000000002
"7616","P06726_N",2.85131548587665,5.69999999999999
"7617","P06727_C",2.8792360097776,5.30000000000001
"7618","P06727_E",1.07857931249089,2
"7619","P06727_N",0.404145188432731,0.699999999999989
"7620","P06728_C",2.69999999999999,5.39999999999998
"7621","P06728_E",3.02709982216202,6
"7622","P06728_N",2.218858565419,4.39999999999998
"7623","P06729_C",2.371356854911,4.60000000000002
"7624","P06729_E",0.808290376865486,1.60000000000002
"7625","P06729_N",1.96553639837407,3.69999999999999
"7626","P06730_C",7.15704780851249,14.3
"7627","P06730_E",1.50111069989303,3
"7628","P06730_N",1.50443787951957,3
"7629","P06731_C",7.57187779440036,14
"7630","P06731_E",NA,5.30000000000001
"7631","P06731_N",NA,11.7
"7632","P06734_C",4.27239199200322,7.39999999999998
"7633","P06734_E",5.3631458430042,10.7
"7634","P06734_N",4.2883563284783,8.39999999999998
"7635","P06735_C",3.28075194632775,6
"7636","P06735_E",3.69097999633341,7.30000000000001
"7637","P06735_N",3.95769293065206,7
"7638","P06736_C",4.53468117218105,8
"7639","P06736_E",1.17898261225517,2.30000000000001
"7640","P06736_N",1.90525588832577,3.30000000000001
"7641","P06738_C",2.00748598998847,4
"7642","P06738_E",4.73532821812102,9.39999999999998
"7643","P06738_N",3.2129944496269,6.39999999999998
"7644","P06740_C",3.66787858759437,7
"7645","P06740_E",3.51188458428425,7
"7646","P06740_N",3.21921315438002,6.30000000000001
"7647","P06741_C",4.52364160089339,9
"7648","P06741_E",2.67644042215278,5.30000000000001
"7649","P06741_N",4.78156180900481,9
"7650","P06742_C",1.87705443004014,3.69999999999999
"7651","P06742_E",5.11175116765282,9
"7652","P06742_N",3.8940124978399,7.30000000000001
"7653","P06743_C",1.36137185711082,2.60000000000002
"7654","P06743_E",4.91155101096724,8.69999999999999
"7655","P06743_N",3.21455025366432,6
"7656","P06744_C",4.44109596083368,8.39999999999998
"7657","P06744_E",7.23809367167904,13.3
"7658","P06744_N",5.00632932729494,9
"7659","P06745_C",2.41315837303177,4.69999999999999
"7660","P06745_E",0.907377172587738,1.69999999999999
"7661","P06745_N",3.87599449604011,7.39999999999998
"7662","P06746_C",4.92172056636023,9.69999999999999
"7663","P06746_E",4.87476495159852,9.69999999999999
"7664","P06746_N",1.19303534454489,2.30000000000001
"7665","P06749_C",4.18688428309166,7.69999999999999
"7666","P06749_E",NA,14
"7667","P06749_N",18.4642898590766,35
"7668","P06750_C",4.73532821812102,9.39999999999998
"7669","P06750_E",5.77263660153083,11.3
"7670","P06750_N",3.02709982216202,6
"7671","P06781_C",NA,0
"7672","P06781_E",NA,0
"7673","P06781_N",NA,0
"7674","P06801_C",14.2243921955679,26
"7675","P06801_E",1.82300118851672,3.60000000000002
"7676","P06801_N",7.04911341943085,13.3
"7677","P06802_C",8.49490043104293,16.3
"7678","P06802_E",9.9026932363541,18.7
"7679","P06802_N",10.9436435127125,20
"7680","P06803_C",2.00748598998847,4
"7681","P06803_E",2.70739727413618,5
"7682","P06803_N",4.45234020862438,8.60000000000002
"7683","P06804_C",11.9274193911899,21
"7684","P06804_E",48.3345632027434,84.7
"7685","P06804_N",22.2027776040146,40
"7686","P06805_C",4.6543886100468,9.30000000000001
"7687","P06805_E",2.83783955383905,5.60000000000002
"7688","P06805_N",3.10698138606161,6
"7689","P06808_E",4.23320209770334,8
"7690","P06811_C",11.5175228818237,23
"7691","P06811_E",6.15873363606513,11
"7692","P06811_N",6.07700584169539,11.7
"7693","P06812_C",17.6811575789973,34.3
"7694","P06812_E",17.7763888346312,34
"7695","P06812_N",16.3267673877389,32.3
"7696","P06813_C",6.11473629848418,11.3
"7697","P06813_E",4.16333199893227,8
"7698","P06813_N",5.45802161959809,9.60000000000002
"7699","P06814_C",5.14328040586292,9.60000000000002
"7700","P06814_E",2.64575131106459,5
"7701","P06814_N",5.64476158339157,11
"7702","P06815_C",8.50490054811538,16
"7703","P06815_E",3.15647482697602,6
"7704","P06815_N",19.6891679187652,37.7
"7705","P06816_C",7.15052445628991,14.3
"7706","P06816_E",7.13886078680158,12.7
"7707","P06816_N",4.15090351610346,8.30000000000001
"7708","P06817_C",16.1967074843418,29
"7709","P06817_E",16.7071840835013,31.7
"7710","P06817_N",2.65769323537036,5.30000000000001
"7711","P06818_C",7.85620773656093,15.4
"7712","P06818_E",3.70405183549043,7
"7713","P06818_N",14.7624523707953,27.7
"7714","P06819_C",4.43057558337515,8
"7715","P06819_E",2.40069434400412,4.30000000000001
"7716","P06819_N",9.07377172587747,17
"7717","P06820_C",4.25793377120875,7.69999999999999
"7718","P06820_E",13.0787359226086,24.6
"7719","P06820_N",3.53836120259082,7
"7720","P06826_C",5.19615242270663,9
"7721","P06826_E",18.8245407203823,34.7
"7722","P06826_N",8.1504601097116,16
"7723","P06827_C",3.05505046330389,6
"7724","P06827_E",5.18844870842914,10
"7725","P06827_N",7.46748507419555,13.7
"7726","P06828_C",11.2694276695846,20
"7727","P06828_E",0.503322295684718,1
"7728","P06828_N",12.8269248068272,22.7
"7729","P06829_C",6.01082357085948,11
"7730","P06829_E",5.68624070307733,11
"7731","P06829_N",7.93221280602077,15.4
"7732","P06830_C",2.13619599600162,4
"7733","P06830_E",4.21465696508427,8
"7734","P06830_N",1.52752523165195,3
"7735","P06834_C",11.4594938806214,22.4
"7736","P06834_E",14.340618303732,25.6
"7737","P06834_N",4.29301758673313,8
"7738","P06836_C",7.01165696061447,14
"7739","P06836_E",10.7449212809277,21.4
"7740","P06836_N",5.59732078766261,11
"7741","P06837_C",7.6846166679499,13.6
"7742","P06837_E",6.28649345820067,12.4
"7743","P06837_N",6.15548535860496,12.3
"7744","P06838_C",12.7326352339176,23.4
"7745","P06838_E",10.9831689416124,21.3
"7746","P06838_N",8.30180703220691,16.6
"7747","P06839_C",4.44109596083368,8.39999999999998
"7748","P06839_E",8.20751687986892,15.7
"7749","P06839_N",9.92924971989324,19.3
"7750","P06840_C",5.09542278258962,10
"7751","P06840_E",8.28573070605927,15
"7752","P06840_N",12.8968988520497,25.3
"7753","P06846_C",6.85054742338157,13.7
"7754","P06846_E",16.8363693631772,33
"7755","P06846_N",7.9475363058833,15.7
"7756","P06848_C",3.38427737239923,6.60000000000002
"7757","P06848_E",4.76060220280305,8.69999999999999
"7758","P06848_N",3.35012437580061,6.60000000000002
"7759","P06849_C",1,2
"7760","P06849_E",4.02781992315116,7.30000000000001
"7761","P06849_N",5.03189825016364,9
"7762","P06850_C",3.18799832705937,6.30000000000001
"7763","P06850_E",9.97262920865574,19.6
"7764","P06850_N",2.89194283023252,5.69999999999999
"7765","P06851_C",7.00380848776816,14
"7766","P06851_E",10.3500402575707,20.7
"7767","P06851_N",3.35608899365516,6.69999999999999
"7768","P06853_C",6.53681879816169,13
"7769","P06853_E",5.46168472176856,10.3
"7770","P06853_N",16.5001010097918,33
"7771","P06855_C",10.7220955663216,20
"7772","P06855_E",5.97187854308285,11.3
"7773","P06855_N",5.65361241449513,11.3
"7774","P06857_C",6.39765582068932,12.7
"7775","P06857_E",6.00444279957209,10.4
"7776","P06857_N",5.93745175418996,11.6
"7777","P06858_C",8.70229854693575,17.3
"7778","P06858_E",4.93288286231625,9
"7779","P06858_N",6.42910050732864,12
"7780","P06859_C",11.8709730014014,23
"7781","P06859_E",5.23672925912093,9.39999999999998
"7782","P06859_N",13.7354771789455,27.3
"7783","P06860_C",2.17332310836041,4.30000000000001
"7784","P06860_E",1.65025250593155,3.30000000000001
"7785","P06860_N",1.65227116418583,3
"7786","P06863_C",3.21455025366432,6
"7787","P06863_E",1.25033328890074,2.30000000000001
"7788","P06863_N",1.99749843554383,3.60000000000002
"7789","P06865_C",11.2633624346078,21.3
"7790","P06865_E",4.52990066116245,9
"7791","P06865_N",5.01198563445667,10
"7792","P06866_C",6.96156112760157,13.7
"7793","P06866_E",2.02977831301845,4
"7794","P06866_N",4.17891532976362,8.30000000000001
"7795","P06870_C",4.93288286231625,9
"7796","P06870_E",1.56950098226581,3
"7797","P06870_N",6.23858958419288,12.4
"7798","P06871_C",10.3435970532499,20.3
"7799","P06871_E",15.101434810419,29.6
"7800","P06871_N",10.8702959174685,21.7
"7801","P06876_C",4.93186915208963,9.69999999999999
"7802","P06876_E",6.58508415537215,12
"7803","P06876_N",5.43721742560782,10
"7804","P06879_C",5.92143000746723,11
"7805","P06879_E",11.9274193911899,22.7
"7806","P06879_N",10.2143689640297,19
"7807","P06880_C",7.4741777697171,14.7
"7808","P06880_E",10.6608317374084,20
"7809","P06880_N",7.25695069111905,13.7
"7810","P06901_C",2.53574446662119,4.69999999999999
"7811","P06901_E",4.22532050066421,8.39999999999998
"7812","P06901_N",3.37095436535906,6.69999999999999
"7813","P06902_C",51.9790662991683,96.7
"7814","P06902_E",10.816653826392,21
"7815","P06902_N",6.51638959342774,13
"7816","P06903_C",4.4034077712608,8.30000000000001
"7817","P06903_E",5.00632932729493,9.69999999999999
"7818","P06903_N",6.49332991101895,12
"7819","P06904_C",6.01082357085948,11
"7820","P06904_E",8.77857239722572,17
"7821","P06904_N",7,13
"7822","P06905_C",17.3615475500698,30.7
"7823","P06905_E",12.8826757055098,24.7
"7824","P06905_N",3.66924152016917,7.30000000000001
"7825","P06906_C",5.13160143944688,10
"7826","P06906_E",11.2481109525111,22.4
"7827","P06906_N",7.02376916856849,14
"7828","P06907_C",2.80237994093117,5.60000000000002
"7829","P06907_E",7.6846166679499,13.6
"7830","P06907_N",16.0225882220487,31.3
"7831","P06908_C",6.15873363606513,11
"7832","P06908_E",5.1565492337415,10.3
"7833","P06908_N",5.80201114557128,11
"7834","P06909_C",25.6642423097456,48.6
"7835","P06909_E",0.808290376865486,1.60000000000002
"7836","P06909_N",10.3937481208657,20.7
"7837","P06910_C",13.4522612721183,23.3
"7838","P06910_E",10.3568013079972,20.7
"7839","P06910_N",2.63122278291544,4.69999999999999
"7840","P06911_C",9.9026932363541,18.7
"7841","P06911_E",3.15647482697602,6
"7842","P06911_N",14.6888846865013,28
"7843","P06912_C",3.77535870260473,7.39999999999998
"7844","P06912_E",6.00249947938357,12
"7845","P06912_N",6.56226586883931,11.7
"7846","P06913_C",6.84324484437025,12
"7847","P06913_E",6.75746500792519,12.3
"7848","P06913_N",11.4128582455638,22.4
"7849","P06914_C",10.4799809160132,18.3
"7850","P06914_E",11.0074217386876,22
"7851","P06914_N",11.3368131912515,22.3
"7852","P06915_C",10.267911179982,18.7
"7853","P06915_E",3.30454232837166,6
"7854","P06915_N",7.06847461149386,14
"7855","P06916_C",7.20578471322403,14.4
"7856","P06916_E",13.7961347243833,26
"7857","P06916_N",12.0093019502939,23.3
"7858","P06917_C",21.053028285736,39.7
"7859","P06917_E",21.1075815762962,39.3
"7860","P06917_N",20.1525019125004,39.6
"7861","P06919_C",8.7368949480541,17
"7862","P06919_E",11.7189305541646,22
"7863","P06919_N",9.17405762644499,18.3
"7864","P06920_C",10.3966340706981,18.3
"7865","P06920_E",13.8030189934425,27.6
"7866","P06920_N",6.83520299625404,13.6
"7867","P06921_C",4.58839114868526,8.39999999999998
"7868","P06921_E",5.54346462061408,11
"7869","P06921_N",1.9287301521986,3.60000000000002
"7870","P06922_C",3.60555127546399,7
"7871","P06922_E",3.77535870260473,7.39999999999998
"7872","P06922_N",10.3595366691759,19.4
"7873","P06924_C",5.81291665173344,10.4
"7874","P06924_E",10.3696673042099,19
"7875","P06924_N",10.042576030747,20
"7876","P06925_C",2.77848879788997,5
"7877","P06925_E",2.86181760425083,5.69999999999999
"7878","P06925_N",1.65025250593155,3.30000000000001
"7879","P06928_C",4.55302097513288,9
"7880","P06928_E",14.1369492229877,26.6
"7881","P06928_N",8.14452781524708,15
"7882","P06929_C",13.9733078880176,27.6
"7883","P06929_E",16.7687208814507,30.3
"7884","P06929_N",3.53034464795342,7
"7885","P06931_C",5.16268663907981,9.39999999999998
"7886","P06931_E",10.7108978770845,18.7
"7887","P06931_N",2.70739727413618,5
"7888","P06932_C",5.9180514811324,11.3
"7889","P06932_E",9.19347594764895,16.4
"7890","P06932_N",4.06489032242365,7.60000000000002
"7891","P06933_C",6.56150389265551,12
"7892","P06933_E",17.7271919190077,33.4
"7893","P06933_N",7.04651213958603,14
"7894","P06934_C",10.9919667636567,19.7
"7895","P06934_E",13.8550833030095,26
"7896","P06934_N",2.80237994093117,5.60000000000002
"7897","P06935_C",5.03322295684717,10
"7898","P06935_E",14.9963328850756,26.6
"7899","P06935_N",14.0118997046558,27
"7900","P06940_C",NA,9.30000000000001
"7901","P06940_E",NA,17.6
"7902","P06940_N",NA,8.30000000000001
"7903","P06941_C",4.06489032242365,7.60000000000002
"7904","P06941_E",9.22297854997686,17
"7905","P06941_N",10.6503521068554,20.7
"7906","P06942_C",4.43057558337515,8
"7907","P06942_E",3.21921315438002,6.30000000000001
"7908","P06942_N",13.0863796878026,23.6
"7909","P06943_C",11.1772089539384,19.7
"7910","P06943_E",1.87705443004014,3.69999999999999
"7911","P06943_N",8.7368949480541,17
"7912","P06944_C",13.1730786075238,23.3
"7913","P06944_E",1.32790561913615,2.30000000000001
"7914","P06944_N",8.31444526111033,16.3
"7915","P06945_C",3.93996615890712,7.69999999999999
"7916","P06945_E",12.5683464836602,22.7
"7917","P06945_N",4.45308881564246,8.69999999999999
"7918","P06948_C",8.80075754315122,17.4
"7919","P06948_E",18.3074666006341,36.3
"7920","P06948_N",10.0166528008778,20
"7921","P06962_C",NA,23.7
"7922","P06962_E",NA,13.3
"7923","P06962_N",NA,17.4
"7924","P06964_C",NA,34
"7925","P06964_E",NA,3.30000000000001
"7926","P06964_N",NA,35
"7927","P06965_C",NA,20
"7928","P06965_E",NA,22
"7929","P06965_N",NA,22
"7930","P06970_C",NA,15.7
"7931","P06970_E",NA,20
"7932","P06970_N",NA,20.6
"7933","P06981_C",NA,0
"7934","P06981_E",NA,0
"7935","P06981_N",NA,0
"7936","P06982_C",NA,0
"7937","P06982_E",NA,0
"7938","P06982_N",NA,0
"7939","P06983_C",NA,0
"7940","P06983_E",NA,0
"7941","P06983_N",NA,0
"7942","P06984_C",NA,0
"7943","P06984_E",NA,0
"7944","P06984_N",NA,0
"7945","P07106_C",6.63802179367718,12.7
"7946","P07106_E",2.32880512996114,4.30000000000001
"7947","P07106_N",3.0746273486934,5.60000000000002
"7948","P07108_C",4.11865673895426,8
"7949","P07108_E",4.16333199893227,8
"7950","P07108_N",0.513160143944687,1
"7951","P07109_C",2.53574446662119,4.69999999999999
"7952","P07109_E",7.18957578720749,12.6
"7953","P07109_N",2.47588368062798,4.69999999999999
"7954","P07111_C",2.17332310836041,4.30000000000001
"7955","P07111_E",1.85831464863551,3.39999999999998
"7956","P07111_N",1.36503968196288,2.69999999999999
"7957","P07112_C",2.54230866208911,5
"7958","P07112_E",0.854400374531748,1.69999999999999
"7959","P07112_N",2.04042479237372,4
"7960","P07113_C",2.35867194271126,4.69999999999999
"7961","P07113_E",5.51935986626468,10.7
"7962","P07113_N",1.85202591774521,3.69999999999999
"7963","P07116_C",2.15174347913501,4.30000000000001
"7964","P07116_E",7.13372273080472,13.7
"7965","P07116_N",1.56950098226581,3
"7966","P07118_C",0.351188458428418,0.699999999999989
"7967","P07118_E",0.577350269189626,1
"7968","P07118_N",2.42693221990231,4.69999999999999
"7969","P07120_C",9.94585340732509,19
"7970","P07120_E",1.91398362932741,3.69999999999999
"7971","P07120_N",1.69213868619961,3.30000000000001
"7972","P07128_C",3.18799832705937,6.30000000000001
"7973","P07128_E",4.35009578438605,8.69999999999999
"7974","P07128_N",3.95769293065207,7.30000000000001
"7975","P07129_C",4.50777106783386,8
"7976","P07129_E",4.72581562625261,9
"7977","P07129_N",0.173205080756894,0.300000000000011
"7978","P07130_C",2.53574446662119,4.69999999999999
"7979","P07130_E",0.850490054811549,1.60000000000002
"7980","P07130_N",3.30454232837166,6
"7981","P07131_C",1.90525588832577,3.30000000000001
"7982","P07131_E",1.45716619962629,2.69999999999999
"7983","P07131_N",2.33523731841828,4.60000000000002
"7984","P07132_C",0.404145188432731,0.699999999999989
"7985","P07132_E",2.3094010767585,4
"7986","P07132_N",0.923760430703414,1.60000000000002
"7987","P07134_C",2.33523731841828,4.60000000000002
"7988","P07134_E",3.31511689085014,6.39999999999998
"7989","P07134_N",1.96553639837407,3.69999999999999
"7990","P07136_C",3.00499584026334,6
"7991","P07136_E",2.47588368062798,4.69999999999999
"7992","P07136_N",2.67644042215278,5.30000000000001
"7993","P07137_C",1.36503968196288,2.69999999999999
"7994","P07137_E",3.43947670438396,6.69999999999999
"7995","P07137_N",5.42432791535813,10.6
"7996","P07139_C",5.66156633214991,10
"7997","P07139_E",2.35867194271126,4.69999999999999
"7998","P07139_N",2.70554985169373,5.39999999999998
"7999","P07140_C",2.65015722804013,5.30000000000001
"8000","P07140_E",3.20208265560608,6.39999999999998
"8001","P07140_N",10.6828523032631,18.7
"8002","P07141_C",2.04042479237372,4
"8003","P07141_E",3.65011415346608,7.30000000000001
"8004","P07141_N",2.30651251893415,4.39999999999998
"8005","P07142_C",2.42693221990231,4.69999999999999
"8006","P07142_E",5.37152988759564,10
"8007","P07142_N",5.92143000746723,11
"8008","P07144_C",2.15715862498179,4
"8009","P07144_E",1.69213868619961,3.30000000000001
"8010","P07144_N",1.52752523165195,3
"8011","P07145_C",1.50111069989304,2.60000000000002
"8012","P07145_E",0.503322295684718,1
"8013","P07145_N",3.21455025366432,6
"8014","P07146_C",3.87599449604011,7.39999999999998
"8015","P07146_E",1.40118997046558,2.69999999999999
"8016","P07146_N",0.721110255092788,1.39999999999998
"8017","P07148_C",3.55387112878338,6.30000000000001
"8018","P07148_E",1.50111069989303,3
"8019","P07148_N",0.808290376865463,1.39999999999998
"8020","P07150_C",2.80237994093115,5.39999999999998
"8021","P07150_E",1.50443787951957,3
"8022","P07150_N",3.85875627631494,7.69999999999999
"8023","P07151_C",2.65769323537036,5.30000000000001
"8024","P07151_E",1.85202591774521,3.69999999999999
"8025","P07151_N",1.40118997046558,2.69999999999999
"8026","P07152_C",1.40118997046558,2.69999999999999
"8027","P07152_E",2.25018517756503,4.30000000000001
"8028","P07152_N",1.36503968196288,2.69999999999999
"8029","P07153_C",1.55884572681198,2.69999999999999
"8030","P07153_E",3.00499584026334,6
"8031","P07153_N",1.01488915650922,2
"8032","P07154_C",2.00748598998847,4
"8033","P07154_E",1.17898261225517,2.30000000000001
"8034","P07154_N",0.513160143944687,1
"8035","P07155_C",6.00249947938357,12
"8036","P07155_E",1.15470053837925,2
"8037","P07155_N",4.53468117218105,8
"8038","P07158_C",1.40118997046558,2.69999999999999
"8039","P07158_E",1.69213868619961,3.30000000000001
"8040","P07158_N",5.06853035898967,9.69999999999999
"8041","P07159_C",4.30348695827001,8.60000000000002
"8042","P07159_E",1.50443787951957,3
"8043","P07159_N",4.21465696508427,8
"8044","P07161_C",1.25033328890074,2.30000000000001
"8045","P07161_E",5.3631458430042,10.7
"8046","P07161_N",4.70319040652193,9.39999999999998
"8047","P07163_C",3.20780298646908,5.69999999999999
"8048","P07163_E",2.50066657780148,4.60000000000002
"8049","P07163_N",1.17898261225517,2.30000000000001
"8050","P07168_C",1.28582010146572,2.39999999999998
"8051","P07168_E",5.85263473431697,10.6
"8052","P07168_N",3.86307304271266,7.69999999999999
"8053","P07170_C",1.25033328890074,2.30000000000001
"8054","P07170_E",1.31148770486041,2.60000000000002
"8055","P07170_N",1.17898261225517,2.30000000000001
"8056","P07174_C",8.26559132790873,16
"8057","P07174_E",3.77226722277201,7.30000000000001
"8058","P07174_N",2.15715862498179,4
"8059","P07176_C",5.4884727687521,9.69999999999999
"8060","P07176_E",2.218858565419,4.39999999999998
"8061","P07176_N",0.680685928555409,1.30000000000001
"8062","P07177_C",5.65685424949238,8
"8063","P07177_E",0.98994949366115,1.39999999999998
"8064","P07177_N",2.33345237791562,3.30000000000001
"8065","P07178_C",3.35608899365516,6.69999999999999
"8066","P07178_E",4.02036482589992,8
"8067","P07178_N",2.86763549520041,5.69999999999999
"8068","P07180_C",4.91155101096724,8.69999999999999
"8069","P07180_E",5.81578312296231,11.4
"8070","P07180_N",8.61181359141809,16.7
"8071","P07181_C",NA,0
"8072","P07181_E",NA,0
"8073","P07181_N",NA,0
"8074","P07182_C",NA,0
"8075","P07182_E",NA,0
"8076","P07182_N",NA,0
"8077","P07183_C",NA,0
"8078","P07183_E",NA,0
"8079","P07183_N",NA,0
"8080","P07184_C",NA,0
"8081","P07184_E",NA,0
"8082","P07184_N",NA,0
"8083","P07301_C",4.21465696508427,7.30000000000001
"8084","P07301_E",13.2005050408434,26.4
"8085","P07301_N",7.73649360714097,13.4
"8086","P07302_C",8.82723059628558,17.6
"8087","P07302_E",8.97904968987995,15.7
"8088","P07302_N",9,18
"8089","P07304_C",6.01082357085948,11
"8090","P07304_E",11.0151410945722,22
"8091","P07304_N",6.28649345820069,11.6
"8092","P07307_C",12.8628664508862,25.6
"8093","P07307_E",13.5768184785685,26.3
"8094","P07307_N",13.3787144374936,25.7
"8095","P07308_C",10.6409586034342,20
"8096","P07308_E",12.8149652099931,23.7
"8097","P07308_N",9.90067337777251,18.3
"8098","P07309_C",10.179882121125,20
"8099","P07309_E",9.9630985809302,19
"8100","P07309_N",8.61529647390811,16.6
"8101","P07310_C",7.6395898668275,14
"8102","P07310_E",8.55102333057277,16.4
"8103","P07310_N",7.13582510996451,14
"8104","P07316_C",12.0386876361171,21
"8105","P07316_E",12.5683464836602,22.7
"8106","P07316_N",10.785793124909,20
"8107","P07318_C",13.3215364479227,24.7
"8108","P07318_E",10.2109418435977,18.3
"8109","P07318_N",12.8582010146573,24
"8110","P07322_C",11.9636950813701,23.7
"8111","P07322_E",10.8518815572846,20.7
"8112","P07322_N",10.1204413605995,19.4
"8113","P07323_C",12.3381522117374,22.3
"8114","P07323_E",8.28573070605927,15
"8115","P07323_N",8.21969180281922,16.3
"8116","P07325_C",8.15863550683159,15.7
"8117","P07325_E",8.71951833532104,16.7
"8118","P07325_N",5.35630469633683,10.3
"8119","P07327_C",12.3714725612327,24.6
"8120","P07327_E",14.5716619962629,28
"8121","P07327_N",14.0008333085332,27.7
"8122","P07329_C",8.44334057112467,15.4
"8123","P07329_E",NA,25
"8124","P07329_N",11.7627944525667,22.7
"8125","P07330_C",10.0164864099144,19.7
"8126","P07330_E",8.20751687986892,15.7
"8127","P07330_N",15.6311654502578,31
"8128","P07331_C",6.73523075575985,12
"8129","P07331_E",12.9429517498907,24
"8130","P07331_N",10.5096780794339,20
"8131","P07333_C",11.8292011564602,23
"8132","P07333_E",12.4591331961738,23.3
"8133","P07333_N",13.0088431461064,24
"8134","P07334_C",13.1639659677469,25.4
"8135","P07334_E",12.2659420075807,23.6
"8136","P07334_N",11.5682035482323,20.7
"8137","P07335_C",10.8426626496139,19.7
"8138","P07335_E",9.9630985809302,19
"8139","P07335_N",7.37043644117045,14.7
"8140","P07337_C",12.8344588251057,24.7
"8141","P07337_E",15.6950098226581,30
"8142","P07337_N",11.0391726743146,20.7
"8143","P07339_C",10.1336074524327,17.7
"8144","P07339_E",12.5484394780121,23.7
"8145","P07339_N",13.5769412362775,24
"8146","P07340_C",14.810919395275,28.7
"8147","P07340_E",16.6001004013028,29.7
"8148","P07340_N",13.9947609244793,25.6
"8149","P07341_C",10.1159939369957,18
"8150","P07341_E",10.5987420637231,21
"8151","P07341_N",7.72161468433469,15.4
"8152","P07343_C",8.31043520721588,15
"8153","P07343_E",14.7309198626562,26
"8154","P07343_N",7.90759128938769,14.3
"8155","P07347_C",17.4431457407583,33
"8156","P07347_E",24.2450682270299,47.7
"8157","P07347_N",27.8985662714054,55.7
"8158","P07348_C",27.6525465976162,55.3
"8159","P07348_E",26.8077103336583,47.4
"8160","P07348_N",21.8577979982736,39.7
"8161","P07350_C",4.86449723335653,9
"8162","P07350_E",7.04485627958441,13.7
"8163","P07350_N",14.4797559832109,28.7
"8164","P07351_C",13.061010680648,25.6
"8165","P07351_E",13.3,26.3
"8166","P07351_N",11.2500370369761,21.7
"8167","P07352_C",18.9753348674887,35.7
"8168","P07352_E",15.9884333191217,30.3
"8169","P07352_N",16.0238364112136,28.7
"8170","P07353_C",18.0735534229806,31.6
"8171","P07353_E",17.2710740835653,33.3
"8172","P07353_N",16.898619272986,31.7
"8173","P07355_C",5.75528742404178,10.3
"8174","P07355_E",16.2438706389005,30.3
"8175","P07355_N",14.0521647205451,25.7
"8176","P07359_C",26.864846919348,49.4
"8177","P07359_E",26.4851530736247,47.3
"8178","P07359_N",29.8707772468902,55
"8179","P07363_C",NA,11
"8180","P07363_E",NA,2.30000000000001
"8181","P07363_N",NA,4
"8182","P07366_C",9.90067337777251,18.3
"8183","P07366_E",13.5964456139586,27
"8184","P07366_N",9.84191715741061,19.3
"8185","P07367_C",2.30651251893415,4.39999999999998
"8186","P07367_E",7.54077803236068,14.3
"8187","P07367_N",9.49315542904467,18.6
"8188","P07368_C",14.6548058101543,29.3
"8189","P07368_E",21.1452910439496,40.7
"8190","P07368_N",18.3008196537751,36.6
"8191","P07369_C",45.1580926671326,88
"8192","P07369_E",49.2175104341263,94
"8193","P07369_N",46.8233204005582,91.7
"8194","P07370_C",9.75004273494908,19
"8195","P07370_E",18.7649495958112,32.7
"8196","P07370_N",7.10844568101917,13.3
"8197","P07371_C",24.152915628001,48
"8198","P07371_E",28.2108726085056,55
"8199","P07371_N",25.2810205490206,49
"8200","P07373_C",25.0570016828298,45
"8201","P07373_E",32.6933224578557,64.4
"8202","P07373_N",32.2417431290555,63.3
"8203","P07374_C",27.2756912530798,54
"8204","P07374_E",26.2443009686548,52.3
"8205","P07374_N",24.2973935502007,47.3
"8206","P07375_C",31.2623309005156,62
"8207","P07375_E",40.6672267720991,81.3
"8208","P07375_N",30.7300070506554,61
"8209","P07376_C",19.0269107669462,33.3
"8210","P07376_E",21.9938627803303,41
"8211","P07376_N",21.5898124123393,39.4
"8212","P07378_C",23.2742346812951,42.7
"8213","P07378_E",18.7705443004015,33
"8214","P07378_N",20.7299300529452,37
"8215","P07380_C",23.3437357764348,42.7
"8216","P07380_E",19.1013961095343,35.3
"8217","P07380_N",20.493006937327,38
"8218","P07901_C",6.26604606856136,11
"8219","P07901_E",1.82300118851672,3.60000000000002
"8220","P07901_N",1.15325625946709,2.30000000000001
"8221","P07902_C",4.17891532976362,8.30000000000001
"8222","P07902_E",4.22532050066423,7.60000000000002
"8223","P07902_N",2.92631736715847,5.69999999999999
"8224","P07905_C",2.25018517756503,4.30000000000001
"8225","P07905_E",1.15325625946709,2.30000000000001
"8226","P07905_N",4.55302097513288,9
"8227","P07906_C",3.21455025366432,6
"8228","P07906_E",5.19262297238432,10.3
"8229","P07906_N",1.15470053837925,2
"8230","P07908_C",3.45301800362138,6.30000000000001
"8231","P07908_E",1.80369990112917,3.60000000000002
"8232","P07908_N",0.513160143944687,1
"8233","P07911_C",1.65227116418583,3
"8234","P07911_E",5.9180514811324,11.3
"8235","P07911_N",3.38427737239923,6.60000000000002
"8236","P07913_C",2.86181760425083,5.69999999999999
"8237","P07913_E",3.66924152016917,7.30000000000001
"8238","P07913_N",1.7088007490635,3.39999999999998
"8239","P07914_C",3.38575447032613,6.30000000000001
"8240","P07914_E",1.66232768530556,3.30000000000001
"8241","P07914_N",3.21455025366432,6
"8242","P07915_C",7.33689307541006,14.3
"8243","P07915_E",0.854400374531748,1.69999999999999
"8244","P07915_N",5.85348898805946,11.3
"8245","P07916_C",3.21455025366432,6
"8246","P07916_E",0.854400374531748,1.69999999999999
"8247","P07916_N",1.15325625946709,2.30000000000001
"8248","P07917_C",4.04516171905813,7.69999999999999
"8249","P07917_E",5.31538647074072,10.6
"8250","P07917_N",1.01488915650922,2
"8251","P07919_C",0.680685928555409,1.30000000000001
"8252","P07919_E",5.16268663907981,9.39999999999998
"8253","P07919_N",3.30454232837167,6.60000000000002
"8254","P07921_C",NA,0
"8255","P07921_E",NA,9.69999999999999
"8256","P07921_N",NA,0
"8257","P07922_C",2.76224546338663,5.30000000000001
"8258","P07922_E",2.41315837303177,4.69999999999999
"8259","P07922_N",4.95176736125597,9.39999999999998
"8260","P07923_C",3.35608899365516,6.69999999999999
"8261","P07923_E",4.80138868800822,9
"8262","P07923_N",3.25934553757858,6.30000000000001
"8263","P07924_C",NA,15.7
"8264","P07924_E",NA,15
"8265","P07924_N",NA,0
"8266","P07925_C",NA,6.30000000000001
"8267","P07925_E",NA,3.30000000000001
"8268","P07925_N",NA,9.39999999999998
"8269","P07931_C",5.40647759636531,10.3
"8270","P07931_E",5.51935986626469,11
"8271","P07931_N",2.00748598998847,4
"8272","P07932_C",6.76165660175078,12
"8273","P07932_E",2.63122278291544,4.69999999999999
"8274","P07932_N",0.503322295684718,1
"8275","P07933_C",3.00887575903913,6
"8276","P07933_E",3.83709959908957,7.30000000000001
"8277","P07933_N",6.92555653600008,13.3
"8278","P07934_C",6.74709814167048,12.7
"8279","P07934_E",5.64387573687916,10.4
"8280","P07934_N",7.60613787235897,14.6
"8281","P07935_C",NA,7.69999999999999
"8282","P07935_E",NA,9.69999999999999
"8283","P07935_N",NA,10.4
"8284","P07942_C",4.93862328994629,8.69999999999999
"8285","P07942_E",1.36503968196288,2.69999999999999
"8286","P07942_N",6.32165590121238,11.7
"8287","P07943_C",9.45163125250522,18
"8288","P07943_E",1.50443787951957,3
"8289","P07943_N",3.46410161513775,6
"8290","P07945_C",2.04042479237372,4
"8291","P07945_E",1.56950098226581,3
"8292","P07945_N",0.888819441731556,1.69999999999999
"8293","P07946_C",2.70554985169373,5.39999999999998
"8294","P07946_E",0.650640709864776,1.30000000000001
"8295","P07946_N",1.07857931249089,2
"8296","P07952_C",2.80416357107308,5
"8297","P07952_E",4.70779495447002,8.30000000000001
"8298","P07952_N",3.51188458428425,7
"8299","P07954_C",5.85348898805946,11.3
"8300","P07954_E",1.65227116418583,3
"8301","P07954_N",2.89194283023252,5.69999999999999
"8302","P07955_C",3.46410161513775,6
"8303","P07955_E",0.808290376865463,1.39999999999998
"8304","P07955_N",3.05505046330389,6
"8305","P07958_C",3.88115103201786,7.69999999999999
"8306","P07958_E",1.82300118851672,3.60000000000002
"8307","P07958_N",2.92631736715847,5.69999999999999
"8308","P07959_C",2.50066657780147,5
"8309","P07959_E",3.30454232837166,6
"8310","P07959_N",4.35889894354067,8
"8311","P07962_C",1.69213868619961,3.30000000000001
"8312","P07962_E",0.680685928555409,1.30000000000001
"8313","P07962_N",2.218858565419,4.39999999999998
"8314","P07963_C",5.68887803818409,10
"8315","P07963_E",4.10162569395762,7.69999999999999
"8316","P07963_N",1.7088007490635,3.39999999999998
"8317","P07965_C",2.08166599946613,4
"8318","P07965_E",3.40440890610983,6.69999999999999
"8319","P07965_N",0.808290376865486,1.60000000000002
"8320","P07966_C",3.60555127546399,7
"8321","P07966_E",1.36503968196288,2.69999999999999
"8322","P07966_N",6.75746500792519,12.3
"8323","P07967_C",6.02771377334171,12
"8324","P07967_E",3.51188458428425,7
"8325","P07967_N",4.53468117218105,8
"8326","P07968_C",5.11175116765282,9
"8327","P07968_E",2.83783955383905,5.60000000000002
"8328","P07968_N",6.39765582068932,12.7
"8329","P07970_C",7.1714712576988,14
"8330","P07970_E",3.04357246231025,5.69999999999999
"8331","P07970_N",2.64575131106459,5
"8332","P07974_C",2.3501772982763,4.69999999999999
"8333","P07974_E",3.20780298646908,5.69999999999999
"8334","P07974_N",3.05505046330389,6
"8335","P07977_C",4.39203825119954,8.69999999999999
"8336","P07977_E",0.650640709864776,1.30000000000001
"8337","P07977_N",2.15174347913501,4.30000000000001
"8338","P07979_C",1.7088007490635,3.39999999999998
"8339","P07979_E",0.513160143944687,1
"8340","P07979_N",1.52752523165195,3
"8341","P07980_C",2.51661147842358,5
"8342","P07980_E",2.371356854911,4.60000000000002
"8343","P07980_N",4.52364160089339,9
"8344","P07981_C",NA,0
"8345","P07981_E",NA,0
"8346","P07981_N",NA,0
"8347","P07982_C",NA,0
"8348","P07982_E",NA,0
"8349","P07982_N",NA,0
"8350","P07983_C",NA,0
"8351","P07983_E",NA,0
"8352","P07983_N",NA,0
"8353","P10801_C",NA,0
"8354","P10801_E",NA,0
"8355","P10801_N",NA,0
"8356","P10802_C",NA,0
"8357","P10802_E",NA,0
"8358","P10802_N",NA,0
"8359","P10803_C",NA,0
"8360","P10803_E",NA,0
"8361","P10803_N",NA,0
"8362","P10804_C",NA,0
"8363","P10804_E",NA,0
"8364","P10804_N",NA,0
"8365","P10805_C",NA,0
"8366","P10805_E",NA,0
"8367","P10805_N",NA,0
"8368","P10806_C",NA,0
"8369","P10806_E",NA,0
"8370","P10806_N",NA,0
"8371","P10807_C",NA,0
"8372","P10807_E",NA,0
"8373","P10807_N",NA,0
"8374","P10808_C",NA,0
"8375","P10808_E",NA,0
"8376","P10808_N",NA,0
"8377","P10809_C",NA,0
"8378","P10809_E",NA,0
"8379","P10809_N",NA,0
"8380","P10810_C",2.81484161780612,5.60000000000002
"8381","P10810_E",1.56950098226581,3
"8382","P10810_N",5.10522608053095,9.30000000000001
"8383","P10811_C",1.36503968196288,2.69999999999999
"8384","P10811_E",2.50266524595946,5
"8385","P10811_N",2.16564078277078,4.30000000000001
"8386","P10812_C",NA,-Inf
"8387","P10812_E",NA,0
"8388","P10812_N",NA,0
"8389","P10813_C",2.30723499742297,4.30000000000001
"8390","P10813_E",0.75055534994652,1.30000000000001
"8391","P10813_N",0.173205080756894,0.300000000000011
"8392","P10814_C",4.11865673895426,8
"8393","P10814_E",3.10859024854247,5.69999999999999
"8394","P10814_N",2.71354626519123,4.69999999999999
"8395","P10815_C",2.15174347913501,4.30000000000001
"8396","P10815_E",4.04516171905813,7.69999999999999
"8397","P10815_N",2.35867194271126,4.69999999999999
"8398","P10816_C",NA,0
"8399","P10816_E",NA,0
"8400","P10816_N",NA,0
"8401","P10817_C",1,2
"8402","P10817_E",0.513160143944687,1
"8403","P10817_N",3.51188458428425,7
"8404","P10818_C",NA,0
"8405","P10818_E",NA,0
"8406","P10818_N",NA,0
"8407","P10819_C",NA,0
"8408","P10819_E",NA,0
"8409","P10819_N",NA,0
"8410","P10820_C",1.82482875908947,3.30000000000001
"8411","P10820_E",4.55302097513288,9
"8412","P10820_N",2.00748598998847,4
"8413","P10821_C",0.680685928555409,1.30000000000001
"8414","P10821_E",1.82482875908947,3.30000000000001
"8415","P10821_N",4.18688428309166,7.69999999999999
"8416","P10822_C",NA,10.3
"8417","P10822_E",1.96553639837407,3.69999999999999
"8418","P10822_N",2.97713508819021,5.30000000000001
"8419","P10823_C",NA,0
"8420","P10823_E",NA,0
"8421","P10823_N",NA,0
"8422","P10824_C",1.4142135623731,2
"8423","P10824_E",0.494974746830575,0.699999999999989
"8424","P10824_N",0.494974746830575,0.699999999999989
"8425","P10825_C",1.15325625946709,2.30000000000001
"8426","P10825_E",1.25033328890074,2.30000000000001
"8427","P10825_N",3.05505046330389,6
"8428","P10828_C",NA,1.69999999999999
"8429","P10828_E",NA,3.69999999999999
"8430","P10828_N",NA,0.699999999999989
"8431","P10829_C",NA,0
"8432","P10829_E",NA,0
"8433","P10829_N",NA,0
"8434","P10830_C",4.95210392998102,9.30000000000001
"8435","P10830_E",2.80416357107308,5
"8436","P10830_N",6.21476735955043,12.3
"8437","P10831_C",NA,0
"8438","P10831_E",NA,0
"8439","P10831_N",NA,0
"8440","P10832_C",2.20529665426975,4.30000000000001
"8441","P10832_E",0.75055534994652,1.30000000000001
"8442","P10832_N",1.96553639837407,3.69999999999999
"8443","P10833_C",0.404145188432731,0.699999999999989
"8444","P10833_E",5.3631458430042,10.7
"8445","P10833_N",7.34325086956269,14.4
"8446","P10834_C",3.05995642670502,5.30000000000001
"8447","P10834_E",5.33510387277823,9.69999999999999
"8448","P10834_N",3.90683162336609,7.69999999999999
"8449","P10835_C",NA,8.69999999999999
"8450","P10835_E",NA,4.30000000000001
"8451","P10835_N",NA,4.69999999999999
"8452","P10836_C",1.01488915650922,2
"8453","P10836_E",2.92631736715847,5.69999999999999
"8454","P10836_N",2.9871948937646,5.69999999999999
"8455","P10837_C",NA,1.69999999999999
"8456","P10837_E",NA,0
"8457","P10837_N",NA,0
"8458","P10838_C",1.07857931249089,2
"8459","P10838_E",0.699999999999989,1.39999999999998
"8460","P10838_N",2.32880512996114,4.30000000000001
"8461","P10839_C",1.90525588832577,3.30000000000001
"8462","P10839_E",5.20480547186924,9.30000000000001
"8463","P10839_N",0.854400374531748,1.69999999999999
"8464","P10840_C",NA,0
"8465","P10840_E",NA,0
"8466","P10840_N",NA,0
"8467","P10841_C",2.04042479237372,4
"8468","P10841_E",4.70779495447002,8.30000000000001
"8469","P10841_N",3.21921315438002,6.30000000000001
"8470","P10842_C",2,4
"8471","P10842_E",5.2373657500694,10
"8472","P10842_N",2.04042479237372,4
"8473","P10843_C",NA,1.30000000000001
"8474","P10843_E",NA,2
"8475","P10843_N",NA,5
"8476","P10844_C",1.40118997046558,2.69999999999999
"8477","P10844_E",1.25033328890074,2.30000000000001
"8478","P10844_N",2.15174347913501,4.30000000000001
"8479","P10846_C",NA,0
"8480","P10846_E",NA,0
"8481","P10846_N",NA,0
"8482","P10847_C",NA,0
"8483","P10847_E",NA,0
"8484","P10847_N",NA,0
"8485","P10849_C",NA,4.69999999999999
"8486","P10849_E",NA,7.69999999999999
"8487","P10849_N",NA,0.300000000000011
"8488","P10850_C",NA,2.30000000000001
"8489","P10850_E",1,2
"8490","P10850_N",NA,1.69999999999999
"8491","P10851_C",NA,0
"8492","P10851_E",NA,0
"8493","P10851_N",NA,0
"8494","P10852_C",2.86181760425083,5.69999999999999
"8495","P10852_E",3.16596483450675,6.30000000000001
"8496","P10852_N",1,2
"8497","P10854_C",2.22785397486759,4
"8498","P10854_E",1.96553639837407,3.69999999999999
"8499","P10854_N",1.25033328890074,2.30000000000001
"8500","P10856_C",0.888819441731556,1.69999999999999
"8501","P10856_E",3.8940124978399,7.30000000000001
"8502","P10856_N",0.650640709864776,1.30000000000001
"8503","P10857_C",0.888819441731556,1.69999999999999
"8504","P10857_E",3.3261589458914,6.30000000000001
"8505","P10857_N",1.36503968196288,2.69999999999999
"8506","P10858_C",NA,0
"8507","P10858_E",NA,0
"8508","P10858_N",NA,0
"8509","P10860_C",NA,3.30000000000001
"8510","P10860_E",NA,10
"8511","P10860_N",NA,2.30000000000001
"8512","P10861_C",2.85131548587665,5.69999999999999
"8513","P10861_E",0.680685928555409,1.30000000000001
"8514","P10861_N",3.50190424388408,7
"8515","P10862_C",NA,0
"8516","P10862_E",NA,0
"8517","P10862_N",NA,0
"8518","P10863_C",2.00748598998847,4
"8519","P10863_E",1.40118997046558,2.69999999999999
"8520","P10863_N",2.20529665426975,4.30000000000001
"8521","P10864_C",3.04055915910216,4.30000000000001
"8522","P10864_E",4.03050865276331,5.69999999999999
"8523","P10864_N",3.74766594028871,5.30000000000001
"8524","P10865_C",NA,0
"8525","P10865_E",NA,0
"8526","P10865_N",NA,0
"8527","P10866_C",3.55387112878338,6.30000000000001
"8528","P10866_E",2.85131548587665,5.69999999999999
"8529","P10866_N",1.15325625946709,2.30000000000001
"8530","P10867_C",NA,0
"8531","P10867_E",NA,0
"8532","P10867_N",NA,0
"8533","P10868_C",NA,0
"8534","P10868_E",NA,0
"8535","P10868_N",NA,0
"8536","P10869_C",1.40118997046558,2.69999999999999
"8537","P10869_E",0.981495457622357,1.69999999999999
"8538","P10869_N",0.404145188432731,0.699999999999989
"8539","P10870_C",1.40118997046558,2.69999999999999
"8540","P10870_E",1.69213868619961,3.30000000000001
"8541","P10870_N",1.69213868619961,3.30000000000001
"8542","P10871_C",2.36431808350737,4.39999999999998
"8543","P10871_E",0.513160143944687,1
"8544","P10871_N",3.49618840072062,6.60000000000002
"8545","P10872_C",NA,0
"8546","P10872_E",NA,0
"8547","P10872_N",NA,0
"8548","P10873_C",1.69999999999999,3.39999999999998
"8549","P10873_E",1.7578395831247,3.30000000000001
"8550","P10873_N",3.46410161513775,6
"8551","P10874_C",1.65227116418583,3
"8552","P10874_E",4.18688428309166,7.69999999999999
"8553","P10874_N",1.65227116418583,3
"8554","P10875_C",2.42693221990231,4.69999999999999
"8555","P10875_E",0.699999999999989,1.39999999999998
"8556","P10875_N",3.65558932777376,7.30000000000001
"8557","P10876_C",1.15325625946709,2.30000000000001
"8558","P10876_E",1.82300118851672,3.60000000000002
"8559","P10876_N",2.80416357107308,5
"8560","P10877_C",2.22785397486759,4
"8561","P10877_E",2.65769323537036,5.30000000000001
"8562","P10877_N",3.68284310463171,6.69999999999999
"8563","P10878_C",NA,0
"8564","P10878_E",NA,0
"8565","P10878_N",NA,0
"8566","P10879_C",NA,0
"8567","P10879_E",NA,0
"8568","P10879_N",NA,0
"8569","P10880_C",2.85131548587665,5.69999999999999
"8570","P10880_E",2.9022979401387,5.30000000000001
"8571","P10880_N",1.56950098226581,3
"8572","P10881_C",NA,0
"8573","P10881_E",NA,0
"8574","P10881_N",NA,0
"8575","P10882_C",NA,0
"8576","P10882_E",NA,0
"8577","P10882_N",NA,0
"8578","P22001_C",0.854400374531748,1.69999999999999
"8579","P22001_E",4.16333199893227,8
"8580","P22001_N",5.05601951473027,10
"8581","P22004_C",2.16564078277078,4.30000000000001
"8582","P22004_E",2.83783955383905,5.60000000000002
"8583","P22004_N",2.32880512996114,4.30000000000001
"8584","P22005_C",7.90969868789787,13.7
"8585","P22005_E",3.38575447032613,6.30000000000001
"8586","P22005_N",4.76060220280305,8.69999999999999
"8587","P22008_C",5.25959440768329,10.3
"8588","P22008_E",3.21455025366432,6
"8589","P22008_N",1.96553639837407,3.69999999999999
"8590","P22010_C",4.45308881564246,8.69999999999999
"8591","P22010_E",2.65769323537036,5.30000000000001
"8592","P22010_N",3.20780298646908,5.69999999999999
"8593","P22011_C",1.23423390543823,2.39999999999998
"8594","P22011_E",5.4064775963653,10.7
"8595","P22011_N",5.35630469633683,10.3
"8596","P22013_C",5.19262297238432,10.3
"8597","P22013_E",0.173205080756894,0.300000000000011
"8598","P22013_N",1.86815416922694,3.69999999999999
"8599","P22014_C",1.66232768530556,3.30000000000001
"8600","P22014_E",2.8792360097776,5.30000000000001
"8601","P22014_N",2.41315837303177,4.69999999999999
"8602","P22016_C",4.01497197997695,8
"8603","P22016_E",0.721110255092788,1.39999999999998
"8604","P22016_N",5.56776436283002,11
"8605","P22018_C",1.7088007490635,3.39999999999998
"8606","P22018_E",2.36431808350737,4.39999999999998
"8607","P22018_N",1.23423390543823,2.39999999999998
"8608","P22019_C",3.53836120259082,7
"8609","P22019_E",2,4
"8610","P22019_N",3.16069612585583,6.30000000000001
"8611","P22020_C",1.31148770486041,2.60000000000002
"8612","P22020_E",1.4224392195568,2.60000000000002
"8613","P22020_N",5.01231815962768,9.60000000000002
"8614","P22022_C",4.04145188432738,8
"8615","P22022_E",3.64965751817894,6.60000000000002
"8616","P22022_N",4.15090351610346,8.30000000000001
"8617","P22023_C",1.52752523165195,3
"8618","P22023_E",1.58745078663875,3
"8619","P22023_N",2.00748598998847,4
"8620","P22025_C",1.32790561913615,2.30000000000001
"8621","P22025_E",5.29150262212918,10
"8622","P22025_N",2.77848879788997,5
"8623","P22026_C",NA,15
"8624","P22026_E",1.52752523165195,3
"8625","P22026_N",0.888819441731556,1.69999999999999
"8626","P22028_C",6.36107957294462,12.7
"8627","P22028_E",2.97040962382856,5.69999999999999
"8628","P22028_N",3.60555127546399,7
"8629","P22029_C",2.92631736715847,5.69999999999999
"8630","P22029_E",3.28075194632775,6
"8631","P22029_N",1.80369990112917,3.60000000000002
"8632","P22031_C",3.69504172281359,6.39999999999998
"8633","P22031_E",0.513160143944687,1
"8634","P22031_N",3.2129944496269,6.39999999999998
"8635","P22032_C",6.97591093215312,13.3
"8636","P22032_E",4.7920072342739,8.30000000000001
"8637","P22032_N",1.19303534454489,2.30000000000001
"8638","P22033_C",3.56791255498225,7
"8639","P22033_E",3.51046055857821,6.39999999999998
"8640","P22033_N",2.80416357107308,5
"8641","P22035_C",1.20554275466833,2.39999999999998
"8642","P22035_E",1.58745078663875,3
"8643","P22035_N",1.7578395831247,3.30000000000001
"8644","P22036_C",2.71845544381364,5.30000000000001
"8645","P22036_E",1.15325625946709,2.30000000000001
"8646","P22036_N",4.04516171905813,7.69999999999999
"8647","P22037_C",3.44286702231344,6.60000000000002
"8648","P22037_E",2.16564078277078,4.30000000000001
"8649","P22037_N",3.78593889720018,7
"8650","P22038_C",1.25033328890074,2.30000000000001
"8651","P22038_E",1.07857931249089,2
"8652","P22038_N",0.230940107675837,0.399999999999977
"8653","P22039_C",4.00374824383352,8
"8654","P22039_E",1.85202591774521,3.69999999999999
"8655","P22039_N",3.78593889720018,7
"8656","P22041_C",5.42709253038247,9.39999999999998
"8657","P22041_E",2.20302821891445,4
"8658","P22041_N",4.35469095727048,8.69999999999999
"8659","P22042_C",3.55715241918777,6.60000000000002
"8660","P22042_E",1.28582010146572,2.39999999999998
"8661","P22042_N",2.07846096908267,3.60000000000002
"8662","P22043_C",3.99541403778548,7.69999999999999
"8663","P22043_E",3.80175398116888,7.60000000000002
"8664","P22043_N",6.04676221901716,12
"8665","P22044_C",4.18688428309166,7.69999999999999
"8666","P22044_E",0.404145188432731,0.699999999999989
"8667","P22044_N",1.7088007490635,3.39999999999998
"8668","P22045_C",1.65227116418583,3
"8669","P22045_E",1.50111069989303,3
"8670","P22045_N",3.32465537061113,6.60000000000002
"8671","P22046_C",2.25018517756503,4.30000000000001
"8672","P22046_E",1.50111069989303,3
"8673","P22046_N",1.86815416922694,3.69999999999999
"8674","P22047_C",2.04042479237372,4
"8675","P22047_E",3.28075194632775,6
"8676","P22047_N",3.77226722277201,7.30000000000001
"8677","P22050_C",2.02977831301845,4
"8678","P22050_E",1.82482875908947,3.30000000000001
"8679","P22050_N",4.15090351610346,8.30000000000001
"8680","P22051_C",0.721110255092788,1.39999999999998
"8681","P22051_E",3.8940124978399,7.30000000000001
"8682","P22051_N",4.66511879091341,9.30000000000001
"8683","P22052_C",2.30651251893417,4.60000000000002
"8684","P22052_E",1.32790561913615,2.30000000000001
"8685","P22052_N",3.44286702231344,6.60000000000002
"8686","P22053_C",2.218858565419,4.39999999999998
"8687","P22053_E",1.47986485869487,2.69999999999999
"8688","P22053_N",7.54983443527075,15
"8689","P22055_C",4.45570794973518,8
"8690","P22055_E",3.47706773014274,6.30000000000001
"8691","P22055_N",5.37773186389951,9.60000000000002
"8692","P22058_C",1.86815416922694,3.69999999999999
"8693","P22058_E",2.42693221990231,4.69999999999999
"8694","P22058_N",1.65227116418583,3
"8695","P22059_C",3.35012437580061,6.60000000000002
"8696","P22059_E",5.4064775963653,10.7
"8697","P22059_N",3.7233497463082,7
"8698","P22060_C",1.99749843554383,3.60000000000002
"8699","P22060_E",0.888819441731556,1.69999999999999
"8700","P22060_N",4.52364160089339,9
"8701","P22067_C",1.62890556304942,3
"8702","P22067_E",1.02632028788937,2
"8703","P22067_N",4.35889894354067,8
"8704","P22081_C",NA,0
"8705","P22081_E",NA,0
"8706","P22081_N",NA,0
"8707","P22082_C",NA,0
"8708","P22082_E",NA,0
"8709","P22082_N",NA,0
"8710","P22083_C",NA,0
"8711","P22083_E",NA,0
"8712","P22083_N",NA,0
