"","PlotID_New","East_mm","East_sd","North_mm","North_sd"
"1","P00001_C",531070,0,2841021.1,0
"2","P00001_E",531079.5,0,2841017.9,0
"3","P00001_N",531074.9,0,2841035.3,0
"4","P00002_C",531156.533333333,0.923760430689959,2841084.7,2.77128129200266
"5","P00002_E",531174,0,2841077,0
"6","P00002_N",531157.066666667,0.923760430689959,2841086.3,2.77128129200266
"7","P00003_C",531144,0,2840874.1,0
"8","P00003_E",531150.6,0,2840871.9,0
"9","P00003_N",531145.6,0,2840878.9,0
"10","P00004_C",531040,0,2841163.1,0
"11","P00004_E",531057.2,9.52627944162882,2841163.9,14.8956369452537
"12","P00004_N",531051.7,9.52627944162882,2841172.5,14.8956369452537
"13","P00005_C",531064,0,2841001.1,0
"14","P00005_E",531076.3,0,2840996.9,0
"15","P00005_N",531070.2,0,2841019.1,0
"16","P00006_C",531328,0,2841056.2,0
"17","P00006_E",531350.7,0,2841048.3,0
"18","P00006_N",531334.8,0,2841076,0
"19","P00007_C",531429,0,2841151.2,0
"20","P00007_E",531439.4,0,2841147.6,0
"21","P00007_N",531430.3,0,2841154.9,0
"22","P00008_C",531424,0,2840984.2,0
"23","P00008_E",531427.8,0,2840982.8,0
"24","P00008_N",531430.2,0,2841002.1,0
"25","P00009_C",531358,0,2841220.2,0
"26","P00009_E",531390.1,0,2841209.1,0
"27","P00009_N",531361.9,0,2841231.5,0
"28","P00010_C",531241,0,2841050.2,0
"29","P00010_E",531246.7,0,2841048.2,0
"30","P00010_N",531244.3,0,2841059.6,0
"31","P00011_C",531922,0,2840695.2,0
"32","P00011_E",531943.7,0,2840687.7,0
"33","P00011_N",531923.6,0,2840699.9,0
"34","P00012_C",531958,0,2840686.2,0
"35","P00012_E",531987.3,0,2840676.1,0
"36","P00012_N",531965.5,0,2840707.9,0
"37","P00013_C",531990,0,2840591.2,0
"38","P00013_E",532008,0,2840585,0
"39","P00013_N",532000.1,0,2840620.5,0
"40","P00014_C",531909,0,2840845.2,0
"41","P00014_E",531935.5,0,2840836,0
"42","P00014_N",531912.9,0,2840856.5,0
"43","P00015_C",531794,0,2840631.2,0
"44","P00015_E",531813.9,0,2840624.3,0
"45","P00015_N",531804.1,0,2840660.5,0
"46","P00021_C",531247,0,2842434.2,0
"47","P00021_E",531277.3,0,2842423.7,0
"48","P00021_N",531248.6,0,2842438.9,0
"49","P00022_C",531263,0,2842444.2,0
"50","P00022_E",531280,0,2842438.3,0
"51","P00022_N",531273.7,0,2842475.4,0
"52","P00023_C",531282,0,2842266.2,0
"53","P00023_E",531290.5,0,2842263.2,0
"54","P00023_N",531292.7,0,2842297.4,0
"55","P00024_C",531208,0,2842536.2,0
"56","P00024_E",531235.4,0,2842526.7,0
"57","P00024_N",531218.4,0,2842566.4,0
"58","P00025_C",531183,0,2842447.1,0
"59","P00025_E",531192.5,0,2842443.9,0
"60","P00025_N",531186.9,0,2842458.5,0
"61","P00026_C",531899,0,2842518.2,0
"62","P00026_E",531918.9,0,2842511.3,0
"63","P00026_N",531909.7,0,2842549.4,0
"64","P00027_C",532014,0,2842603.2,0
"65","P00027_E",532025.3,0,2842599.2,0
"66","P00027_N",532024.7,0,2842634.4,0
"67","P00028_C",531931,0,2842499.2,0
"68","P00028_E",531950.9,0,2842492.3,0
"69","P00028_N",531938.5,0,2842520.9,0
"70","P00029_C",531899,0,2842647.2,0
"71","P00029_E",531914.1,0,2842641.9,0
"72","P00029_N",531908.1,0,2842673.6,0
"73","P00030_C",531862,0,2842515.2,0
"74","P00030_E",531882.8,0,2842508,0
"75","P00030_N",531864,0,2842520.8,0
"76","P00032_C",532023,0,2842087.2,0
"77","P00032_E",532026.8,0,2842085.8,0
"78","P00032_N",532031.5,0,2842111.7,0
"79","P00033_C",532522,0,2841954.2,0
"80","P00033_E",532546.6,0,2841945.7,0
"81","P00033_N",532529.8,0,2841976.8,0
"82","P00034_C",532493,0,2842274.2,0
"83","P00034_E",532525.1,0,2842263.1,0
"84","P00034_N",532498.5,0,2842290.2,0
"85","P00035_C",532421,0,2842079.2,0
"86","P00035_E",532432.3,0,2842075.2,0
"87","P00035_N",532431.7,0,2842110.4,0
"88","P00037_C",532516,0,2842092.2,0
"89","P00037_E",532525.5,0,2842088.9,0
"90","P00037_N",532527.1,0,2842124.3,0
"91","P00041_C",531882,0,2843834.2,0
"92","P00041_E",531912.3,0,2843823.7,0
"93","P00041_N",531884.6,0,2843841.7,0
"94","P00042_C",531896,0,2843853.2,0
"95","P00042_E",531925.3,0,2843843.1,0
"96","P00042_N",531899.9,0,2843864.5,0
"97","P00043_C",531854,0,2843731.2,0
"98","P00043_E",531870.1,0,2843725.6,0
"99","P00043_N",531857.6,0,2843741.6,0
"100","P00044_C",531826,0,2843945.2,0
"101","P00044_E",531829.8,0,2843943.8,0
"102","P00044_N",531836.1,0,2843974.5,0
"103","P00045_C",531730,0,2843723.2,0
"104","P00045_E",531752.7,0,2843715.3,0
"105","P00045_N",531736.5,0,2843742.1,0
"106","P00046_C",532280,0,2843967.2,0
"107","P00046_E",532311.2,0,2843956.4,0
"108","P00046_N",532282.9,0,2843975.7,0
"109","P00047_C",532411,0,2844001.2,0
"110","P00047_E",532440.3,0,2843991.1,0
"111","P00047_N",532422.4,0,2844034.2,0
"112","P00048_C",532285,0,2843885.2,0
"113","P00048_E",532295.4,0,2843881.6,0
"114","P00048_N",532289.9,0,2843899.3,0
"115","P00049_C",532263,0,2844061.2,0
"116","P00049_E",532276.2,0,2844056.6,0
"117","P00049_N",532264,0,2844064,0
"118","P00050_C",532229,0,2843903.2,0
"119","P00050_E",532253.6,0,2843894.7,0
"120","P00050_N",532234.5,0,2843919.2,0
"121","P00066_C",532366,0,2844188.2,0
"122","P00066_E",532368.8,0,2844187.2,0
"123","P00066_N",532369.6,0,2844198.6,0
"124","P00067_C",532376,0,2844201.2,0
"125","P00067_E",532406.3,0,2844190.7,0
"126","P00067_N",532379.6,0,2844211.6,0
"127","P00068_C",532342,0,2844093.2,0
"128","P00068_E",532370.4,0,2844083.4,0
"129","P00068_N",532343.6,0,2844097.9,0
"130","P00069_C",532368,0,2844339.2,0
"131","P00069_E",532396.4,0,2844329.4,0
"132","P00069_N",532376.8,0,2844364.7,0
"133","P00070_C",532288,0,2844157.2,0
"134","P00070_E",532305,0,2844151.3,0
"135","P00070_N",532293.2,0,2844172.3,0
"136","P00081_C",531717,NA,2843049,NA
"137","P00081_E",531727,NA,2843045,NA
"138","P00081_N",531722,NA,2843062,NA
"139","P00082_C",531700,NA,2842831,NA
"140","P00082_E",531727,NA,2842821,NA
"141","P00082_N",531702,NA,2842838,NA
"142","P00101_C",566611.2,NA,2940954.8,NA
"143","P00101_E",566615,NA,2940956.1,NA
"144","P00102_C",566470.5,NA,2941000.6,NA
"145","P00102_E",566480,NA,2941003.9,NA
"146","P00103_C",566582.933333333,0.0577350269055201,2941025.73333333,0.23094010762208
"147","P00103_E",566594.2,0.173205080783773,2941029.33333333,0.288675134594813
"148","P00103_N",566573.9,0.141421356204382,2941050,0
"149","P00104_C",566666.666666667,0.288675134594813,2941037.06666667,0.0577350269727325
"150","P00104_E",566676.933333333,0.0577350269055201,2941040.73333333,0.23094010762208
"151","P00104_N",566658.05,0.0707106781021911,2941059.2,0.282842712408765
"152","P00105_C",566702,0,2940915.26666667,0.23094010762208
"153","P00105_E",566710.666666667,0.288675134594813,2940918.2,0.173205080649348
"154","P00105_N",566690.9,0.141421356204382,2940945.1,0.141421356369018
"155","P00106_C",566678.9,NA,2940964,NA
"156","P00106_E",566688.3,NA,2940967.3,NA
"157","P00107_C",566640.7,0,2940826.43333333,0.0577350269727325
"158","P00107_E",566645.7,0.173205080783773,2940830.7,2.25166604978577
"159","P00107_N",566631.75,0.353553390593274,2940851,0
"160","P00108_C",566555.066666667,0.0577350269055201,2940822.8,0.173205080649348
"161","P00108_E",566563.733333333,0.230940107689293,2940825.73333333,0.23094010762208
"162","P00108_N",566546,0,2940846.95,0.0707106781845092
"163","P00109_C",566624.066666667,0.0577350269055201,2940969.2,0.173205080649348
"164","P00109_E",566630.8,0.173205080783773,2940971.73333333,0.23094010762208
"165","P00109_N",566616.75,0.353553390593274,2940989.15,0.212132034224255
"166","P00110_C",566667.2,0.173205080783773,2940886.26666667,0.23094010762208
"167","P00110_E",566675.866666667,0.11547005381104,2940889.26666667,0.23094010762208
"168","P00110_N",566664.1,0.141421356204382,2940894.9,0.141421356369018
"169","P00111_C",567154.133333333,0.11547005381104,2941468.2,0.173205080649348
"170","P00111_E",567165.666666667,0.288675134594813,2941472.13333333,0.115470053945465
"171","P00111_N",567152.95,0.0707106781021911,2941471.9,0.141421356369018
"172","P00112_C",567017.8,NA,2941462,NA
"173","P00112_E",567027.3,NA,2941465.3,NA
"174","P00113_C",567040.8,0.173205080783773,2941651.66666667,0.288675134594813
"175","P00113_E",567049.133333333,0.11547005381104,2941654.33333333,0.288675134594813
"176","P00113_N",567034.75,0.353553390593274,2941668,0
"177","P00114_C",566979.1,NA,2941626.8,NA
"178","P00114_E",566985.7,NA,2941629.1,NA
"179","P00115_C",567000.5,NA,2941718.9,NA
"180","P00115_E",567009,NA,2941721.8,NA
"181","P00116_C",566870.9,NA,2941554.3,NA
"182","P00116_E",566881.3,NA,2941557.9,NA
"183","P00117_C",566959.266666667,0.230940107689293,2941767.26666667,0.23094010762208
"184","P00117_E",566968.933333333,0.0577350269055201,2941770.8,0.173205080649348
"185","P00117_N",566948.05,0.0707106781021911,2941797.85,0.212132034224255
"186","P00118_C",567039.8,NA,2941628.3,NA
"187","P00118_E",567046.5,NA,2941630.6,NA
"188","P00119_C",567001.1,NA,2941428.7,NA
"189","P00119_E",567009.6,NA,2941431.6,NA
"190","P00120_C",566947.4,NA,2941593.5,NA
"191","P00120_E",566951.2,NA,2941594.8,NA
"192","P00121_C",567776.933333333,0.0577350269055201,2941030.8,0.173205080649348
"193","P00121_E",567778.866666667,0.11547005381104,2941031.26666667,0.23094010762208
"194","P00121_N",567771,0,2941046.15,0.212132034224255
"195","P00122_C",567814.2,0.173205080783773,2941117.2,0.173205080649348
"196","P00122_E",567819.6,2.77128129213709,2941118.1,1.90525588821823
"197","P00122_N",567814,0,2941120,0
"198","P00123_C",567640.9,NA,2941315.8,NA
"199","P00123_E",567651.3,NA,2941319.4,NA
"200","P00124_C",567777.9,NA,2941212.4,NA
"201","P00124_E",567784.5,NA,2941214.7,NA
"202","P00125_C",567731.2,0.173205080783773,2940990.73333333,0.23094010762208
"203","P00125_E",567740.866666667,0.11547005381104,2940993.93333333,0.0577350269727325
"204","P00125_N",567724.8,0.282842712491083,2941008.25,0.353553390593274
"205","P00126_C",567798,0,2941362,0
"206","P00126_E",567808.266666667,0.230940107689293,2941365.73333333,0.23094010762208
"207","P00126_N",567787.8,0.282842712491083,2941389.85,0.212132034224255
"208","P00127_C",567698.866666667,0.11547005381104,2941305,0
"209","P00127_E",567708.133333333,0.11547005381104,2941308.2,0.173205080649348
"210","P00127_N",567690.2,0.282842712491083,2941327.05,0.0707106781845092
"211","P00128_C",567714,NA,2941430.3,NA
"212","P00128_E",567724.4,NA,2941433.8,NA
"213","P00129_C",567631.866666667,0.11547005381104,2941354.66666667,0.288675134594813
"214","P00129_E",567638.266666667,0.230940107689293,2941356.86666667,0.115470053945465
"215","P00129_N",567620,0,2941385.85,0.212132034224255
"216","P00130_C",567723.266666667,0.230940107689293,2941162.2,0.173205080649348
"217","P00130_E",567732.933333333,0.0577350269055201,2941165.66666667,0.288675134594813
"218","P00130_N",567712.1,0.141421356204382,2941192.1,0.141421356369018
"219","P00131_C",566453.9,NA,2942474.7,NA
"220","P00131_E",566461.5,NA,2942477.3,NA
"221","P00132_C",566343.933333333,0.0577350269055201,2942381.06666667,0.0577350269727325
"222","P00132_E",566350.333333333,0.288675134594813,2942383.26666667,0.23094010762208
"223","P00132_N",566341.2,0.282842712491083,2942387.8,0.282842712408765
"224","P00133_C",566477,0,2942431.8,0.173205080649348
"225","P00133_E",566479.933333333,0.0577350269055201,2942432.73333333,0.23094010762208
"226","P00133_N",566473.15,0.212132034388891,2942441.8,0.282842712408765
"227","P00134_C",566526.3,NA,2942337.8,NA
"228","P00134_E",566532.9,NA,2942340,NA
"229","P00135_C",566332,0,2942370,0
"230","P00135_E",566341.266666667,0.230940107689293,2942373.13333333,0.115470053945465
"231","P00135_N",566326.05,0.0707106781021911,2942385.8,0.282842712408765
"232","P00136_C",566485.5,NA,2942335.3,NA
"233","P00136_E",566494,NA,2942338.3,NA
"234","P00137_C",566366,NA,2942333.6,NA
"235","P00137_E",566372.6,NA,2942335.9,NA
"236","P00138_C",566425.9,NA,2942298.5,NA
"237","P00138_E",566428.8,NA,2942299.5,NA
"238","P00139_C",566414.7,NA,2942362.7,NA
"239","P00139_E",566426,NA,2942366.6,NA
"240","P00140_C",566426.5,NA,2942571,NA
"241","P00140_E",566433.1,NA,2942573.2,NA
"242","P00141_C",566488.733333333,0.230940107689293,2942695.2,0.173205080649348
"243","P00141_E",566498,0,2942698.73333333,0.23094010762208
"244","P00141_N",566478.05,0.0707106781021911,2942723.1,0.141421356369018
"245","P00142_C",566381.066666667,0.0577350269055201,2942692.73333333,0.23094010762208
"246","P00142_E",566387.8,0.173205080783773,2942694.86666667,0.115470053945465
"247","P00142_N",566373.15,0.212132034388891,2942713.05,0.0707106781845092
"248","P00143_C",566444.2,0.173205080783773,2942779.2,0.173205080649348
"249","P00143_E",566453.866666667,0.11547005381104,2942782.66666667,0.288675134594813
"250","P00143_N",566438.8,0.282842712491083,2942794.8,0.282842712408765
"251","P00144_C",566511.2,NA,2942551.5,NA
"252","P00144_E",566523.5,NA,2942555.7,NA
"253","P00145_C",566457.866666667,0.11547005381104,2942494.8,0.173205080649348
"254","P00145_E",566466.2,0.173205080783773,2942497.73333333,0.23094010762208
"255","P00145_N",566453.85,0.212132034388891,2942505.25,0.353553390593274
"256","P00146_C",566300.733333333,0.230940107689293,2942656.8,0.173205080649348
"257","P00146_E",566302.666666667,0.288675134594813,2942657.2,0.173205080649348
"258","P00146_N",566288.9,0.141421356204382,2942688.1,0.141421356369018
"259","P00147_C",566541.2,NA,2942541.6,NA
"260","P00147_E",566549.7,NA,2942544.6,NA
"261","P00148_C",566520.3,NA,2942537.1,NA
"262","P00148_E",566529.7,NA,2942540.4,NA
"263","P00149_C",566441.333333333,0.288675134594813,2942757.06666667,0.0577350269727325
"264","P00149_E",566447.066666667,0.0577350269055201,2942759.06666667,0.0577350269727325
"265","P00149_N",566431.15,0.212132034388891,2942784.05,0.0707106781845092
"266","P00150_C",566454.7,NA,2942699.6,NA
"267","P00150_E",566466.1,NA,2942703.5,NA
"268","P00151_C",567117.933333333,0.0577350269055201,2942490.26666667,0.23094010762208
"269","P00151_E",567120.866666667,0.11547005381104,2942491.26666667,0.23094010762208
"270","P00151_N",567116.2,0.282842712491083,2942494.25,0.353553390593274
"271","P00152_C",567130.133333333,0.11547005381104,2942625.73333333,0.23094010762208
"272","P00152_E",567136.866666667,0.11547005381104,2942627.93333333,0.0577350269727325
"273","P00152_N",567128.8,0.282842712491083,2942629.9,0.141421356369018
"274","P00153_C",567104.5,NA,2942772.8,NA
"275","P00153_E",567111.1,NA,2942775,NA
"276","P00154_C",567185.2,0.173205080783773,2942548.26666667,0.23094010762208
"277","P00154_E",567189.066666667,0.0577350269055201,2942549.8,0.173205080649348
"278","P00154_N",567181.15,0.212132034388891,2942559.1,0.141421356369018
"279","P00155_C",567151.2,0.173205080783773,2942578.06666667,0.0577350269727325
"280","P00155_E",567159.866666667,0.11547005381104,2942581,0
"281","P00155_N",567144.15,0.212132034388891,2942596.9,0.141421356369018
"282","P00156_C",567088.666666667,0.288675134594813,2942782.8,0.173205080649348
"283","P00156_E",567098.933333333,0.0577350269055201,2942786.13333333,0.115470053945465
"284","P00156_N",567080.2,0.282842712491083,2942804.15,0.212132034224255
"285","P00157_C",567082.6,NA,2942771.5,NA
"286","P00157_E",567092.1,NA,2942774.8,NA
"287","P00158_C",567070.933333333,0.0577350269055201,2942540,0
"288","P00158_E",567081.2,0.173205080783773,2942543.73333333,0.23094010762208
"289","P00158_N",567066.2,0.282842712491083,2942551.9,0.141421356369018
"290","P00159_C",566994.133333333,0.11547005381104,2942730.06666667,0.0577350269727325
"291","P00159_E",566995.133333333,0.11547005381104,2942730.26666667,0.23094010762208
"292","P00159_N",566986.25,0.353553390593274,2942750.8,0.282842712408765
"293","P00160_C",567201.3,NA,2942552.9,NA
"294","P00160_E",567210.7,NA,2942556.1,NA
"295","P00161_C",565919.933333333,0.0577350269055201,2943111,0
"296","P00161_E",565922.8,0.173205080783773,2943112,0
"297","P00161_N",565913.85,0.212132034388891,2943127.75,0.353553390593274
"298","P00162_C",565924.8,0.173205080783773,2943143.13333333,0.115470053945465
"299","P00162_E",565927.666666667,0.288675134594813,2943144.13333333,0.115470053945465
"300","P00162_N",565919.85,0.212132034388891,2943156.8,0.282842712408765
"301","P00163_C",565925,NA,2943275,NA
"302","P00163_E",565931.6,NA,2943277.3,NA
"303","P00164_C",565968.1,NA,2943425.9,NA
"304","P00164_E",565976.6,NA,2943428.8,NA
"305","P00165_C",565782.8,NA,2943237.7,NA
"306","P00165_E",565791.6,NA,2943247.5,NA
"307","P00166_C",565809.7,NA,2943049.6,NA
"308","P00166_E",565812.3,NA,2943052.4,NA
"309","P00167_C",566005.6,NA,2943290.9,NA
"310","P00167_E",566008,NA,2943293.7,NA
"311","P00168_C",565936.6,NA,2943165.9,NA
"312","P00168_E",565937.6,NA,2943167,NA
"313","P00169_C",565854.7,NA,2943016.6,NA
"314","P00169_E",565862.9,NA,2943025.8,NA
"315","P00170_C",566025.8,NA,2943226.8,NA
"316","P00170_E",566029.3,NA,2943230.7,NA
"317","P00171_C",566358.733333333,0.230940107689293,2943180.93333333,0.0577350269727325
"318","P00171_E",566367.866666667,0.11547005381104,2943191.13333333,0.115470053945465
"319","P00171_N",566354.85,0.212132034388891,2943191.2,0.282842712408765
"320","P00172_C",566325,NA,2943330.2,NA
"321","P00172_E",566333.1,NA,2943339.3,NA
"322","P00173_C",566150.1,NA,2943271.7,NA
"323","P00173_E",566154.1,NA,2943276.3,NA
"324","P00174_C",566234.333333333,0.288675134594813,2943121.66666667,0.288675134594813
"325","P00174_E",566238.733333333,0.230940107689293,2943126.13333333,0.115470053945465
"326","P00174_N",566223.9,0.141421356204382,2943149.95,0.0707106781845092
"327","P00175_C",566189.1,NA,2943227.6,NA
"328","P00175_E",566198.8,NA,2943238.5,NA
"329","P00176_C",566328.1,NA,2943298.1,NA
"330","P00176_E",566336.6,NA,2943307.7,NA
"331","P00177_C",566319.933333333,0.0577350269055201,2943161.93333333,0.0577350269727325
"332","P00177_E",566328.733333333,0.230940107689293,2943171.73333333,0.23094010762208
"333","P00177_N",566311.05,0.0707106781021911,2943185.15,0.212132034224255
"334","P00178_C",566304.5,NA,2943430.9,NA
"335","P00178_E",566305.7,NA,2943432.2,NA
"336","P00179_C",566362.066666667,0.0577350269055201,2943271.8,0.173205080649348
"337","P00179_E",566365.266666667,0.230940107689293,2943275.33333333,0.288675134594813
"338","P00179_N",566355.8,0.282842712491083,2943289.05,0.0707106781845092
"339","P00180_C",566308.5,NA,2943238.2,NA
"340","P00180_E",566316.1,NA,2943246.7,NA
"341","P00187_C",566687.9,NA,2943429.6,NA
"342","P00187_E",566693.4,NA,2943435.8,NA
"343","P00189_C",566824.066666667,0.0577350269055201,2943644.06666667,0.0577350269727325
"344","P00189_E",566828.866666667,0.11547005381104,2943649.26666667,0.23094010762208
"345","P00189_N",566818.9,0.141421356204382,2943658.1,0.141421356369018
"346","P00201_C",524911.833333333,0.288675134594813,2859796,0
"347","P00201_E",524930.066666667,0.11547005381104,2859799.86666667,0.23094010762208
"348","P00201_N",524907.1,0.173205080783773,2859817.86666667,0.23094010762208
"349","P00203_C",524776.133333333,0.230940107689293,2860776.96666667,0.0577350269727325
"350","P00203_E",524803.966666667,0.0577350269055201,2860782.1,0.173205080649348
"351","P00203_N",524771.966666667,0.0577350269055201,2860800.83333333,0.288675134594813
"352","P00204_C",525975.933333333,0.11547005381104,2860758.06666667,0.115470053945465
"353","P00204_E",526000.1,0.173205080783773,2860763,0
"354","P00204_N",525971,0,2860782.9,0.173205080649348
"355","P00205_C",524689.9,0.173205080783773,2861614,0
"356","P00205_E",524700.166666667,0.288675134594813,2861616.03333333,0.0577350269727325
"357","P00205_N",524686.933333333,0.11547005381104,2861628.9,0.173205080649348
"358","P00206_C",524961.9,0.173205080783773,2859789.8,0.346410161567545
"359","P00206_E",524981.1,0.173205080783773,2859793.1,0.173205080649348
"360","P00206_N",524957.1,0.173205080783773,2859812,0
"361","P00207_C",525020.8,NA,2859766.3,NA
"362","P00207_E",525048.3,NA,2859771.6,NA
"363","P00207_N",525019.1,NA,2859775.1,NA
"364","P00208_C",524890.5,NA,2859820.3,NA
"365","P00208_E",524911.1,NA,2859824.3,NA
"366","P00208_N",524889.5,NA,2859825.2,NA
"367","P00209_C",524880.4,NA,2859306.4,NA
"368","P00209_E",524904,NA,2859311,NA
"369","P00209_N",524877.7,NA,2859320.2,NA
"370","P00226_C",524746.4,NA,2860778,NA
"371","P00226_E",524780.7,NA,2860784.6,NA
"372","P00226_N",524744.8,NA,2860785.8,NA
"373","P00227_C",524712.5,NA,2860689.3,NA
"374","P00227_E",524738,NA,2860694.3,NA
"375","P00227_N",524709.6,NA,2860704,NA
"376","P00228_C",524621.2,NA,2860721.2,NA
"377","P00228_E",524638.9,NA,2860724.7,NA
"378","P00228_N",524619,NA,2860733,NA
"379","P00229_C",524641.133333333,0.230940107689293,2860652.86666667,0.23094010762208
"380","P00229_E",524659.033333333,0.0577350269055201,2860656.03333333,0.0577350269727325
"381","P00229_N",524638.966666667,0.0577350269055201,2860665.13333333,0.23094010762208
"382","P00231_C",525691.966666667,0.0577350269055201,2860918.06666667,0.115470053945465
"383","P00231_E",525722.1,0.173205080783773,2860924.03333333,0.0577350269727325
"384","P00231_N",525689.866666667,0.230940107689293,2860930,0
"385","P00232_C",525752.1,0.173205080783773,2860802,0
"386","P00232_E",525782.9,0.173205080783773,2860808,0
"387","P00232_N",525746.833333333,0.288675134594813,2860831.83333333,0.288675134594813
"388","P00233_C",525581.966666667,0.0577350269055201,2860839.13333333,0.23094010762208
"389","P00233_E",525597.866666667,0.230940107689293,2860842.13333333,0.23094010762208
"390","P00233_N",525576.833333333,0.288675134594813,2860866.93333333,0.115470053945465
"391","P00234_C",525635.066666667,0.11547005381104,2860732,0
"392","P00234_E",525651.966666667,0.0577350269055201,2860735.1,0.173205080649348
"393","P00234_N",525631.133333333,0.230940107689293,2860751.9,0.173205080649348
"394","P00235_C",525754.066666667,0.11547005381104,2860856.1,0.173205080649348
"395","P00235_E",525784.866666667,0.230940107689293,2860862.06666667,0.115470053945465
"396","P00235_N",525753,0,2860862.06666667,0.115470053945465
"397","P00236_C",525245.1,0.173205080783773,2860814.1,0.173205080649348
"398","P00236_E",525263.966666667,0.0577350269055201,2860818,0
"399","P00236_N",525241.133333333,0.230940107689293,2860834,0
"400","P00237_C",525985.966666667,0.0577350269055201,2860691.93333333,0.115470053945465
"401","P00237_E",526011.166666667,0.288675134594813,2860696.9,0.173205080649348
"402","P00237_N",525983.866666667,0.230940107689293,2860703.83333333,0.288675134594813
"403","P00239_C",525970.966666667,0.0577350269055201,2860685.03333333,0.0577350269727325
"404","P00239_E",525982.9,0.173205080783773,2860687.13333333,0.23094010762208
"405","P00239_N",525969.866666667,0.230940107689293,2860692,0
"406","P00241_C",524398.066666667,0.11547005381104,2861587.96666667,0.0577350269727325
"407","P00241_E",524407,0,2861589.9,0.173205080649348
"408","P00241_N",524392.9,0.173205080783773,2861616.13333333,0.23094010762208
"409","P00242_C",524418.833333333,0.288675134594813,2861429.86666667,0.23094010762208
"410","P00242_E",524429.1,0.173205080783773,2861431.9,0.173205080649348
"411","P00242_N",524417.866666667,0.230940107689293,2861434.83333333,0.288675134594813
"412","P00243_C",524246,0,2861521.06666667,0.115470053945465
"413","P00243_E",524259.933333333,0.115470053844646,2861523.96666667,0.0577350269727325
"414","P00243_N",524239.9,0.173205080750166,2861553.86666667,0.23094010762208
"415","P00244_C",524268.1,0.173205080750166,2861432.9,0.173205080649348
"416","P00244_E",524281,0,2861435.03333333,0.0577350269727325
"417","P00244_N",524265.066666667,0.115470053844646,2861448.13333333,0.23094010762208
"418","P00245_C",524358.066666667,0.11547005381104,2861535.93333333,0.115470053945465
"419","P00245_E",524368,0,2861537.9,0.173205080649348
"420","P00245_N",524353.1,0.173205080783773,2861561.1,0.173205080649348
"421","P00246_C",524630.933333333,0.11547005381104,2861526.13333333,0.23094010762208
"422","P00246_E",524640.866666667,0.230940107689293,2861528.1,0.173205080649348
"423","P00246_N",524625,0,2861555.93333333,0.115470053945465
"424","P00247_C",524651.933333333,0.11547005381104,2861540.93333333,0.115470053945465
"425","P00247_E",524686.033333333,0.0577350269055201,2861547.83333333,0.288675134594813
"426","P00247_N",524648,0,2861560.8,0.346410161567545
"427","P00248_C",524536.133333333,0.230940107689293,2861596,0
"428","P00248_E",524546.1,0.173205080783773,2861597.96666667,0.0577350269727325
"429","P00248_N",524534.9,0.173205080783773,2861604.93333333,0.115470053945465
"430","P00249_C",524522.933333333,0.11547005381104,2861414.1,0.173205080649348
"431","P00249_E",524542.133333333,0.230940107689293,2861418.03333333,0.0577350269727325
"432","P00249_N",524517.933333333,0.11547005381104,2861439.93333333,0.115470053945465
"433","P00251_C",525362.966666667,15.559670090768,2862151.16666667,12.8484759148054
"434","P00251_E",525385.166666667,18.3325757419227,2862155.03333333,12.0955914833747
"435","P00251_N",525358.7,17.9267955864889,2862171.73333333,23.6138377510055
"436","P00252_C",525329.066666667,0.11547005381104,2861970.9,0.173205080649348
"437","P00252_E",525350.933333333,0.11547005381104,2861974.96666667,0.0577350269727325
"438","P00252_N",525326,0,2861987.13333333,0.23094010762208
"439","P00253_C",525182.933333333,0.11547005381104,2862064.83333333,0.288675134594813
"440","P00253_E",525197.166666667,0.288675134594813,2862067.13333333,0.23094010762208
"441","P00253_N",525179.9,0.173205080783773,2862080.06666667,0.115470053945465
"442","P00254_C",525260,0,2862031.8,0.346410161567545
"443","P00254_E",525269.933333333,0.11547005381104,2862033.1,0.173205080649348
"444","P00254_N",525253.9,0.173205080783773,2862063.93333333,0.115470053945465
"445","P00255_C",525353.966666667,15.6174048206839,2862158.53333333,12.5878248055012
"446","P00255_E",525374.833333333,18.3325757419227,2862162.13333333,12.2414596079331
"447","P00255_N",525348.466666667,17.7835129637847,2862185.33333333,23.6713610367747
"448","P00261_C",524234.933333333,0.115470053844646,2862179,0
"449","P00261_E",524268.066666667,0.115470053844646,2862185.83333333,0.288675134594813
"450","P00261_N",524233.166666667,0.288675134594813,2862185.96666667,0.0577350269727325
"451","P00262_C",524195.966666667,0.0577350269055201,2862094.93333333,0.115470053945465
"452","P00262_E",524222.133333333,0.230940107689293,2862099.96666667,0.0577350269727325
"453","P00262_N",524193.866666667,0.230940107689293,2862106.86666667,0.23094010762208
"454","P00263_C",524060.833333333,0.288675134594813,2862159.96666667,0.0577350269727325
"455","P00263_E",524071.1,0.173205080750166,2862162,0
"456","P00263_N",524057.166666667,0.288675134594813,2862175.86666667,0.23094010762208
"457","P00264_C",524140.966666667,0.0577350269055201,2862030.8,0.346410161567545
"458","P00264_E",524170.133333333,0.230940107689293,2862036.06666667,0.115470053945465
"459","P00264_N",524138.033333333,0.0577350269055201,2862045.06666667,0.115470053945465
"460","P00265_C",524135.9,0.173205080750166,2862161.03333333,0.0577350269727325
"461","P00265_E",524157.1,0.173205080750166,2862165.1,0.173205080649348
"462","P00265_N",524129.133333333,0.230940107689293,2862193.83333333,0.288675134594813
"463","P00266_C",524423.9,0.173205080783773,2862438.83333333,0.288675134594813
"464","P00266_E",524452.033333333,0.0577350269055201,2862444,0
"465","P00266_N",524422,0,2862447.1,0.173205080649348
"466","P00267_C",524584.966666667,0.0577350269055201,2862458.9,0.173205080649348
"467","P00267_E",524607.833333333,0.288675134594813,2862463.03333333,0.0577350269727325
"468","P00267_N",524582.866666667,0.230940107689293,2862470.83333333,0.288675134594813
"469","P00268_C",524481.9,0.173205080783773,2862500.86666667,0.23094010762208
"470","P00268_E",524492.166666667,0.288675134594813,2862502.9,0.173205080649348
"471","P00268_N",524478.066666667,0.11547005381104,2862518.1,0.173205080649348
"472","P00269_C",524401.933333333,0.11547005381104,2862337.9,0.173205080649348
"473","P00269_E",524409.9,0.173205080783773,2862339.06666667,0.115470053945465
"474","P00269_N",524397.066666667,0.11547005381104,2862361.06666667,0.115470053945465
"475","P00271_C",525215.133333333,0.230940107689293,2862781.03333333,0.0577350269727325
"476","P00271_E",525220.133333333,0.230940107689293,2862782,0
"477","P00271_N",525212.933333333,0.11547005381104,2862794.93333333,0.115470053945465
"478","P00272_C",525196.833333333,0.288675134594813,2862710.06666667,0.115470053945465
"479","P00272_E",525222.033333333,0.0577350269055201,2862715.03333333,0.0577350269727325
"480","P00272_N",525195.133333333,0.230940107689293,2862716.03333333,0.0577350269727325
"481","P00273_C",525084.066666667,0.11547005381104,2862787.83333333,0.288675134594813
"482","P00273_E",525094,0,2862789.13333333,0.23094010762208
"483","P00273_N",525080,0,2862809.03333333,0.0577350269727325
"484","P00274_C",525056.1,0.173205080783773,2862704.13333333,0.23094010762208
"485","P00274_E",525085.933333333,0.11547005381104,2862710.03333333,0.0577350269727325
"486","P00274_N",525050,0,2862736.93333333,0.115470053945465
"487","P00275_C",525167.133333333,0.230940107689293,2862754.13333333,0.23094010762208
"488","P00275_E",525174.1,0.173205080783773,2862755.9,0.173205080649348
"489","P00275_N",525164,0,2862772.03333333,0.0577350269727325
"490","P00276_C",525597.033333333,0.0577350269055201,2862816.06666667,0.115470053945465
"491","P00276_E",525610.933333333,0.11547005381104,2862818.93333333,0.115470053945465
"492","P00276_N",525594.866666667,0.230940107689293,2862828.96666667,0.0577350269727325
"493","P00278_C",525530.1,0.141421356204382,2862692,0
"494","P00278_E",525558.8,0.282842712491083,2862697.75,0.353553390593274
"495","P00278_N",525526,0,2862713.8,0.282842712408765
"496","P00279_C",525513.1,0.173205080783773,2862608.96666667,0.0577350269727325
"497","P00279_E",525535.966666667,0.0577350269055201,2862613.1,0.173205080649348
"498","P00279_N",525510.1,0.173205080783773,2862624.86666667,0.23094010762208
"499","P002x1_C",525020.8,NA,2859766.3,NA
"500","P002x1_E",525048.3,NA,2859771.6,NA
"501","P002x1_N",525019.1,NA,2859775.1,NA
"502","P002x2_C",525605.4,NA,2862663.3,NA
"503","P002x2_E",525617.1,NA,2862665.6,NA
"504","P002x2_N",525601.9,NA,2862681,NA
"505","P00306_C",532271,0,2909942,0
"506","P00306_E",532298,0,2909945,0
"507","P00306_N",532270,0,2909954,0
"508","P00307_C",532289,0,2910067,0
"509","P00307_E",532303,0,2910069,0
"510","P00307_N",532288,0,2910079,0
"511","P00309_C",532191,0,2909956,0
"512","P00309_E",532195,0,2909956,0
"513","P00309_N",532190,0,2909965,0
"514","P00310_C",532165,0,2909790,0
"515","P00310_E",532186,0,2909792,0
"516","P00310_N",532164,0,2909805,0
"517","P00311_C",532731,0,2910117,0
"518","P00311_E",532734,0,2910117,0
"519","P00311_N",532728,0,2910143,0
"520","P00312_C",532747,0,2910181,0
"521","P00312_E",532764,0,2910182,0
"522","P00312_N",532745,0,2910199,0
"523","P00313_C",532741,0,2910060,0
"524","P00313_E",532757,0,2910062,0
"525","P00313_N",532739,0,2910078,0
"526","P00314_C",532688,0,2910283,0
"527","P00314_E",532706,0,2910285,0
"528","P00314_N",532686,0,2910302,0
"529","P00315_C",532653,0,2910028,0
"530","P00315_E",532684,0,2910031,0
"531","P00315_N",532651,0,2910044,0
"532","P00325_C",532921.2,0.173205080783773,2910615.33333333,0.288675134594813
"533","P00325_E",532954.066666667,0.0577350269055201,2910618.93333333,0.0577350269727325
"534","P00325_N",532920.8,0.173205080783773,2910621.26666667,0.23094010762208
"535","P00325_S",532924.4,NA,2910585.6,NA
"536","P00325_W",532918.3,NA,2910615.1,NA
"537","P00326_C",533020.2,0.173205080783773,2910490.73333333,0.23094010762208
"538","P00326_E",533035.133333333,0.11547005381104,2910492.06666667,0.0577350269727325
"539","P00326_N",533018.266666667,0.230940107689293,2910508.33333333,0.288675134594813
"540","P00326_S",533022.2,NA,2910472.7,NA
"541","P00326_W",532999.4,NA,2910488.4,NA
"542","P00327_C",532791.266666667,0.230940107689293,2910609.73333333,0.23094010762208
"543","P00327_E",532817.2,0.173205080783773,2910612.2,0.173205080649348
"544","P00327_N",532790.2,0.173205080783773,2910620.66666667,0.288675134594813
"545","P00327_S",532794.1,NA,2910584.7,NA
"546","P00327_W",532781.5,NA,2910608.5,NA
"547","P00328_C",532814.733333333,0.230940107689293,2910531,0
"548","P00328_E",532839.333333333,0.288675134594813,2910533.73333333,0.23094010762208
"549","P00328_N",532813.066666667,0.0577350269055201,2910544.93333333,0.0577350269727325
"550","P00328_S",532816.9,NA,2910509.1,NA
"551","P00328_W",532803.7,NA,2910529.9,NA
"552","P00329_C",533037.066666667,0.0577350269055201,2910939.06666667,0.0577350269727325
"553","P00329_E",533062,0,2910941.86666667,0.115470053945465
"554","P00329_N",533034.133333333,0.11547005381104,2910967,0
"555","P00329_S",533038,NA,2910931.2,NA
"556","P00329_W",533026.2,NA,2910938,NA
"557","P00330_C",532997.333333333,0.288675134594813,2910846,0
"558","P00330_E",533025.2,0.173205080783773,2910848.93333333,0.0577350269727325
"559","P00330_N",532996.933333333,0.0577350269055201,2910851,0
"560","P00330_S",533000.7,NA,2910815.2,NA
"561","P00330_W",532989.5,NA,2910845.2,NA
"562","P00331_C",532942.2,0.173205080783773,2910947.86666667,0.115470053945465
"563","P00331_E",532949.2,0.173205080783773,2910948.33333333,0.288675134594813
"564","P00331_N",532940.866666667,0.11547005381104,2910961.8,0.173205080649348
"565","P00331_S",532944.6,NA,2910925.9,NA
"566","P00331_W",532913.5,NA,2910944.7,NA
"567","P00332_C",532935.266666667,0.230940107689293,2910902.2,0.173205080649348
"568","P00332_E",532952.2,0.173205080783773,2910904.06666667,0.0577350269727325
"569","P00332_N",532934.733333333,0.230940107689293,2910910.2,0.173205080649348
"570","P00332_S",532938.4,NA,2910874.5,NA
"571","P00332_W",532916.5,NA,2910900.3,NA
"572","P00333_C",532868,0,2911445,0
"573","P00333_E",532902,0,2911449,0
"574","P00333_N",532866,0,2911463,0
"575","P00334_C",532640,0,2911621,0
"576","P00334_E",532665,0,2911623,0
"577","P00334_N",532639,0,2911631,0
"578","P00337_C",532035,0,2911760.73333333,0.23094010762208
"579","P00337_E",532046.933333333,0.0577350269055201,2911761.86666667,0.115470053945465
"580","P00337_N",532033.266666667,0.230940107689293,2911775.66666667,0.288675134594813
"581","P00337_S",532037.2,NA,2911739.7,NA
"582","P00337_W",532011.1,NA,2911758.1,NA
"583","P00338_C",532048.333333333,0.288675134594813,2911574.73333333,0.23094010762208
"584","P00338_E",532061.266666667,0.230940107689293,2911575.93333333,0.0577350269727325
"585","P00338_N",532047.066666667,0.0577350269055201,2911587.33333333,0.288675134594813
"586","P00338_S",532050.9,NA,2911551.7,NA
"587","P00338_W",532025.6,NA,2911572.2,NA
"588","P00339_C",531966.2,0.173205080783773,2911708.26666667,0.23094010762208
"589","P00339_E",531975.133333333,0.11547005381104,2911709.2,0.173205080649348
"590","P00339_N",531964.933333333,0.0577350269055201,2911721.2,0.173205080649348
"591","P00339_S",531968.7,NA,2911685.5,NA
"592","P00339_W",531939.4,NA,2911705.5,NA
"593","P00340_C",531892.733333333,0.230940107689293,2911622.93333333,0.0577350269727325
"594","P00340_E",531915.666666667,0.288675134594813,2911625.2,0.173205080649348
"595","P00340_N",531891.333333333,0.288675134594813,2911633.93333333,0.0577350269727325
"596","P00340_S",531895.3,NA,2911598,NA
"597","P00340_W",531879.7,NA,2911621.6,NA
"598","P00345_C",532945.333333333,0.288675134594813,2911659.93333333,0.0577350269727325
"599","P00345_E",532968.2,0.173205080783773,2911662.2,0.173205080649348
"600","P00345_N",532943.333333333,0.288675134594813,2911678.86666667,0.115470053945465
"601","P00345_S",532947.2,NA,2911643,NA
"602","P00345_W",532932.5,NA,2911658.5,NA
"603","P00346_C",532910,0,2911497,0
"604","P00346_E",532919.933333333,0.0577350269055201,2911498,0
"605","P00346_N",532909,0,2911505.93333333,0.0577350269727325
"606","P00346_S",532912.8,NA,2911470.1,NA
"607","P00346_W",532884.1,NA,2911494.3,NA
"608","P00347_C",532755.933333333,0.0577350269055201,2911624,0
"609","P00347_E",532768.933333333,0.0577350269055201,2911625.2,0.173205080649348
"610","P00347_N",532753.733333333,0.230940107689293,2911645.86666667,0.115470053945465
"611","P00347_S",532757.4,NA,2911610,NA
"612","P00347_W",532733.1,NA,2911621.6,NA
"613","P00348_C",532897.933333333,0.0577350269055201,2911518,0
"614","P00348_E",532924.866666667,0.11547005381104,2911520.86666667,0.115470053945465
"615","P00348_N",532894.933333333,0.0577350269055201,2911546.93333333,0.0577350269727325
"616","P00348_S",532898.7,NA,2911511,NA
"617","P00348_W",532889,NA,2911517.1,NA
"618","P00356_C",533388,0,2912023,0
"619","P00356_E",533415,0,2912026,0
"620","P00356_N",533386,0,2912040,0
"621","P00358_C",533452,0,2911928,0
"622","P00358_E",533486,0,2911931,0
"623","P00358_N",533450,0,2911946,0
"624","P00359_C",533376,0,2912129,0
"625","P00359_E",533383,0,2912130,0
"626","P00359_N",533375,0,2912134,0
"627","P00401_C",530534,0,2869867.06666667,0.0577350269727325
"628","P00401_E",530554.7,0.435889894386116,2869872.13333333,0.709459888409438
"629","P00401_N",530530.8,0.818535277174445,2869879.76666667,1.50443787957941
"630","P00401_S",530537.3,NA,2869855.5,NA
"631","P00401_W",530510.9,NA,2869860.5,NA
"632","P00402_C",530557.233333333,2.40069434401898,2869745.7,0.519615242216893
"633","P00402_E",530572.6,2.43310501212694,2869749.3,0.264575131088859
"634","P00402_N",530551.466666667,2.62741951985153,2869770.03333333,4.96621921927395
"635","P00402_S",530567.7,NA,2869718.2,NA
"636","P00402_W",530552.3,NA,2869742.9,NA
"637","P00403_C",530485.5,1.3228756555323,2869787.66666667,0.493288286156105
"638","P00403_E",530509.566666667,1.25033328891688,2869793.36666667,0.550757054706064
"639","P00403_N",530479.866666667,3.58515457594036,2869812.6,12.9907659512447
"640","P00403_S",530496.1,NA,2869755.4,NA
"641","P00403_W",530484.1,NA,2869786.2,NA
"642","P00404_C",530513.933333333,5.13939036593513,2869705.4,1.12694276693367
"643","P00404_E",530536.133333333,5.2271725945889,2869710.76666667,0.321455025400233
"644","P00404_N",530508.9,3.9000000000009,2869726.33333333,8.43168626859153
"645","P00404_S",530515.2,NA,2869679.1,NA
"646","P00404_W",530498.4,NA,2869701.3,NA
"647","P00405_C",530728.2,2.43310501212694,2870336.63333333,2.19620885456736
"648","P00405_E",530751.366666667,2.36713610366402,2870342.16666667,1.27410099008759
"649","P00405_N",530724.466666667,2.8041635710609,2870352.36666667,5.86543547681697
"650","P00405_S",530736,NA,2870316.8,NA
"651","P00405_W",530713.7,NA,2870329.1,NA
"652","P00407_C",530652.766666667,6.26604606854848,2870383.8,4.07308237077236
"653","P00407_E",530666.366666667,6.18088451060372,2870387.03333333,3.58096821182789
"654","P00407_N",530648.1,5.0269274910299,2870403.3,2.68886593189087
"655","P00407_S",530665.2,NA,2870360.8,NA
"656","P00407_W",530643.7,NA,2870374.4,NA
"657","P00408_C",530655.233333333,0.680685928573647,2870255.56666667,1.34288247191856
"658","P00408_E",530662.133333333,0.513160143938639,2870257.03333333,1.70391705585877
"659","P00408_N",530649.366666667,1.18462370958725,2870278.9,5.28488410463313
"660","P00408_S",530662.1,NA,2870235.9,NA
"661","P00408_W",530642.5,NA,2870253.2,NA
"662","P00409_C",531732.066666667,20.8425846125851,2870145.43333333,15.0114400819292
"663","P00409_E",531760.966666667,20.929006983895,2870152.23333333,13.8001207724984
"664","P00409_N",531726.866666667,17.8118874163538,2870168.66666667,30.1955846663563
"665","P00409_S",531717.1,NA,2870096.4,NA
"666","P00409_W",531705.1,NA,2870127.2,NA
"667","P00410_C",531726.866666667,3.58515457594036,2870004.23333333,1.00166528005214
"668","P00410_E",531735.833333333,3.35012437575959,2870006.4,0.721110255054052
"669","P00410_N",531722.6,0.871779788705464,2870020.2,7.62364742099027
"670","P00410_S",531734,NA,2869992.5,NA
"671","P00410_W",531707,NA,2869996.2,NA
"672","P00411_C",531509.4,4.67760622539666,2870035.56666667,7.3350755505939
"673","P00411_E",531523.266666667,4.99633198791619,2870038.83333333,6.87337859676178
"674","P00411_N",531504.766666667,5.95007002759279,2870054.2,5.19999999986388
"675","P00411_S",531509,NA,2870009.8,NA
"676","P00411_W",531486.7,NA,2870022.1,NA
"677","P00413_C",531936.466666667,1.28582010147418,2870161.8,1.13578166925435
"678","P00413_E",531953.166666667,1.61967074839249,2870165.9,1.64620776323623
"679","P00413_N",531931.266666667,1.27017059219029,2870184.56666667,2.83607710293128
"680","P00413_S",531942.2,NA,2870138.1,NA
"681","P00413_W",531925.4,NA,2870160.3,NA
"682","P00415_C",531823.433333333,3.95769293063951,2870170.36666667,1.09696551140652
"683","P00415_E",531828.8,3.46987031461372,2870171.53333333,0.896288644012691
"684","P00415_N",531819.8,0.264575131110859,2870184.43333333,12.5300970998888
"685","P00415_S",531829.9,NA,2870162.3,NA
"686","P00415_W",531800.1,NA,2870161.1,NA
"687","P00416_C",531806.9,1.65227116417456,2869975.73333333,2.28108161476423
"688","P00416_E",531813.366666667,1.45716619966118,2869977.53333333,2.20302821893699
"689","P00416_N",531802.466666667,4.73849483838504,2869992.36666667,7.47685317048128
"690","P00416_S",531808,NA,2869962.5,NA
"691","P00416_W",531781,NA,2869966.2,NA
"692","P00417_C",530476.166666667,0.288675134594813,2870675.06666667,1.70391705585877
"693","P00417_E",530487.033333333,0.450924975293477,2870677.53333333,1.26622799416213
"694","P00417_N",530470.3,1.04403065091559,2870700.4,2.85832118556522
"695","P00417_S",530483.4,NA,2870647.1,NA
"696","P00417_W",530467.3,NA,2870670.6,NA
"697","P00418_C",530496.566666667,2.22785397485575,2870574.83333333,0.665832811757022
"698","P00418_E",530512.866666667,2.22785397485575,2870578.9,0.100000000093132
"699","P00418_N",530492.2,2.94618397251702,2870592.9,0.556776436341547
"700","P00418_S",530499,NA,2870556.8,NA
"701","P00418_W",530476.7,NA,2870569.1,NA
"702","P00420_C",530295.833333333,4.19324854180304,2870590.8,2.86181760435335
"703","P00420_E",530304.733333333,4.36615773118284,2870592.93333333,3.17700068198796
"704","P00420_N",530292.5,7.70778826903734,2870604.13333333,13.7423918345408
"705","P00420_S",530292.9,NA,2870587.3,NA
"706","P00420_W",530263.1,NA,2870586.1,NA
"707","P00422_C",530714.233333333,0.680685928573647,2870693.03333333,3.52183664211049
"708","P00422_E",530733.4,0.692820323000666,2870697.6,4.33128156554369
"709","P00422_N",530709.433333333,1.02143689640639,2870713.56666667,0.929157324381238
"710","P00422_S",530721.6,NA,2870674,NA
"711","P00422_W",530703.5,NA,2870693.8,NA
"712","P00423_C",530560,3.46410161513775,2870898.53333333,12.5021331512662
"713","P00423_E",530589.966666667,3.32014055930699,2870905.53333333,11.200595222225
"714","P00423_N",530554.966666667,6.61236215984763,2870920.46666667,27.3386783392371
"715","P00423_S",530572.8,NA,2870853.3,NA
"716","P00423_W",530560.2,NA,2870883,NA
"717","P00424_C",530606.533333333,3.93107279674203,2870682.63333333,3.00388637168547
"718","P00424_E",530633.666666667,4.12835721966567,2870689.16666667,4.01538707125613
"719","P00424_N",530604.733333333,4.27707064860585,2870688.7,4.41927595873997
"720","P00424_S",530603.7,NA,2870680.3,NA
"721","P00424_W",530573.2,NA,2870677.8,NA
"722","P00425_C",531334,3.46410161513775,2871293.26666667,2.45831920899329
"723","P00425_E",531341.933333333,3.66651514840455,2871294.9,2.95127091259112
"724","P00425_N",531327.4,4.41701256505126,2871321.03333333,1.70391705585877
"725","P00425_S",531338,NA,2871268.2,NA
"726","P00425_W",531323.3,NA,2871294.1,NA
"727","P00426_C",531379.7,6.32218316723613,2871255.8,0.624499799713078
"728","P00426_E",531387.533333333,6.20671679174385,2871257.76666667,0.404145188540278
"729","P00426_N",531373.7,4.85077313426692,2871281.33333333,0.577350269189626
"730","P00426_S",531393.9,NA,2871231,NA
"731","P00426_W",531376.4,NA,2871252,NA
"732","P00428_C",531221.333333333,0.577350269189626,2871244.1,6.92892488052935
"733","P00428_E",531249.466666667,0.450924975293477,2871250.8,5.80430874426267
"734","P00428_N",531219.5,0.556776436268366,2871251.5,7.53591401240771
"735","P00428_S",531224.2,NA,2871228.4,NA
"736","P00428_W",531195.1,NA,2871228.4,NA
"737","P00433_C",529999.566666667,13.3665004146074,2872517.56666667,3.06648550191897
"738","P00433_E",530022.233333333,12.876464318017,2872522.63333333,4.13561764829504
"739","P00433_N",529995.866666667,13.452632951733,2872532.36666667,1.09696551151264
"740","P00433_S",530019.4,NA,2872505.7,NA
"741","P00433_W",529995.8,NA,2872515.6,NA
"742","P00434_C",530063.3,5.80258563055478,2872430.73333333,10.9409018518927
"743","P00434_E",554383.533333333,21042.8007312081,2919037.3,40369.600992331
"744","P00434_N",530058.7,5.0269274910299,2872450.53333333,11.4613844423149
"745","P00434_S",530075.8,NA,2872397.9,NA
"746","P00434_W",530055.6,NA,2872413.9,NA
"747","P00435_C",529897.933333333,6.986653943995,2872426.26666667,18.0428194396914
"748","P00435_E",529919.1,6.92892488052767,2872431.1,19.0528213133913
"749","P00435_N",529893.5,7.45050333868151,2872444.26666667,14.0592792608589
"750","P00435_S",529911.8,NA,2872426.9,NA
"751","P00435_W",529891.6,NA,2872442.9,NA
"752","P00441_C",531130.333333333,0.577350269189626,2872884.73333333,5.74485276861201
"753","P00441_E",531140.233333333,7.99770800499276,2872886.76666667,7.50621964329262
"754","P00441_N",531128.266666667,2.3692474191745,2872894.6,14.2902064365765
"755","P00441_S",531131,NA,2872878.1,NA
"756","P00441_W",531131,NA,2872878.1,NA
"757","P00442_C",531120.733333333,2.3692474191745,2872779.63333333,3.92725519065257
"758","P00442_E",531129.466666667,2.40069434401898,2872781.73333333,3.58515457590356
"759","P00442_N",531116.966666667,5.51573506739009,2872794.26666667,5.832095106733
"760","P00442_S",531120.5,NA,2872766.4,NA
"761","P00442_W",531092,NA,2872767.6,NA
"762","P00443_C",530959.633333333,1.18462370958725,2872834.56666667,2.1455380055361
"763","P00443_E",530983.3,0.699999999970065,2872840.16666667,1.27410099008759
"764","P00443_N",530954.033333333,3.18171861312791,2872858.43333333,12.8469192156449
"765","P00443_S",530969.5,NA,2872802.3,NA
"766","P00443_W",530956.2,NA,2872830.7,NA
"767","P00445_C",531422.466666667,2.2030282189088,2872818.23333333,11.3755585943154
"768","P00445_E",531436.266666667,1.93993127024859,2872821.46666667,10.8859236325864
"769","P00445_N",531416.3,2.25166604985298,2872844.83333333,16.1376371668252
"770","P00445_S",531433.5,NA,2872775.3,NA
"771","P00445_W",531420.2,NA,2872803.7,NA
"772","P00447_C",531321.233333333,1.07857931248082,2872686.36666667,1.09696551140652
"773","P00447_E",531339.533333333,1.07857931248082,2872690.76666667,0.404145188540278
"774","P00447_N",531315.033333333,0.251661147845442,2872712.96666667,10.0201463729035
"775","P00447_S",531328.8,NA,2872654.3,NA
"776","P00447_W",531316.2,NA,2872684,NA
"777","P00448_C",531301.933333333,0.11547005381104,2872615.46666667,4.65008960476094
"778","P00448_E",531332.066666667,0.305505046322768,2872622.8,3.63868107962711
"779","P00448_N",531297.533333333,2.65581123825884,2872635.1,17.4948563869762
"780","P00448_S",531309.7,NA,2872583.2,NA
"781","P00448_W",531294.3,NA,2872607.9,NA
"782","P00449_C",529931.733333333,0.642910050715963,2873141.66666667,4.70567033844244
"783","P00449_E",529960.766666667,0.87368949477965,2873148.5,5.88982172889118
"784","P00449_N",529929.233333333,0.208166599963391,2873152.26666667,0.461880215244161
"785","P00449_S",529934.6,NA,2873134.6,NA
"786","P00449_W",529908.9,NA,2873140.7,NA
"787","P00450_C",530001.9,3.380828300863,2872971.03333333,3.40636658816502
"788","P00450_E",530020.066666667,3.26241219547755,2872975.4,2.68514431650102
"789","P00450_N",529998.366666667,4.38900140501353,2872985.23333333,1.59478316184533
"790","P00450_S",530001.9,NA,2872953.6,NA
"791","P00450_W",529976.9,NA,2872961,NA
"792","P00452_C",529820.866666667,1.85831464864345,2872930.56666667,2.1455380055361
"793","P00452_E",529841.566666667,1.43643076173454,2872935.3,1.21243556535198
"794","P00452_N",529814.9,3.46554469023202,2872956.06666667,11.750035460992
"795","P00452_S",529831.8,NA,2872897.3,NA
"796","P00452_W",529819.2,NA,2872927,NA
"797","P00454_C",530209.266666667,4.10040648390113,2873007.9,1.91572440608868
"798","P00454_E",530216.266666667,3.83970484974787,2873009.4,2.25388553386734
"799","P00454_N",530204.566666667,1.25033328891688,2873026.66666667,9.81495457622364
"800","P00454_S",530218.1,NA,2872995.7,NA
"801","P00454_W",530193.8,NA,2873004.3,NA
"802","P00455_C",530059.066666667,1.67729941673325,2873181.4,4.07062648743698
"803","P00455_E",530071.733333333,1.53731367436234,2873184.46666667,4.53468117223171
"804","P00455_N",530055.533333333,0.723417813839745,2873196.03333333,10.5367610457944
"805","P00455_S",530064,NA,2873175.5,NA
"806","P00455_W",530037,NA,2873179.2,NA
"807","P00456_C",530107.233333333,0.680685928573647,2873019.63333333,2.19620885456736
"808","P00456_E",530118.133333333,0.416333199861536,2873022.1,1.73493515729512
"809","P00456_N",530103.733333333,2.28108161479655,2873032.43333333,7.50621964329262
"810","P00456_S",530110.2,NA,2873009.4,NA
"811","P00456_W",530081.1,NA,2873009.4,NA
"812","P00457_C",530989.4,2.25388553392933,2873593.46666667,1.19303534442649
"813","P00457_E",531016.466666667,2.12210587233295,2873600,0.200000000186265
"814","P00457_N",530985.9,3.3778691508309,2873609.36666667,8.28633413121848
"815","P00457_S",530997.8,NA,2873571.9,NA
"816","P00457_W",530977.6,NA,2873587.9,NA
"817","P00458_C",530993.166666667,0.288675134594813,2873469.43333333,0.585946527724126
"818","P00458_E",531000.933333333,0.208166599963391,2873471.36666667,0.81445278148278
"819","P00458_N",530987.033333333,1.50443787950461,2873495.8,1.05830052444344
"820","P00458_S",531000.4,NA,2873444.1,NA
"821","P00458_W",530984.3,NA,2873467.6,NA
"822","P00460_C",530898.1,3.380828300863,2873508.96666667,0.152752523307457
"823","P00460_E",530907.933333333,3.1770006819843,2873511.26666667,0.461880215244161
"824","P00460_N",530893.6,1.03923048456821,2873527.33333333,5.86031853522343
"825","P00460_S",530906.4,NA,2873493.7,NA
"826","P00460_W",530882.8,NA,2873503.6,NA
"827","P00462_C",531156.033333333,5.16752681012896,2873704.9,3.29696830433725
"828","P00462_E",531184.066666667,5.05404128726115,2873711.56666667,2.1455380055361
"829","P00462_N",531154.033333333,5.25388744961215,2873713.33333333,4.7930505249682
"830","P00462_S",531164.8,NA,2873691.5,NA
"831","P00462_W",531137,NA,2873693.9,NA
"832","P00463_C",531021.933333333,0.11547005381104,2873767.53333333,4.71204131272502
"833","P00463_E",531054.833333333,0.152752523180437,2873775.63333333,3.67468819544293
"834","P00463_N",531017.7,3.20780298649703,2873787.2,20.0927847746663
"835","P00463_S",531030,NA,2873734.2,NA
"836","P00463_W",531015.3,NA,2873760.1,NA
"837","P00464_C",531075.433333333,2.97713508820481,2873585.26666667,1.02143689638929
"838","P00464_E",531094,3.20780298642989,2873589.63333333,0.351188458512402
"839","P00464_N",531071.8,3.89743505394726,2873600.26666667,0.23094010762208
"840","P00464_S",531076.1,NA,2873569.7,NA
"841","P00464_W",531051.8,NA,2873578.3,NA
"842","P00481_C",531325,NA,2871862,NA
"843","P00481_E",531359,NA,2871871,NA
"844","P00481_N",531320,NA,2871882,NA
"845","P00482_C",531065,NA,2871999,NA
"846","P00482_E",531080,NA,2872003,NA
"847","P00482_N",531063,NA,2872005,NA
"848","P00626_C",518545,0,2814583.06666667,0.0577350269727325
"849","P00626_E",518558.133333333,0.115470053844646,2814572.26666667,0.23094010762208
"850","P00626_N",518552.733333333,0.230940107689293,2814592.33333333,0.288675134594813
"851","P00627_C",518708,0,2814582.06666667,0.0577350269727325
"852","P00627_E",518722.866666667,0.115470053844646,2814570.13333333,0.115470053945465
"853","P00627_N",518718.066666667,0.0577350269055201,2814594.73333333,0.23094010762208
"854","P00628_C",518598,0,2814503.06666667,0.0577350269727325
"855","P00628_E",518617.266666667,0.230940107689293,2814487.26666667,0.23094010762208
"856","P00628_N",518617.666666667,0.288675134594813,2814527.13333333,0.115470053945465
"857","P00629_C",518479,0,2814688.06666667,0.0577350269727325
"858","P00629_E",518492.133333333,0.115470053844646,2814677.26666667,0.23094010762208
"859","P00629_N",518482.066666667,0.0577350269055201,2814692,0
"860","P00630_C",518429,0,2814635.06666667,0.0577350269727325
"861","P00630_E",518436,0,2814629.33333333,0.288675134594813
"862","P00630_N",518442.133333333,0.115470053844646,2814651.33333333,0.288675134594813
"863","P00631_C",519110,0,2814280.06666667,0.0577350269727325
"864","P00631_E",519117,0,2814274.33333333,0.288675134594813
"865","P00631_N",519115.8,0.173205080750166,2814287.06666667,0.0577350269727325
"866","P00632_C",519257,0,2814337.06666667,0.0577350269727325
"867","P00632_E",519284.133333333,0.115470053844646,2814315.06666667,0.0577350269727325
"868","P00632_N",519274,0,2814358.06666667,0.0577350269727325
"869","P00633_C",519093,0,2814075.06666667,0.0577350269727325
"870","P00633_E",519116.2,0.173205080750166,2814056.2,0.173205080649348
"871","P00633_N",519111.2,0.173205080750166,2814097.8,0.173205080649348
"872","P00634_C",519083,0,2814445.06666667,0.0577350269727325
"873","P00634_E",519096.133333333,0.115470053844646,2814434.26666667,0.23094010762208
"874","P00634_N",519101.933333333,0.0577350269055201,2814468.26666667,0.23094010762208
"875","P00635_C",518968,0,2814300.06666667,0.0577350269727325
"876","P00635_E",518973.266666667,0.230940107689293,2814295.8,0.173205080649348
"877","P00635_N",518974.933333333,0.0577350269055201,2814308.8,0.173205080649348
"878","P00636_C",519376,0,2813851.06666667,0.0577350269727325
"879","P00636_E",519400.066666667,0.0577350269055201,2813831.73333333,0.23094010762208
"880","P00636_N",519386.066666667,0.0577350269055201,2813863.73333333,0.23094010762208
"881","P00637_C",519531,0,2813818.06666667,0.0577350269727325
"882","P00637_E",519541.066666667,0.0577350269055201,2813810,0
"883","P00637_N",519541.066666667,0.0577350269055201,2813830.73333333,0.23094010762208
"884","P00638_C",519297,0,2813731.06666667,0.0577350269727325
"885","P00638_E",519322.733333333,0.230940107689293,2813710.26666667,0.23094010762208
"886","P00638_N",519303.933333333,0.0577350269055201,2813739.8,0.173205080649348
"887","P00639_C",519390,0,2814053.06666667,0.0577350269727325
"888","P00639_E",519416.266666667,0.230940107689293,2814031.8,0.173205080649348
"889","P00639_N",519393.866666667,0.115470053844646,2814057.86666667,0.115470053945465
"890","P00640_C",519248,0,2813740.06666667,0.0577350269727325
"891","P00640_E",519266.8,0.173205080750166,2813725,0
"892","P00640_N",519264.266666667,0.230940107689293,2813760.2,0.173205080649348
"893","P00646_C",519335,0,2815452.06666667,0.0577350269727325
"894","P00646_E",519348.133333333,0.115470053844646,2815441.26666667,0.23094010762208
"895","P00646_N",519352,0,2815473.06666667,0.0577350269727325
"896","P00647_C",519553,0,2815513.06666667,0.0577350269727325
"897","P00647_E",519556.933333333,0.0577350269055201,2815510,0
"898","P00647_N",519554.933333333,0.0577350269055201,2815515.33333333,0.288675134594813
"899","P00648_C",519370,0,2815410.06666667,0.0577350269727325
"900","P00648_E",519380.933333333,0.0577350269055201,2815401.2,0.173205080649348
"901","P00648_N",519374.266666667,0.230940107689293,2815415.73333333,0.23094010762208
"902","P00649_C",519315,0,2815475.06666667,0.0577350269727325
"903","P00649_E",519327.266666667,0.230940107689293,2815465.06666667,0.0577350269727325
"904","P00649_N",519324.266666667,0.230940107689293,2815486.86666667,0.115470053945465
"905","P00650_C",519196,0,2815335.06666667,0.0577350269727325
"906","P00650_E",519203,0,2815329.33333333,0.288675134594813
"907","P00650_N",519205.266666667,0.230940107689293,2815346.86666667,0.115470053945465
"908","P00651_C",519722,0,2815093.06666667,0.0577350269727325
"909","P00651_E",519738.2,0.173205080750166,2815079.93333333,0.0577350269727325
"910","P00651_N",519736.333333333,0.288675134594813,2815111,0
"911","P00652_C",519873,0,2815179.06666667,0.0577350269727325
"912","P00652_E",519888.666666667,0.288675134594813,2815166.66666667,0.288675134594813
"913","P00652_N",519880.733333333,0.230940107689293,2815188.33333333,0.288675134594813
"914","P00653_C",519734,0,2815067.06666667,0.0577350269727325
"915","P00653_E",519741,0,2815061.33333333,0.288675134594813
"916","P00653_N",519736.666666667,0.288675134594813,2815070.13333333,0.115470053945465
"917","P00654_C",519760,0,2815313.06666667,0.0577350269727325
"918","P00654_E",519762.2,0.173205080750166,2815311.13333333,0.115470053945465
"919","P00654_N",519774.333333333,0.288675134594813,2815331,0
"920","P00655_C",519637,0,2815011.06666667,0.0577350269727325
"921","P00655_E",519640.933333333,0.0577350269055201,2815008,0
"922","P00655_N",519643.933333333,0.0577350269055201,2815019.8,0.173205080649348
"923","P00656_C",519772,0,2814684.06666667,0.0577350269727325
"924","P00656_E",519777.266666667,0.230940107689293,2814679.8,0.173205080649348
"925","P00656_N",519792.866666667,0.115470053844646,2814709.86666667,0.115470053945465
"926","P00657_C",519788,0,2814680.06666667,0.0577350269727325
"927","P00657_E",519799.8,0.173205080750166,2814670.8,0.173205080649348
"928","P00657_N",519797.266666667,0.230940107689293,2814691.86666667,0.115470053945465
"929","P00659_C",519730,0,2814844.06666667,0.0577350269727325
"930","P00659_E",519741.8,0.173205080750166,2814834.8,0.173205080649348
"931","P00659_N",519735.8,0.173205080750166,2814851.06666667,0.0577350269727325
"932","P00660_C",519658,0,2814714.06666667,0.0577350269727325
"933","P00660_E",519671.133333333,0.115470053844646,2814703.26666667,0.23094010762208
"934","P00660_N",519664.2,0.173205080750166,2814721.93333333,0.0577350269727325
"935","P00666_C",519842,0,2815994.1,0
"936","P00666_E",519859.9,0,2815979.7,0
"937","P00666_N",519861.5,0,2816018.2,0
"938","P00667_C",520044,0,2816074.06666667,0.0577350269727325
"939","P00667_E",520066.666666667,0.288675134594813,2816055.93333333,0.0577350269727325
"940","P00667_N",520062.2,0.173205080750166,2816096.8,0.173205080649348
"941","P00668_C",519789,0,2815848.06666667,0.0577350269727325
"942","P00668_E",519803.866666667,0.115470053844646,2815836.13333333,0.115470053945465
"943","P00668_N",519808.666666667,0.288675134594813,2815872.13333333,0.115470053945465
"944","P00669_C",519804,0,2816164.1,0
"945","P00669_E",519821.1,0,2816150.3,0
"946","P00669_N",519821,0,2816185.1,0
"947","P00670_C",519790,0,2815972.1,0
"948","P00670_E",519804,0,2815960.8,0
"949","P00670_N",519807,0,2815993.1,0
"950","P00671_C",519971,0,2815895.06666667,0.0577350269727325
"951","P00671_E",519980.2,0.173205080750166,2815887.73333333,0.23094010762208
"952","P00671_N",519989.933333333,0.0577350269055201,2815918.26666667,0.23094010762208
"953","P00672_C",520075,0,2815991.06666667,0.0577350269727325
"954","P00672_E",520096,0,2815974.06666667,0.0577350269727325
"955","P00672_N",520093.933333333,0.0577350269055201,2816014.26666667,0.23094010762208
"956","P00673_C",520039,0,2815827.06666667,0.0577350269727325
"957","P00673_E",520050.8,0.173205080750166,2815817.8,0.173205080649348
"958","P00673_N",520052.866666667,0.115470053844646,2815844.13333333,0.115470053945465
"959","P00674_C",519880,0,2815984.06666667,0.0577350269727325
"960","P00674_E",519892.266666667,0.230940107689293,2815974.06666667,0.0577350269727325
"961","P00674_N",519892.733333333,0.230940107689293,2815999.8,0.173205080649348
"962","P00675_C",519844,0,2815757.06666667,0.0577350269727325
"963","P00675_E",519868.933333333,0.0577350269055201,2815737,0
"964","P00675_N",519849.8,0.173205080750166,2815764.06666667,0.0577350269727325
"965","P00676_C",520526,0,2815792.06666667,0.0577350269727325
"966","P00676_E",520548.666666667,0.288675134594813,2815773.93333333,0.0577350269727325
"967","P00676_N",520536.8,0.173205080750166,2815805.2,0.173205080649348
"968","P00677_C",520699,0,2815787.06666667,0.0577350269727325
"969","P00677_E",520713,0,2815775.86666667,0.115470053945465
"970","P00677_N",520702.866666667,0.115470053844646,2815791.86666667,0.115470053945465
"971","P00678_C",520597,0,2815658.06666667,0.0577350269727325
"972","P00678_E",520611,0,2815646.86666667,0.115470053945465
"973","P00678_N",520600.066666667,0.0577350269055201,2815662,0
"974","P00679_C",520440,0,2815871.06666667,0.0577350269727325
"975","P00679_E",520455.666666667,0.288675134594813,2815858.66666667,0.288675134594813
"976","P00679_N",520446.933333333,0.0577350269055201,2815879.8,0.173205080649348
"977","P00680_C",520446,0,2815694.06666667,0.0577350269727325
"978","P00680_E",520463.066666667,0.0577350269055201,2815680.2,0.173205080649348
"979","P00680_N",520466.066666667,0.0577350269055201,2815719,0
"980","P00681_C",520918,NA,2815590,NA
"981","P00681_E",520927,NA,2815577,NA
"982","P00681_N",520927,NA,2815597,NA
"983","P00682_C",520907,NA,2815684,NA
"984","P00682_E",520911,NA,2815678,NA
"985","P00682_N",520913,NA,2815689,NA
"986","P00683_C",520901,NA,2815578,NA
"987","P00683_E",520903,NA,2815575,NA
"988","P00683_N",520909,NA,2815584,NA
"989","P00701_C",526242.3,NA,2889174.8,NA
"990","P00701_E",526263.6,NA,2889180.5,NA
"991","P00701_N",526240.8,NA,2889180.6,NA
"992","P00702_C",526208.866666667,0.11547005381104,2888974.2,0.173205080649348
"993","P00702_E",526215.666666667,0.288675134594813,2888976.06666667,0.0577350269727325
"994","P00702_N",526200.333333333,0.288675134594813,2889005.13333333,0.115470053945465
"995","P00703_C",525998.733333333,0.230940107689293,2889095.8,0.173205080649348
"996","P00703_E",526022.8,0.173205080783773,2889102.06666667,0.0577350269727325
"997","P00703_N",525997.2,0.173205080783773,2889100.33333333,0.288675134594813
"998","P00704_C",526044.7,NA,2889037.1,NA
"999","P00704_E",526071.7,NA,2889044.3,NA
"1000","P00704_N",526041.6,NA,2889048.6,NA
"1001","P00705_C",526235.4,NA,2889134.9,NA
"1002","P00705_E",526267.3,NA,2889143.4,NA
"1003","P00705_N",526229.2,NA,2889158.1,NA
"1004","P00706_C",526404.2,0.173205080783773,2889160.8,0.173205080649348
"1005","P00706_E",526429.266666667,0.230940107689293,2889167.26666667,0.23094010762208
"1006","P00706_N",526399.266666667,0.230940107689293,2889179.06666667,0.0577350269727325
"1007","P00707_C",526306,0,2889356.66666667,0.288675134594813
"1008","P00707_E",526338.866666667,0.11547005381104,2889365.2,0.173205080649348
"1009","P00707_N",526299,0,2889382.73333333,0.23094010762208
"1010","P00708_C",526342.133333333,0.11547005381104,2889228.06666667,0.0577350269727325
"1011","P00708_E",526362.333333333,0.288675134594813,2889233.73333333,0.23094010762208
"1012","P00708_N",526336,0,2889251.2,0.173205080649348
"1013","P00709_C",526475.866666667,0.11547005381104,2889410,0
"1014","P00709_E",526490.2,0.173205080783773,2889413.93333333,0.0577350269727325
"1015","P00709_N",526469.733333333,0.230940107689293,2889433.13333333,0.115470053945465
"1016","P00710_C",526435.133333333,0.11547005381104,2889210.73333333,0.23094010762208
"1017","P00710_E",526447.866666667,0.11547005381104,2889214,0
"1018","P00710_N",526428.333333333,0.288675134594813,2889235.8,0.173205080649348
"1019","P00711_C",527037.666666667,0.288675134594813,2889466.73333333,0.23094010762208
"1020","P00711_E",527070.266666667,0.230940107689293,2889475.26666667,0.23094010762208
"1021","P00711_N",527036,0,2889472.26666667,0.23094010762208
"1022","P00712_C",527062.8,NA,2889322.6,NA
"1023","P00712_E",527071.5,NA,2889325,NA
"1024","P00712_N",527054.3,NA,2889354.5,NA
"1025","P00713_C",527227.333333333,0.288675134594813,2889468.06666667,0.0577350269727325
"1026","P00713_E",527260.2,0.173205080783773,2889476.93333333,0.0577350269727325
"1027","P00713_N",527223.066666667,0.0577350269055201,2889484.33333333,0.288675134594813
"1028","P00714_C",527259.8,0.173205080783773,2889354.06666667,0.0577350269727325
"1029","P00714_E",527274.133333333,0.11547005381104,2889357.93333333,0.0577350269727325
"1030","P00714_N",527256.733333333,0.230940107689293,2889365.8,0.173205080649348
"1031","P00715_C",527067.5,NA,2889470,NA
"1032","P00715_E",527093.6,NA,2889476.9,NA
"1033","P00715_N",527061.6,NA,2889492.2,NA
"1034","P00716_C",527258.866666667,0.11547005381104,2889314.13333333,0.115470053945465
"1035","P00716_E",527273.2,0.173205080783773,2889318.06666667,0.0577350269727325
"1036","P00716_N",527257,0,2889321,0
"1037","P00717_C",527307.333333333,0.288675134594813,2889470.33333333,0.288675134594813
"1038","P00717_E",527316.133333333,0.11547005381104,2889472.86666667,0.115470053945465
"1039","P00717_N",527299.8,0.173205080783773,2889499.26666667,0.23094010762208
"1040","P00718_C",527446.733333333,0.230940107689293,2889372.13333333,0.115470053945465
"1041","P00718_E",527460.133333333,0.11547005381104,2889375.86666667,0.115470053945465
"1042","P00718_N",527444.733333333,0.230940107689293,2889379.93333333,0.0577350269727325
"1043","P00719_C",527248.733333333,0.230940107689293,2889420.33333333,0.288675134594813
"1044","P00719_E",527280.333333333,0.288675134594813,2889429,0
"1045","P00719_N",527244.133333333,0.11547005381104,2889436.93333333,0.0577350269727325
"1046","P00720_C",527296.9,NA,2889278.8,NA
"1047","P00720_E",527321,NA,2889285.3,NA
"1048","P00720_N",527288.3,NA,2889310.7,NA
"1049","P00721_C",526121.133333333,0.11547005381104,2889737.06666667,0.0577350269727325
"1050","P00721_E",526147.2,0.173205080783773,2889744.06666667,0.0577350269727325
"1051","P00721_N",526114.866666667,0.11547005381104,2889761.2,0.173205080649348
"1052","P00722_C",526186.333333333,0.288675134594813,2889606.73333333,0.23094010762208
"1053","P00722_E",526220.2,0.173205080783773,2889615.73333333,0.23094010762208
"1054","P00722_N",526179.133333333,0.11547005381104,2889633.73333333,0.23094010762208
"1055","P00723_C",525941.2,0.173205080783773,2889734.73333333,0.23094010762208
"1056","P00723_E",525970.2,0.173205080783773,2889742.2,0.173205080649348
"1057","P00723_N",525934.733333333,0.230940107689293,2889759.8,0.173205080649348
"1058","P00724_C",526086.666666667,0.288675134594813,2889598.73333333,0.23094010762208
"1059","P00724_E",526102,0,2889602.86666667,0.115470053945465
"1060","P00724_N",526081.266666667,0.230940107689293,2889617.93333333,0.0577350269727325
"1061","P00725_C",526178.133333333,0.11547005381104,2889733.93333333,0.0577350269727325
"1062","P00725_E",526186.933333333,0.0577350269055201,2889736.2,0.173205080649348
"1063","P00725_N",526174.266666667,0.230940107689293,2889748.26666667,0.23094010762208
"1064","P00726_C",526304.266666667,0.230940107689293,2890118.33333333,0.288675134594813
"1065","P00726_E",526330.666666667,0.288675134594813,2890125.33333333,0.288675134594813
"1066","P00726_N",526300.666666667,0.288675134594813,2890133,0
"1067","P00727_C",526038.266666667,0.230940107689293,2890176.73333333,0.23094010762208
"1068","P00727_E",526048,0,2890179.13333333,0.115470053945465
"1069","P00727_N",526033,0,2890196.93333333,0.0577350269727325
"1070","P00728_C",526178.733333333,0.230940107689293,2890056.13333333,0.115470053945465
"1071","P00728_E",526205.733333333,0.230940107689293,2890063.26666667,0.23094010762208
"1072","P00728_N",526171.2,0.173205080783773,2890083.13333333,0.115470053945465
"1073","P00729_C",526234.133333333,0.11547005381104,2890261.13333333,0.115470053945465
"1074","P00729_E",526267,0,2890270,0
"1075","P00729_N",526226.733333333,0.230940107689293,2890289.13333333,0.115470053945465
"1076","P00730_C",526259.733333333,0.230940107689293,2890060.86666667,0.115470053945465
"1077","P00730_E",526292.266666667,0.230940107689293,2890069.73333333,0.23094010762208
"1078","P00730_N",526258,0,2890066.73333333,0.23094010762208
"1079","P00731_C",526993.1,NA,2890167.5,NA
"1080","P00731_E",527000.8,NA,2890169.6,NA
"1081","P00731_N",526985.9,NA,2890194.5,NA
"1082","P00732_C",526964.733333333,0.230940107689293,2889947.06666667,0.0577350269727325
"1083","P00732_E",526978.066666667,0.0577350269055201,2889950.8,0.173205080649348
"1084","P00732_N",526961.8,0.173205080783773,2889957.8,0.173205080649348
"1085","P00733_C",526933.266666667,0.230940107689293,2890050,0
"1086","P00733_E",526944,0,2890052.86666667,0.115470053945465
"1087","P00733_N",526925.933333333,0.0577350269055201,2890078,0
"1088","P00734_C",526989.666666667,0.288675134594813,2889967,0
"1089","P00734_E",527003,0,2889970.8,0.173205080649348
"1090","P00734_N",526982.2,0.173205080783773,2889994.06666667,0.0577350269727325
"1091","P00735_C",527010.2,NA,2890097.8,NA
"1092","P00735_E",527030.5,NA,2890103.2,NA
"1093","P00735_N",527004.3,NA,2890120,NA
"1094","P00736_C",526970,0,2890220.73333333,0.23094010762208
"1095","P00736_E",526988.2,0.173205080783773,2890225.66666667,0.288675134594813
"1096","P00736_N",526965.066666667,0.0577350269055201,2890239,0
"1097","P00737_C",527165.5,NA,2890431.4,NA
"1098","P00737_E",527180.9,NA,2890435.6,NA
"1099","P00737_N",527161.4,NA,2890446.9,NA
"1100","P00738_C",527069.9,NA,2890271.8,NA
"1101","P00738_E",527094,NA,2890278.2,NA
"1102","P00738_N",527066,NA,2890286.3,NA
"1103","P00739_C",527018.8,0.173205080783773,2890363.73333333,0.23094010762208
"1104","P00739_E",527045.8,0.173205080783773,2890370.86666667,0.115470053945465
"1105","P00739_N",527012,0,2890388.8,0.173205080649348
"1106","P00740_C",527027.866666667,0.11547005381104,2890298.2,0.173205080649348
"1107","P00740_E",527036.666666667,0.288675134594813,2890300.73333333,0.23094010762208
"1108","P00740_N",527018.866666667,0.11547005381104,2890332.06666667,0.0577350269727325
"1109","P00741_C",525867.933333333,0.0577350269055201,2890952.73333333,0.23094010762208
"1110","P00741_E",525901.8,0.173205080783773,2890961.8,0.173205080649348
"1111","P00741_N",525859.266666667,0.230940107689293,2890984.33333333,0.288675134594813
"1112","P00742_C",525933.266666667,0.230940107689293,2890675.93333333,0.0577350269727325
"1113","P00742_E",525953.8,0.173205080783773,2890681.2,0.173205080649348
"1114","P00742_N",525930.866666667,0.11547005381104,2890685.66666667,0.288675134594813
"1115","P00743_C",525946.066666667,0.0577350269055201,2890812.06666667,0.0577350269727325
"1116","P00743_E",525968.266666667,0.230940107689293,2890818.06666667,0.0577350269727325
"1117","P00743_N",525939.8,0.173205080783773,2890836.2,0.173205080649348
"1118","P00744_C",525730.8,0.173205080783773,2890585.86666667,0.115470053945465
"1119","P00744_E",525738.266666667,0.230940107689293,2890587.86666667,0.115470053945465
"1120","P00744_N",525721.933333333,0.0577350269055201,2890618.73333333,0.23094010762208
"1121","P00745_C",526007.133333333,0.11547005381104,2890790.06666667,0.0577350269727325
"1122","P00745_E",526039,0,2890798.73333333,0.23094010762208
"1123","P00745_N",525998.066666667,0.0577350269055201,2890823.93333333,0.0577350269727325
"1124","P00746_C",525955.733333333,0.230940107689293,2891096.86666667,0.115470053945465
"1125","P00746_E",525984.733333333,0.230940107689293,2891104.66666667,0.288675134594813
"1126","P00746_N",525947,0,2891128.73333333,0.23094010762208
"1127","P00748_C",525553.8,0.173205080783773,2891122.73333333,0.23094010762208
"1128","P00748_E",525577.866666667,0.11547005381104,2891129,0
"1129","P00748_N",525551.066666667,0.0577350269055201,2891132.13333333,0.115470053945465
"1130","P00749_C",525559.733333333,0.230940107689293,2891172.26666667,0.23094010762208
"1131","P00749_E",525586.733333333,0.230940107689293,2891179.73333333,0.23094010762208
"1132","P00749_N",525555.8,0.173205080783773,2891186.93333333,0.0577350269727325
"1133","P00751_C",526712.066666667,0.0577350269055201,2891189.06666667,0.0577350269727325
"1134","P00751_E",526719.866666667,0.11547005381104,2891191.13333333,0.115470053945465
"1135","P00751_N",526704.2,0.173205080783773,2891218.06666667,0.0577350269727325
"1136","P00752_C",526759.266666667,0.230940107689293,2891038.73333333,0.23094010762208
"1137","P00752_E",526789.2,0.173205080783773,2891046.73333333,0.23094010762208
"1138","P00752_N",526752.266666667,0.230940107689293,2891064.8,0.173205080649348
"1139","P00753_C",526756.133333333,0.11547005381104,2891148.13333333,0.115470053945465
"1140","P00753_E",526770.733333333,0.230940107689293,2891152.06666667,0.0577350269727325
"1141","P00753_N",526754.2,0.173205080783773,2891155,0
"1142","P00754_C",526762.5,NA,2890972.2,NA
"1143","P00754_E",526786.7,NA,2890978.6,NA
"1144","P00754_N",526754.2,NA,2891003.1,NA
"1145","P00755_C",526709.2,0.173205080783773,2891088.2,0.173205080649348
"1146","P00755_E",526715.066666667,0.0577350269055201,2891089.93333333,0.0577350269727325
"1147","P00755_N",526705.133333333,0.11547005381104,2891103.86666667,0.115470053945465
"1148","P00756_C",526873.7,NA,2890856.1,NA
"1149","P00756_E",526898.8,NA,2890862.8,NA
"1150","P00756_N",526868.8,NA,2890874.5,NA
"1151","P00757_C",526809.2,0.173205080783773,2891050.93333333,0.0577350269727325
"1152","P00757_E",526834.333333333,0.288675134594813,2891057.73333333,0.23094010762208
"1153","P00757_N",526806.133333333,0.11547005381104,2891062.33333333,0.288675134594813
"1154","P00758_C",526818.666666667,0.288675134594813,2890953.26666667,0.23094010762208
"1155","P00758_E",526833,0,2890957.2,0.173205080649348
"1156","P00758_N",526810.866666667,0.11547005381104,2890982.26666667,0.23094010762208
"1157","P00759_C",526906.2,NA,2891087.6,NA
"1158","P00759_E",526916.8,NA,2891090.5,NA
"1159","P00759_N",526899.5,NA,2891112.7,NA
"1160","P00760_C",525464.2,0.173205080783773,2890843.2,0.173205080649348
"1161","P00760_E",525472,0,2890845.26666667,0.23094010762208
"1162","P00760_N",525457.2,0.173205080783773,2890869.26666667,0.23094010762208
"1163","P00806_C",535479,NA,2819460.1,NA
"1164","P00806_E",535505.8,NA,2819444.4,NA
"1165","P00806_N",535482,NA,2819465.3,NA
"1166","P00807_C",535660,NA,2819428.1,NA
"1167","P00807_E",535667.8,NA,2819423.5,NA
"1168","P00807_N",535666.1,NA,2819438.4,NA
"1169","P00808_C",535525,NA,2819274.1,NA
"1170","P00808_E",535554.4,NA,2819256.9,NA
"1171","P00808_N",535527.5,NA,2819278.4,NA
"1172","P00809_C",535486,NA,2819449.1,NA
"1173","P00809_E",535494.6,NA,2819444,NA
"1174","P00809_N",535501.6,NA,2819475.8,NA
"1175","P00810_C",535482,NA,2819424.1,NA
"1176","P00810_E",535488.9,NA,2819420,NA
"1177","P00810_N",535494.1,NA,2819444.8,NA
"1178","P00812_C",536017,NA,2819356.1,NA
"1179","P00812_E",536025.6,NA,2819351,NA
"1180","P00812_N",536034.2,NA,2819385.4,NA
"1181","P00813_C",535848,NA,2819339.1,NA
"1182","P00813_E",535865.3,NA,2819329,NA
"1183","P00813_N",535854.6,NA,2819350.3,NA
"1184","P00815_C",535758,NA,2819335.1,NA
"1185","P00815_E",535782.2,NA,2819321,NA
"1186","P00815_N",535769.6,NA,2819354.9,NA
"1187","P00816_C",536315,NA,2819311.1,NA
"1188","P00816_E",536328.8,NA,2819303,NA
"1189","P00816_N",536325.1,NA,2819328.3,NA
"1190","P00817_C",536380,NA,2819275.1,NA
"1191","P00817_E",536391.2,NA,2819268.5,NA
"1192","P00817_N",536395.1,NA,2819301,NA
"1193","P00818_C",536290,NA,2819124.1,NA
"1194","P00818_E",536295.2,NA,2819121.1,NA
"1195","P00818_N",536302.6,NA,2819145.7,NA
"1196","P00819_C",536307,NA,2819457.1,NA
"1197","P00819_E",536336.4,NA,2819439.9,NA
"1198","P00819_N",536314.6,NA,2819470,NA
"1199","P00820_C",536229,NA,2819287.1,NA
"1200","P00820_E",536254,NA,2819272.4,NA
"1201","P00820_N",536237.1,NA,2819300.9,NA
"1202","P00826_C",535914,NA,2820548.1,NA
"1203","P00826_E",535925.2,NA,2820541.5,NA
"1204","P00826_N",535928.1,NA,2820572.3,NA
"1205","P00827_C",536101,NA,2820660.1,NA
"1206","P00827_E",536120,NA,2820649,NA
"1207","P00827_N",536106.5,NA,2820669.6,NA
"1208","P00828_C",535895,NA,2820487.1,NA
"1209","P00828_E",535920.9,NA,2820471.9,NA
"1210","P00828_N",535905.6,NA,2820505.2,NA
"1211","P00829_C",535900,NA,2820601.1,NA
"1212","P00829_E",535913.8,NA,2820593,NA
"1213","P00829_N",535907.6,NA,2820614,NA
"1214","P00830_C",535729,NA,2820477.1,NA
"1215","P00830_E",535735,NA,2820473.5,NA
"1216","P00830_N",535737.1,NA,2820490.9,NA
"1217","P00831_C",536416,NA,2820455.1,NA
"1218","P00831_E",536419.5,NA,2820453.1,NA
"1219","P00831_N",536425.1,NA,2820470.6,NA
"1220","P00832_C",536593,NA,2820469.1,NA
"1221","P00832_E",536599.9,NA,2820465,NA
"1222","P00832_N",536607.6,NA,2820494.1,NA
"1223","P00833_C",536410,NA,2820262.1,NA
"1224","P00833_E",536433.3,NA,2820248.5,NA
"1225","P00833_N",536414,NA,2820269,NA
"1226","P00834_C",536375,NA,2820688.1,NA
"1227","P00834_E",536394,NA,2820677,NA
"1228","P00834_N",536390.1,NA,2820714,NA
"1229","P00835_C",536280,NA,2820433.1,NA
"1230","P00835_E",536304.2,NA,2820419,NA
"1231","P00835_N",536297.2,NA,2820462.4,NA
"1232","P00836_C",536974,NA,2819977.1,NA
"1233","P00836_E",536978.3,NA,2819974.6,NA
"1234","P00836_N",536977.5,NA,2819983.1,NA
"1235","P00837_C",537194,NA,2820073.1,NA
"1236","P00837_E",537200,NA,2820069.5,NA
"1237","P00837_N",537210.1,NA,2820100.7,NA
"1238","P00838_C",536958,NA,2819871.1,NA
"1239","P00838_E",536976.1,NA,2819860.5,NA
"1240","P00838_N",536964.6,NA,2819882.3,NA
"1241","P00839_C",537025,NA,2820116.1,NA
"1242","P00839_E",537041.4,NA,2820106.5,NA
"1243","P00839_N",537035.6,NA,2820134.2,NA
"1244","P00840_C",536805,NA,2819948.1,NA
"1245","P00840_E",536816.2,NA,2819941.5,NA
"1246","P00840_N",536810,NA,2819956.7,NA
"1247","P00846_C",536645,NA,2821330.1,NA
"1248","P00846_E",536653.6,NA,2821325,NA
"1249","P00846_N",536655.1,NA,2821347.3,NA
"1250","P00847_C",536811,NA,2821413.1,NA
"1251","P00847_E",536823.1,NA,2821406,NA
"1252","P00847_N",536826.6,NA,2821439.8,NA
"1253","P00848_C",536716,NA,2821285.1,NA
"1254","P00848_E",536720.3,NA,2821282.6,NA
"1255","P00848_N",536724.6,NA,2821299.8,NA
"1256","P00849_C",536736,NA,2821475.1,NA
"1257","P00849_E",536749.8,NA,2821467,NA
"1258","P00849_N",536749.1,NA,2821497.5,NA
"1259","P00850_C",536541,NA,2821238.1,NA
"1260","P00850_E",536554,NA,2821230.5,NA
"1261","P00850_N",536557.1,NA,2821265.7,NA
"1262","P00851_C",536956,NA,2821207.1,NA
"1263","P00851_E",536982.8,NA,2821191.4,NA
"1264","P00851_N",536966.6,NA,2821225.2,NA
"1265","P00852_C",537078,NA,2821178.1,NA
"1266","P00852_E",537098.7,NA,2821166,NA
"1267","P00852_N",537086.1,NA,2821191.9,NA
"1268","P00853_C",537011,NA,2821155.1,NA
"1269","P00853_E",537030.9,NA,2821143.5,NA
"1270","P00853_N",537026.1,NA,2821181,NA
"1271","P00854_C",536909,NA,2821411.1,NA
"1272","P00854_E",536912.5,NA,2821409.1,NA
"1273","P00854_N",536911,NA,2821414.5,NA
"1274","P00855_C",536791,NA,2821204.1,NA
"1275","P00855_E",536821.2,NA,2821186.4,NA
"1276","P00855_N",536796.5,NA,2821213.6,NA
"1277","P00856_C",537306,NA,2820733.1,NA
"1278","P00856_E",537331.9,NA,2820717.9,NA
"1279","P00856_N",537309.5,NA,2820739.1,NA
"1280","P00857_C",537379,NA,2820757.1,NA
"1281","P00857_E",537400.6,NA,2820744.5,NA
"1282","P00857_N",537392.1,NA,2820779.5,NA
"1283","P00858_C",537380,NA,2820634.1,NA
"1284","P00858_E",537405.9,NA,2820618.9,NA
"1285","P00858_N",537390.1,NA,2820651.3,NA
"1286","P00859_C",537255,NA,2820893.1,NA
"1287","P00859_E",537281.8,NA,2820877.4,NA
"1288","P00859_N",537257,NA,2820896.5,NA
"1289","P00860_C",537103,NA,2820652.1,NA
"1290","P00860_E",537114.2,NA,2820645.5,NA
"1291","P00860_N",537112.6,NA,2820668.5,NA
"1292","P00901_C",557206.266666667,0.230940107689293,2917408.86666667,0.115470053945465
"1293","P00901_E",557225.133333333,0.11547005381104,2917411.26666667,0.23094010762208
"1294","P00901_N",557204,0,2917425.73333333,0.23094010762208
"1295","P00901_S",557208.5,NA,2917393.9,NA
"1296","P00901_W",557185.6,NA,2917405.8,NA
"1297","P00902_C",557226.933333333,0.0577350269055201,2917272.73333333,0.23094010762208
"1298","P00902_E",557243.866666667,0.11547005381104,2917275,0
"1299","P00902_N",557224.2,0.173205080783773,2917291.26666667,0.23094010762208
"1300","P00902_S",557231.1,NA,2917242.9,NA
"1301","P00902_W",557221,NA,2917271.8,NA
"1302","P00903_C",557137,0,2917302.06666667,0.0577350269727325
"1303","P00903_E",557158.866666667,0.11547005381104,2917305.13333333,0.115470053945465
"1304","P00903_N",557135.1,0,2917316,0
"1305","P00903_S",557139.4,NA,2917285.3,NA
"1306","P00903_W",557118.2,NA,2917299.5,NA
"1307","P00904_C",557389.933333333,0.0577350269055201,2917862.73333333,0.23094010762208
"1308","P00904_E",557412.8,0.173205080783773,2917865.86666667,0.115470053945465
"1309","P00904_N",557388.066666667,0.0577350269055201,2917875.26666667,0.23094010762208
"1310","P00904_S",557394,NA,2917833.8,NA
"1311","P00904_W",557383,NA,2917861.6,NA
"1312","P00905_C",557326.933333333,0.0577350269055201,2917899.93333333,0.0577350269727325
"1313","P00905_E",557334.866666667,0.11547005381104,2917901.06666667,0.0577350269727325
"1314","P00905_N",557323,0,2917927.8,0.173205080649348
"1315","P00905_S",557327.5,NA,2917896,NA
"1316","P00905_W",557295.2,NA,2917895.5,NA
"1317","P00906_C",557306.666666667,0.288675134594813,2917768,0
"1318","P00906_E",557314.333333333,0.288675134594813,2917769.13333333,0.115470053945465
"1319","P00906_N",557302.733333333,0.230940107689293,2917795.86666667,0.115470053945465
"1320","P00906_S",557308.9,NA,2917751.2,NA
"1321","P00906_W",557287.7,NA,2917765.4,NA
"1322","P00913_C",557134,0,2918204.86666667,0.115470053945465
"1323","P00913_E",557147.933333333,0.0577350269055201,2918206.8,0.173205080649348
"1324","P00913_N",557131,0,2918226.66666667,0.288675134594813
"1325","P00913_S",557134.7,NA,2918199.8,NA
"1326","P00913_W",557103.3,NA,2918200.4,NA
"1327","P00914_C",557276.133333333,0.11547005381104,2918083.73333333,0.23094010762208
"1328","P00914_E",557300,0,2918086.93333333,0.0577350269727325
"1329","P00914_N",557274.666666667,0.288675134594813,2918095.26666667,0.23094010762208
"1330","P00914_S",557277.9,NA,2918071.7,NA
"1331","P00914_W",557252.4,NA,2918080.2,NA
"1332","P00915_C",556949.866666667,0.11547005381104,2918130.86666667,0.115470053945465
"1333","P00915_E",556976.666666667,0.288675134594813,2918134.73333333,0.23094010762208
"1334","P00915_N",556948.666666667,0.288675134594813,2918139.86666667,0.115470053945465
"1335","P00915_S",556953.8,NA,2918102.1,NA
"1336","P00915_W",556942.9,NA,2918129.9,NA
"1337","P00916_C",557277.733333333,0.230940107689293,2918214.2,0.173205080649348
"1338","P00916_E",557298.266666667,0.230940107689293,2918217.13333333,0.115470053945465
"1339","P00916_N",557275.666666667,0.288675134594813,2918229.06666667,0.0577350269727325
"1340","P00916_S",557281.9,NA,2918183.6,NA
"1341","P00916_W",557272.7,NA,2918213.6,NA
"1342","P00917_C",557227.933333333,0.0577350269055201,2918396.86666667,0.115470053945465
"1343","P00917_E",557257.733333333,0.230940107689293,2918401,0
"1344","P00917_N",557227.066666667,0.0577350269055201,2918402.8,0.173205080649348
"1345","P00917_S",557231.4,NA,2918372,NA
"1346","P00917_W",557217,NA,2918395.3,NA
"1347","P00918_C",557284.8,0.173205080783773,2918199.93333333,0.0577350269727325
"1348","P00918_E",557318.2,0.173205080783773,2918204.73333333,0.23094010762208
"1349","P00918_N",557284.266666667,0.230940107689293,2918201.93333333,0.0577350269727325
"1350","P00918_S",557285.8,NA,2918192,NA
"1351","P00918_W",557256.9,NA,2918196,NA
"1352","P00919_C",557994.133333333,0.11547005381104,2918815.73333333,0.23094010762208
"1353","P00919_E",558023.933333333,0.0577350269055201,2918819.8,0.173205080649348
"1354","P00919_N",557993.2,0.173205080783773,2918821.33333333,0.288675134594813
"1355","P00919_S",557998,NA,2918787.8,NA
"1356","P00919_W",557986.2,NA,2918814.4,NA
"1357","P00920_C",558052.2,0.173205080783773,2918757.06666667,0.0577350269727325
"1358","P00920_E",558081,0,2918761.13333333,0.115470053945465
"1359","P00920_N",558051.2,0.173205080783773,2918764,0
"1360","P00920_S",558052.7,NA,2918754.1,NA
"1361","P00920_W",558019.6,NA,2918752.5,NA
"1362","P00921_C",557888.8,0.173205080783773,2918754.13333333,0.115470053945465
"1363","P00921_E",557896.733333333,0.230940107689293,2918755.2,0.173205080649348
"1364","P00921_N",557884.866666667,0.11547005381104,2918781.93333333,0.0577350269727325
"1365","P00921_S",557891.6,NA,2918733.4,NA
"1366","P00921_W",557873.8,NA,2918752.1,NA
"1367","P00922_C",557386.2,0.173205080783773,2918218.06666667,0.0577350269727325
"1368","P00922_E",557403.133333333,0.11547005381104,2918220.26666667,0.23094010762208
"1369","P00922_N",557383.8,0.173205080783773,2918236.93333333,0.0577350269727325
"1370","P00922_S",557390,NA,2918192.3,NA
"1371","P00922_W",557376.4,NA,2918216.7,NA
"1372","P00925_C",556695.133333333,0.11547005381104,2919998.13333333,0.115470053945465
"1373","P00925_E",556723.933333333,0.0577350269055201,2920002.13333333,0.115470053945465
"1374","P00925_N",556694.133333333,0.11547005381104,2920005.06666667,0.0577350269727325
"1375","P00925_S",556697.2,NA,2919983.3,NA
"1376","P00925_W",556674.4,NA,2919995.2,NA
"1377","P00926_C",556734.2,0.173205080783773,2919937.26666667,0.23094010762208
"1378","P00926_E",556753.066666667,0.0577350269055201,2919940.06666667,0.0577350269727325
"1379","P00926_N",556732,0,2919954.2,0.173205080649348
"1380","P00926_S",556735.3,NA,2919930.5,NA
"1381","P00926_W",556705.6,NA,2919933.4,NA
"1382","P00927_C",556582.666666667,0.288675134594813,2919981.06666667,0.0577350269727325
"1383","P00927_E",556603.2,0.173205080783773,2919984,0
"1384","P00927_N",556580.266666667,0.230940107689293,2919995.93333333,0.0577350269727325
"1385","P00927_S",556583.9,NA,2919971.1,NA
"1386","P00927_W",556556.8,NA,2919977.4,NA
"1387","P00928_C",557103.266666667,0.230940107689293,2920165,0
"1388","P00928_E",557123.133333333,0.11547005381104,2920167.86666667,0.115470053945465
"1389","P00928_N",557101.066666667,0.0577350269055201,2920180.86666667,0.115470053945465
"1390","P00928_S",557105.9,NA,2920147.2,NA
"1391","P00928_W",557085.5,NA,2920162.5,NA
"1392","P00929_C",556935.933333333,0.0577350269055201,2920148.8,0.173205080649348
"1393","P00929_E",556949.8,0.173205080783773,2920150.8,0.173205080649348
"1394","P00929_N",556932.866666667,0.11547005381104,2920170.66666667,0.288675134594813
"1395","P00929_S",556938.4,NA,2920130.9,NA
"1396","P00929_W",556918,NA,2920146.2,NA
"1397","P00930_C",556883.2,0.173205080783773,2920093.06666667,0.0577350269727325
"1398","P00930_E",556913,0,2920097.2,0.173205080649348
"1399","P00930_N",556882.266666667,0.230940107689293,2920099.06666667,0.0577350269727325
"1400","P00930_S",556887.4,NA,2920063.4,NA
"1401","P00930_W",556877.3,NA,2920092.3,NA
"1402","P00931_C",557800.333333333,0.288675134594813,2920401.86666667,0.115470053945465
"1403","P00931_E",557830.133333333,0.11547005381104,2920406,0
"1404","P00931_N",557799.733333333,0.230940107689293,2920407.8,0.173205080649348
"1405","P00931_S",557802,NA,2920390.9,NA
"1406","P00931_W",557775.7,NA,2920398.3,NA
"1407","P00932_C",557795,0,2920297.8,0.173205080649348
"1408","P00932_E",557803.933333333,0.0577350269055201,2920298.93333333,0.0577350269727325
"1409","P00932_N",557791.133333333,0.11547005381104,2920324.26666667,0.23094010762208
"1410","P00932_S",557796.9,NA,2920283.8,NA
"1411","P00932_W",557773.2,NA,2920294.6,NA
"1412","P00933_C",557638.066666667,0.0577350269055201,2920350.06666667,0.0577350269727325
"1413","P00933_E",557662.933333333,0.0577350269055201,2920353.73333333,0.23094010762208
"1414","P00933_N",557636.733333333,0.230940107689293,2920361,0
"1415","P00933_S",557640.6,NA,2920332.3,NA
"1416","P00933_W",557620.3,NA,2920347.6,NA
"1417","P00934_C",558087,0,2920336.73333333,0.23094010762208
"1418","P00934_E",558116.8,0.173205080783773,2920340.86666667,0.115470053945465
"1419","P00934_N",558086.133333333,0.11547005381104,2920342.73333333,0.23094010762208
"1420","P00934_S",558087.6,NA,2920332.7,NA
"1421","P00934_W",558055.3,NA,2920332.2,NA
"1422","P00935_C",557989.866666667,0.11547005381104,2920213.2,0.173205080649348
"1423","P00935_E",558017.733333333,0.230940107689293,2920217.13333333,0.115470053945465
"1424","P00935_N",557988.8,0.173205080783773,2920221.13333333,0.115470053945465
"1425","P00935_S",557990.3,NA,2920210.3,NA
"1426","P00935_W",557957.2,NA,2920208.7,NA
"1427","P00936_C",557959.2,0.173205080783773,2920140,0
"1428","P00936_E",557966.133333333,0.11547005381104,2920141,0
"1429","P00936_N",557955.133333333,0.11547005381104,2920168.8,0.173205080649348
"1430","P00936_S",557962,NA,2920120.2,NA
"1431","P00936_W",557943.4,NA,2920137.8,NA
"1432","P00937_C",556606.266666667,0.230940107689293,2920673.26666667,0.23094010762208
"1433","P00937_E",556637.066666667,0.0577350269055201,2920677.8,0.173205080649348
"1434","P00937_N",556605.8,0.173205080783773,2920678.2,0.173205080649348
"1435","P00937_S",556609.9,NA,2920648.6,NA
"1436","P00937_W",556595.5,NA,2920671.8,NA
"1437","P00938_C",556672.066666667,0.0577350269055201,2920486.33333333,0.288675134594813
"1438","P00938_E",556695.866666667,0.11547005381104,2920489.86666667,0.115470053945465
"1439","P00938_N",556670.266666667,0.230940107689293,2920498.26666667,0.23094010762208
"1440","P00938_S",556675.1,NA,2920464.7,NA
"1441","P00938_W",556658.2,NA,2920484.5,NA
"1442","P00939_C",556500.733333333,0.230940107689293,2920458,0
"1443","P00939_E",556510.666666667,0.288675134594813,2920459.26666667,0.23094010762208
"1444","P00939_N",556497,0,2920483.86666667,0.115470053945465
"1445","P00939_S",556501.3,NA,2920453.1,NA
"1446","P00939_W",556469.9,NA,2920453.7,NA
"1447","P00940_C",556879.2,0.173205080783773,2920527.2,0.173205080649348
"1448","P00940_E",556895.133333333,0.11547005381104,2920529.66666667,0.288675134594813
"1449","P00940_N",556876.733333333,0.230940107689293,2920547.06666667,0.0577350269727325
"1450","P00940_S",556880.3,NA,2920520.3,NA
"1451","P00940_W",556850.6,NA,2920523.2,NA
"1452","P00941_C",556749.933333333,0.0577350269055201,2920709.33333333,0.288675134594813
"1453","P00941_E",556758.866666667,0.11547005381104,2920710.8,0.173205080649348
"1454","P00941_N",556746.066666667,0.0577350269055201,2920736.13333333,0.115470053945465
"1455","P00941_S",556750.4,NA,2920705.5,NA
"1456","P00941_W",556718.2,NA,2920705,NA
"1457","P00942_C",556774.733333333,0.230940107689293,2920534.73333333,0.23094010762208
"1458","P00942_E",556793.266666667,0.230940107689293,2920537.13333333,0.115470053945465
"1459","P00942_N",556772.133333333,0.11547005381104,2920551.26666667,0.23094010762208
"1460","P00942_S",556777.9,NA,2920510.8,NA
"1461","P00942_W",556762.7,NA,2920532.9,NA
"1462","P00943_C",557656.733333333,0.230940107689293,2921116.73333333,0.23094010762208
"1463","P00943_E",557687.2,0.173205080783773,2921121,0
"1464","P00943_N",557655.933333333,0.0577350269055201,2921121.73333333,0.23094010762208
"1465","P00943_S",557660.4,NA,2921089.9,NA
"1466","P00943_W",557647.7,NA,2921115.4,NA
"1467","P00944_C",557661.066666667,0.0577350269055201,2921001.33333333,0.288675134594813
"1468","P00944_E",557688.933333333,0.0577350269055201,2921005.26666667,0.23094010762208
"1469","P00944_N",557660,0,2921009.26666667,0.23094010762208
"1470","P00944_S",557664.1,NA,2920980.7,NA
"1471","P00944_W",557646.3,NA,2920999.4,NA
"1472","P00945_C",557611.133333333,0.11547005381104,2921011.13333333,0.115470053945465
"1473","P00945_E",557644.933333333,0.0577350269055201,2921016,0
"1474","P00945_N",557611,0,2921013.13333333,0.115470053945465
"1475","P00945_S",557613.3,NA,2920996.4,NA
"1476","P00945_W",557590.4,NA,2921008.3,NA
"1477","P00946_C",557827.8,0.173205080783773,2921220.26666667,0.23094010762208
"1478","P00946_E",557832.8,0.173205080783773,2921221.06666667,0.0577350269727325
"1479","P00946_N",557823.266666667,0.230940107689293,2921251.06666667,0.0577350269727325
"1480","P00946_S",557830.5,NA,2921200.6,NA
"1481","P00946_W",557811.9,NA,2921218.2,NA
"1482","P00947_C",557667.933333333,0.0577350269055201,2921282.86666667,0.115470053945465
"1483","P00947_E",557681.8,0.173205080783773,2921284.86666667,0.115470053945465
"1484","P00947_N",557664.866666667,0.11547005381104,2921304.73333333,0.23094010762208
"1485","P00947_S",557669.1,NA,2921273.9,NA
"1486","P00947_W",557641.1,NA,2921279.1,NA
"1487","P00948_C",557730.333333333,0.288675134594813,2921113.8,0.173205080649348
"1488","P00948_E",557737.266666667,0.230940107689293,2921114.73333333,0.23094010762208
"1489","P00948_N",557726.266666667,0.230940107689293,2921142.26666667,0.23094010762208
"1490","P00948_S",557733.9,NA,2921088.9,NA
"1491","P00948_W",557719.6,NA,2921112.1,NA
"1492","P01006_C",517731,NA,2844609.1,NA
"1493","P01006_E",517746.9,NA,2844615.2,NA
"1494","P01006_N",517729.6,NA,2844612.9,NA
"1495","P01007_C",517878,NA,2844732.1,NA
"1496","P01007_E",517893.9,NA,2844738.2,NA
"1497","P01007_N",517866.2,NA,2844762.9,NA
"1498","P01008_C",517760,NA,2844485.1,NA
"1499","P01008_E",517787.1,NA,2844495.5,NA
"1500","P01008_N",517752.1,NA,2844505.7,NA
"1501","P01009_C",517760,NA,2844719.1,NA
"1502","P01009_E",517780.5,NA,2844727,NA
"1503","P01009_N",517758.2,NA,2844723.8,NA
"1504","P01010_C",517671,NA,2844623.1,NA
"1505","P01010_E",517684.1,NA,2844628.1,NA
"1506","P01010_N",517662.4,NA,2844645.5,NA
"1507","P01011_C",518157,NA,2844229.1,NA
"1508","P01011_E",518188.7,NA,2844241.3,NA
"1509","P01011_N",518154.5,NA,2844235.7,NA
"1510","P01012_C",518250,NA,2844309.1,NA
"1511","P01012_E",518282.7,NA,2844321.7,NA
"1512","P01012_N",518240.3,NA,2844334.3,NA
"1513","P01013_C",518180,NA,2844206.1,NA
"1514","P01013_E",518204.3,NA,2844215.4,NA
"1515","P01013_N",518170.3,NA,2844231.3,NA
"1516","P01014_C",518125,NA,2844313.1,NA
"1517","P01014_E",518139,NA,2844318.5,NA
"1518","P01014_N",518112.8,NA,2844344.9,NA
"1519","P01015_C",518132,NA,2844170.1,NA
"1520","P01015_E",518137.6,NA,2844172.3,NA
"1521","P01015_N",518123,NA,2844193.5,NA
"1522","P01016_C",518457,NA,2843883.1,NA
"1523","P01016_E",518463.5,NA,2843885.6,NA
"1524","P01016_N",518450.2,NA,2843900.9,NA
"1525","P01017_C",518575,NA,2843906.1,NA
"1526","P01017_E",518591.8,NA,2843912.6,NA
"1527","P01017_N",518564.2,NA,2843934.1,NA
"1528","P01018_C",518463,NA,2843741.1,NA
"1529","P01018_E",518471.4,NA,2843744.4,NA
"1530","P01018_N",518461.6,NA,2843744.9,NA
"1531","P01019_C",518470,NA,2844085.1,NA
"1532","P01019_E",518487.7,NA,2844091.9,NA
"1533","P01019_N",518463.9,NA,2844101,NA
"1534","P01020_C",518323,NA,2843877.1,NA
"1535","P01020_E",518330.5,NA,2843880,NA
"1536","P01020_N",518314.8,NA,2843898.6,NA
"1537","P01026_C",518119,NA,2845656.1,NA
"1538","P01026_E",518132.1,NA,2845661.1,NA
"1539","P01026_N",518110.8,NA,2845677.6,NA
"1540","P01027_C",518158,NA,2845708.1,NA
"1541","P01027_E",518186,NA,2845718.9,NA
"1542","P01027_N",518151.5,NA,2845724.9,NA
"1543","P01028_C",518116,NA,2845472.1,NA
"1544","P01028_E",518120.7,NA,2845473.9,NA
"1545","P01028_N",518111.3,NA,2845484.3,NA
"1546","P01029_C",518065,NA,2845738.1,NA
"1547","P01029_E",518082.7,NA,2845744.9,NA
"1548","P01029_N",518063.2,NA,2845742.8,NA
"1549","P01030_C",517996,NA,2845652.1,NA
"1550","P01030_E",518023.1,NA,2845662.5,NA
"1551","P01030_N",517987,NA,2845675.5,NA
"1552","P01031_C",518493,NA,2845427.1,NA
"1553","P01031_E",518524.7,NA,2845439.3,NA
"1554","P01031_N",518485.5,NA,2845446.7,NA
"1555","P01032_C",518614,NA,2845464.1,NA
"1556","P01032_E",518628.9,NA,2845469.9,NA
"1557","P01032_N",518605,NA,2845487.5,NA
"1558","P01033_C",518455,NA,2845312.1,NA
"1559","P01033_E",518465.3,NA,2845316.1,NA
"1560","P01033_N",518452.1,NA,2845319.6,NA
"1561","P01034_C",518483,NA,2845576.1,NA
"1562","P01034_E",518485.8,NA,2845577.2,NA
"1563","P01034_N",518479.1,NA,2845586.4,NA
"1564","P01035_C",518308,NA,2845362.1,NA
"1565","P01035_E",518323.9,NA,2845368.2,NA
"1566","P01035_N",518302.6,NA,2845376.1,NA
"1567","P01036_C",518812,NA,2845338.1,NA
"1568","P01036_E",518827.9,NA,2845344.2,NA
"1569","P01036_N",518800.9,NA,2845367.1,NA
"1570","P01037_C",518996,NA,2845407.1,NA
"1571","P01037_E",519010,NA,2845412.5,NA
"1572","P01037_N",518985.2,NA,2845435.1,NA
"1573","P01038_C",518869,NA,2845258.1,NA
"1574","P01038_E",518879.3,NA,2845262.1,NA
"1575","P01038_N",518856.8,NA,2845289.9,NA
"1576","P01039_C",518795,NA,2845423.1,NA
"1577","P01039_E",518810.9,NA,2845429.2,NA
"1578","P01039_N",518783.2,NA,2845453.9,NA
"1579","P01040_C",518788,NA,2845345.1,NA
"1580","P01040_E",518800.1,NA,2845349.8,NA
"1581","P01040_N",518776.9,NA,2845374.1,NA
"1582","P01046_C",518148,NA,2846347.1,NA
"1583","P01046_E",518178.8,NA,2846359,NA
"1584","P01046_N",518138.7,NA,2846371.4,NA
"1585","P01047_C",518306,NA,2846429.1,NA
"1586","P01047_E",518331.2,NA,2846438.8,NA
"1587","P01047_N",518295.2,NA,2846457.1,NA
"1588","P01048_C",518219,NA,2846121.1,NA
"1589","P01048_E",518233,NA,2846126.5,NA
"1590","P01048_N",518209,NA,2846147.3,NA
"1591","P01049_C",518046,NA,2846465.1,NA
"1592","P01049_E",518069.3,NA,2846474.1,NA
"1593","P01049_N",518039.5,NA,2846481.9,NA
"1594","P01050_C",517985,NA,2846334.1,NA
"1595","P01050_E",518015.8,NA,2846346,NA
"1596","P01050_N",517982.8,NA,2846339.7,NA
"1597","P01051_C",518971,NA,2846139.1,NA
"1598","P01051_E",518979.4,NA,2846142.4,NA
"1599","P01051_N",518961.3,NA,2846164.3,NA
"1600","P01052_C",519052,NA,2846114.1,NA
"1601","P01052_E",519060.4,NA,2846117.4,NA
"1602","P01052_N",519042.3,NA,2846139.3,NA
"1603","P01053_C",518975,NA,2846029.1,NA
"1604","P01053_E",519004.9,NA,2846040.6,NA
"1605","P01053_N",518963.5,NA,2846059,NA
"1606","P01054_C",518948,NA,2846260.1,NA
"1607","P01054_E",518976,NA,2846270.9,NA
"1608","P01054_N",518937.2,NA,2846288.1,NA
"1609","P01055_C",518874,NA,2846122.1,NA
"1610","P01055_E",518879.6,NA,2846124.3,NA
"1611","P01055_N",518870.8,NA,2846130.5,NA
"1612","P01056_C",519165,NA,2845935.1,NA
"1613","P01056_E",519181.8,NA,2845941.6,NA
"1614","P01056_N",519156.4,NA,2845957.5,NA
"1615","P01057_C",519366,NA,2846053.1,NA
"1616","P01057_E",519373.5,NA,2846056,NA
"1617","P01057_N",519355.2,NA,2846081.1,NA
"1618","P01058_C",519167,NA,2845852.1,NA
"1619","P01058_E",519179.1,NA,2845856.8,NA
"1620","P01058_N",519158.8,NA,2845873.6,NA
"1621","P01059_C",519090,NA,2846110.1,NA
"1622","P01059_E",519109.6,NA,2846117.7,NA
"1623","P01059_N",519085.3,NA,2846122.3,NA
"1624","P01060_C",519068,NA,2845933.1,NA
"1625","P01060_E",519079.2,NA,2845937.4,NA
"1626","P01060_N",519059.4,NA,2845955.5,NA
"1627","P01101_C",546143.333333333,0.288675134594813,2892056.66666667,0.288675134594813
"1628","P01101_E",546157.8,0.173205080783773,2892061.06666667,0.0577350269727325
"1629","P01101_N",546134.666666667,0.288675134594813,2892084.06666667,0.0577350269727325
"1630","P01102_C",546244.866666667,0.11547005381104,2892149.13333333,0.115470053945465
"1631","P01102_E",546252.266666667,0.230940107689293,2892151.73333333,0.23094010762208
"1632","P01102_N",546243.866666667,0.11547005381104,2892152,0
"1633","P01104_C",546023.4,NA,2892094.8,NA
"1634","P01104_E",546035.8,NA,2892098.9,NA
"1635","P01104_N",546018.8,NA,2892109.1,NA
"1636","P01107_C",546982.933333333,0.0577350269055201,2892124.06666667,0.0577350269727325
"1637","P01107_E",547009.333333333,0.288675134594813,2892132.86666667,0.115470053945465
"1638","P01107_N",546976.066666667,0.0577350269055201,2892145,0
"1639","P01109_C",546759.8,0.173205080783773,2892112.13333333,0.115470053945465
"1640","P01109_E",546789.066666667,0.0577350269055201,2892121.86666667,0.115470053945465
"1641","P01109_N",546752.733333333,0.230940107689293,2892134.06666667,0.0577350269727325
"1642","P01111_C",547432.133333333,0.11547005381104,2892236.66666667,0.288675134594813
"1643","P01111_E",547443.8,0.173205080783773,2892240.13333333,0.115470053945465
"1644","P01111_N",547431,0,2892240.2,0.173205080649348
"1645","P01112_C",547446.5,NA,2892426.7,NA
"1646","P01112_E",547477.9,NA,2892436.9,NA
"1647","P01112_N",547444.1,NA,2892434.3,NA
"1648","P01113_C",547465.733333333,0.230940107689293,2892225.73333333,0.23094010762208
"1649","P01113_E",547481.866666667,0.11547005381104,2892230.86666667,0.115470053945465
"1650","P01113_N",547458.866666667,0.11547005381104,2892246.33333333,0.288675134594813
"1651","P01114_C",547363.6,NA,2892334.1,NA
"1652","P01114_E",547392.1,NA,2892343.4,NA
"1653","P01114_N",547354.6,NA,2892361.7,NA
"1654","P01115_C",547391,NA,2892114.5,NA
"1655","P01115_E",547412.9,NA,2892121.6,NA
"1656","P01115_N",547382.1,NA,2892142.1,NA
"1657","P01116_C",547838.066666667,0.0577350269055201,2892396.8,0.173205080649348
"1658","P01116_E",547863.866666667,0.11547005381104,2892405.06666667,0.0577350269727325
"1659","P01116_N",547828.933333333,0.0577350269055201,2892425.2,0.173205080649348
"1660","P01117_C",547827.2,0.282842712491083,2892596,0
"1661","P01117_E",547836.45,0.636396103084356,2892599.05,0.0707106781845092
"1662","P01117_N",547826.1,0.141421356204382,2892599.4,0.565685424817529
"1663","P01118_C",547963.7,NA,2892242.1,NA
"1664","P01118_E",547985.5,NA,2892249.3,NA
"1665","P01118_N",547959.9,NA,2892253.6,NA
"1666","P01119_C",547646.2,NA,2892488.3,NA
"1667","P01119_E",547661.4,NA,2892493.3,NA
"1668","P01119_N",547636.3,NA,2892518.8,NA
"1669","P01120_C",547768.8,0.173205080783773,2892247,0
"1670","P01120_E",547797.2,0.173205080783773,2892256.13333333,0.115470053945465
"1671","P01120_N",547764.8,0.173205080783773,2892259.2,0.173205080649348
"1672","P01121_C",546068.066666667,0.0577350269055201,2892648.8,0.173205080649348
"1673","P01121_E",546076.733333333,0.230940107689293,2892651.66666667,0.288675134594813
"1674","P01121_N",546065.2,0.173205080783773,2892657.2,0.173205080649348
"1675","P01122_C",546169.2,NA,2892794.9,NA
"1676","P01122_E",546173.9,NA,2892796.5,NA
"1677","P01122_N",546165.2,NA,2892807.3,NA
"1678","P01123_C",546201.8,0.173205080783773,2892540.2,0.173205080649348
"1679","P01123_E",546219.866666667,0.11547005381104,2892546.13333333,0.115470053945465
"1680","P01123_N",546191.133333333,0.11547005381104,2892572.8,0.173205080649348
"1681","P01124_C",546029.4,NA,2892755.7,NA
"1682","P01124_E",546060.8,NA,2892765.9,NA
"1683","P01124_N",546028.5,NA,2892758.5,NA
"1684","P01125_C",546071.933333333,0.0577350269055201,2892497.26666667,0.23094010762208
"1685","P01125_E",546079.666666667,0.288675134594813,2892499.93333333,0.0577350269727325
"1686","P01125_N",546061.8,0.173205080783773,2892528.86666667,0.115470053945465
"1687","P01126_C",546588.6,NA,2892901.6,NA
"1688","P01126_E",546603.8,NA,2892906.6,NA
"1689","P01126_N",546586.4,NA,2892908.3,NA
"1690","P01127_C",546654.933333333,0.0577350269055201,2892986.86666667,0.115470053945465
"1691","P01127_E",546679.733333333,0.230940107689293,2892994.86666667,0.115470053945465
"1692","P01127_N",546653.8,0.173205080783773,2892990.73333333,0.23094010762208
"1693","P01128_C",546760.6,NA,2892771.2,NA
"1694","P01128_E",546767.3,NA,2892773.4,NA
"1695","P01128_N",546756.6,NA,2892783.6,NA
"1696","P01129_C",546570.2,NA,2892912.6,NA
"1697","P01129_E",546595.9,NA,2892921,NA
"1698","P01129_N",546567.4,NA,2892921.2,NA
"1699","P01130_C",546547.2,NA,2892816.6,NA
"1700","P01130_E",546572,NA,2892824.6,NA
"1701","P01130_N",546536.4,NA,2892849.9,NA
"1702","P01131_C",546840.2,0.173205080783773,2893312.2,0.173205080649348
"1703","P01131_E",546868.866666667,0.11547005381104,2893321.73333333,0.23094010762208
"1704","P01131_N",546836,0,2893325.73333333,0.23094010762208
"1705","P01132_C",546810,NA,2893402.7,NA
"1706","P01132_E",546816.6,NA,2893404.8,NA
"1707","P01132_N",546801,NA,2893430.2,NA
"1708","P01133_C",547002.133333333,0.11547005381104,2893222.33333333,0.288675134594813
"1709","P01133_E",547007.933333333,0.0577350269055201,2893224.2,0.173205080649348
"1710","P01133_N",547000,0,2893229.06666667,0.0577350269727325
"1711","P01134_C",546737.2,NA,2893276.9,NA
"1712","P01134_E",546767.6,NA,2893286.8,NA
"1713","P01134_N",546731,NA,2893295.9,NA
"1714","P01135_C",546804,0,2893210.8,0.173205080649348
"1715","P01135_E",546809.8,0.173205080783773,2893212.66666667,0.288675134594813
"1716","P01135_N",546801.666666667,0.288675134594813,2893218.2,0.173205080649348
"1717","P01136_C",547438.266666667,0.230940107689293,2893281.2,0.173205080649348
"1718","P01136_E",547469.866666667,0.11547005381104,2893291.33333333,0.288675134594813
"1719","P01136_N",547435.733333333,0.230940107689293,2893289.86666667,0.115470053945465
"1720","P01137_C",547552.866666667,0.11547005381104,2893423.86666667,0.115470053945465
"1721","P01137_E",547567.066666667,0.0577350269055201,2893428.26666667,0.23094010762208
"1722","P01137_N",547548.666666667,0.288675134594813,2893437.06666667,0.0577350269727325
"1723","P01138_C",547572,0,2893207.93333333,0.0577350269727325
"1724","P01138_E",547580.666666667,0.288675134594813,2893210.8,0.173205080649348
"1725","P01138_N",547563.733333333,0.230940107689293,2893233.73333333,0.23094010762208
"1726","P01139_C",547290.1,NA,2893312.1,NA
"1727","P01139_E",547311.9,NA,2893319.2,NA
"1728","P01139_N",547287.9,NA,2893318.8,NA
"1729","P01140_C",547375.4,NA,2893207.2,NA
"1730","P01140_E",547379.2,NA,2893208.4,NA
"1731","P01140_N",547370.8,NA,2893221.5,NA
"1732","P01141_C",545512.066666667,0.0577350269055201,2893953.73333333,0.23094010762208
"1733","P01141_E",545522.733333333,0.230940107689293,2893957,0
"1734","P01141_N",545501.933333333,0.0577350269055201,2893985,0
"1735","P01142_C",545483.133333333,0.11547005381104,2894134.26666667,0.23094010762208
"1736","P01142_E",545498.266666667,0.230940107689293,2894139.26666667,0.23094010762208
"1737","P01142_N",545473.933333333,0.0577350269055201,2894163,0
"1738","P01143_C",545592.2,NA,2893922.5,NA
"1739","P01143_E",545625.4,NA,2893933.4,NA
"1740","P01143_N",545589.4,NA,2893931.1,NA
"1741","P01144_C",545442.2,NA,2893940.5,NA
"1742","P01144_E",545446.9,NA,2893942,NA
"1743","P01144_N",545435.4,NA,2893961.4,NA
"1744","P01145_C",545466,0,2893791,0
"1745","P01145_E",545485.066666667,0.0577350269055201,2893797.13333333,0.115470053945465
"1746","P01145_N",545459.666666667,0.288675134594813,2893811,0
"1747","P01146_C",546147.066666667,0.0577350269055201,2893843.2,0.173205080649348
"1748","P01146_E",546172.866666667,0.11547005381104,2893851.73333333,0.23094010762208
"1749","P01146_N",546143.066666667,0.0577350269055201,2893855.73333333,0.23094010762208
"1750","P01147_C",546238.4,NA,2893950.7,NA
"1751","P01147_E",546254.5,NA,2893955.9,NA
"1752","P01147_N",546235.6,NA,2893959.2,NA
"1753","P01148_C",546318.866666667,0.11547005381104,2893807,0
"1754","P01148_E",546347.2,0.173205080783773,2893816.13333333,0.115470053945465
"1755","P01148_N",546313.733333333,0.230940107689293,2893823.06666667,0.0577350269727325
"1756","P01149_C",546110.4,NA,2893850.5,NA
"1757","P01149_E",546128.5,NA,2893856.4,NA
"1758","P01149_N",546102.1,NA,2893876.2,NA
"1759","P01150_C",546083.9,NA,2893811.7,NA
"1760","P01150_E",546104.9,NA,2893818.5,NA
"1761","P01150_N",546076.8,NA,2893833.6,NA
"1762","P01151_C",546644,0,2894166.13333333,0.115470053945465
"1763","P01151_E",546651.733333333,0.230940107689293,2894168.8,0.173205080649348
"1764","P01151_N",546634.266666667,0.230940107689293,2894195.8,0.173205080649348
"1765","P01152_C",546763.5,NA,2894279.3,NA
"1766","P01152_E",546794.9,NA,2894289.5,NA
"1767","P01152_N",546755.5,NA,2894304,NA
"1768","P01153_C",546795.6,NA,2894161.2,NA
"1769","P01153_E",546810.8,NA,2894166.2,NA
"1770","P01153_N",546788.2,NA,2894184.1,NA
"1771","P01154_C",546482,0,2894293,0
"1772","P01154_E",546494.2,0.173205080783773,2894297,0
"1773","P01154_N",546478.933333333,0.0577350269055201,2894302.66666667,0.288675134594813
"1774","P01155_C",546617.666666667,0.288675134594813,2894118.06666667,0.0577350269727325
"1775","P01155_E",546646.066666667,0.0577350269055201,2894127.26666667,0.23094010762208
"1776","P01155_N",546610.066666667,0.0577350269055201,2894141,0
"1777","P01156_C",547076.733333333,0.230940107689293,2894295.13333333,0.115470053945465
"1778","P01156_E",547085.133333333,0.11547005381104,2894297.93333333,0.0577350269727325
"1779","P01156_N",547072.733333333,0.230940107689293,2894307.66666667,0.288675134594813
"1780","P01157_C",547094.6,NA,2894376.4,NA
"1781","P01157_E",547115.6,NA,2894383.2,NA
"1782","P01157_N",547087.8,NA,2894397.4,NA
"1783","P01158_C",547176.45,0.636396103084356,2894203.1,0.141421356369018
"1784","P01158_E",547186.2,0.282842712491083,2894206.15,0.212132034224255
"1785","P01158_N",547172.45,0.636396103084356,2894215.3,0.424264068777783
"1786","P01159_C",546909.733333333,0.230940107689293,2894416.26666667,0.23094010762208
"1787","P01159_E",546922,0,2894420.26666667,0.23094010762208
"1788","P01159_N",546901.733333333,0.230940107689293,2894441.06666667,0.0577350269727325
"1789","P01160_C",546968.866666667,0.11547005381104,2894163.8,0.173205080649348
"1790","P01160_E",546978.2,0.173205080783773,2894166.86666667,0.115470053945465
"1791","P01160_N",546966,0,2894172.2,0.173205080649348
"1792","P01161_C",545585.266666667,0.230940107689293,2894899,0
"1793","P01161_E",545613,0,2894907.93333333,0.0577350269727325
"1794","P01161_N",545577.066666667,0.0577350269055201,2894924.73333333,0.23094010762208
"1795","P01162_C",545544.8,0.173205080783773,2895103.8,0.173205080649348
"1796","P01162_E",545561.866666667,0.11547005381104,2895109.2,0.173205080649348
"1797","P01162_N",545539.066666667,0.0577350269055201,2895120.86666667,0.115470053945465
"1798","P01163_C",545670.733333333,0.230940107689293,2894814.2,0.173205080649348
"1799","P01163_E",545683,0,2894818.26666667,0.23094010762208
"1800","P01163_N",545662.2,0.173205080783773,2894840,0
"1801","P01164_C",545509.933333333,0.0577350269055201,2895059.2,0.173205080649348
"1802","P01164_E",545535.733333333,0.230940107689293,2895067.73333333,0.23094010762208
"1803","P01164_N",545504.2,0.173205080783773,2895076.26666667,0.23094010762208
"1804","P01165_C",545560.8,0.173205080783773,2894825,0
"1805","P01165_E",545570.133333333,0.11547005381104,2894828.06666667,0.0577350269727325
"1806","P01165_N",545557.733333333,0.230940107689293,2894834.66666667,0.288675134594813
"1807","P01166_C",546030.933333333,0.0577350269055201,2895133.06666667,0.0577350269727325
"1808","P01166_E",546052.866666667,0.11547005381104,2895140.13333333,0.115470053945465
"1809","P01166_N",546029.066666667,0.0577350269055201,2895138.86666667,0.115470053945465
"1810","P01167_C",546029.1,NA,2895192.2,NA
"1811","P01167_E",546040.5,NA,2895195.9,NA
"1812","P01167_N",546023.2,NA,2895210.2,NA
"1813","P01168_C",546062.8,0.173205080783773,2895114.86666667,0.115470053945465
"1814","P01168_E",546076.933333333,0.0577350269055201,2895119.26666667,0.23094010762208
"1815","P01168_N",546053.266666667,0.230940107689293,2895143.2,0.173205080649348
"1816","P01169_C",545893.933333333,0.0577350269055201,2895252.73333333,0.23094010762208
"1817","P01169_E",545914.933333333,0.0577350269055201,2895259.26666667,0.23094010762208
"1818","P01169_N",545889.933333333,0.0577350269055201,2895265,0
"1819","P01170_C",545986.266666667,0.230940107689293,2895018.66666667,0.288675134594813
"1820","P01170_E",546008.2,0.173205080783773,2895025.73333333,0.23094010762208
"1821","P01170_N",545984.666666667,0.288675134594813,2895024.13333333,0.115470053945465
"1822","P01171_C",546223.3,NA,2895362.7,NA
"1823","P01171_E",546252.8,NA,2895372.3,NA
"1824","P01171_N",546220.2,NA,2895372.2,NA
"1825","P01172_C",546297.733333333,0.230940107689293,2895560.26666667,0.23094010762208
"1826","P01172_E",546322.2,0.173205080783773,2895568.33333333,0.288675134594813
"1827","P01172_N",546294.333333333,0.288675134594813,2895570,0
"1828","P01173_C",546293.933333333,0.0577350269055201,2895182,0
"1829","P01173_E",546318.8,0.173205080783773,2895190.06666667,0.0577350269727325
"1830","P01173_N",546292.266666667,0.230940107689293,2895186.86666667,0.115470053945465
"1831","P01174_C",546138.4,NA,2895369.8,NA
"1832","P01174_E",546163.1,NA,2895377.8,NA
"1833","P01174_N",546134.3,NA,2895382.1,NA
"1834","P01175_C",546262.133333333,0.11547005381104,2895213.2,0.173205080649348
"1835","P01175_E",546280.133333333,0.11547005381104,2895219.13333333,0.115470053945465
"1836","P01175_N",546260.933333333,0.0577350269055201,2895217.06666667,0.0577350269727325
"1837","P01176_C",546906.2,0.173205080783773,2895320.86666667,0.115470053945465
"1838","P01176_E",546931.066666667,0.0577350269055201,2895328.93333333,0.0577350269727325
"1839","P01176_N",546902.933333333,0.0577350269055201,2895331.2,0.173205080649348
"1840","P01177_C",546939.3,0,2895415.1,0
"1841","P01177_E",546969.7,0,2895425,0
"1842","P01177_N",546938.4,0,2895417.9,0
"1843","P01178_C",546984.8,0,2895273.1,0
"1844","P01178_E",547006.7,0,2895280.2,0
"1845","P01178_N",546974.3,0,2895305.5,0
"1846","P01179_C",546789.333333333,0.288675134594813,2895399.86666667,0.115470053945465
"1847","P01179_E",546814.133333333,0.11547005381104,2895407.86666667,0.115470053945465
"1848","P01179_N",546785.066666667,0.0577350269055201,2895413.06666667,0.0577350269727325
"1849","P01180_C",546901.5,NA,2895287.6,NA
"1850","P01180_E",546913.8,NA,2895291.6,NA
"1851","P01180_N",546895,NA,2895307.6,NA
"1852","P01301_C",552259.6,NA,2877403.5,NA
"1853","P01301_E",552268.2,NA,2877406,NA
"1854","P01301_N",552256.8,NA,2877413.1,NA
"1855","P01302_C",552295.1,NA,2877557.5,NA
"1856","P01302_E",552298.9,NA,2877558.6,NA
"1857","P01302_N",552292.3,NA,2877567.1,NA
"1858","P01303_C",552393.1,NA,2877367.1,NA
"1859","P01303_E",552398.9,NA,2877368.8,NA
"1860","P01303_N",552384,NA,2877398.9,NA
"1861","P01304_C",553089.8,NA,2877619.1,NA
"1862","P01304_E",553111,NA,2877625.2,NA
"1863","P01304_N",553087.1,NA,2877628.7,NA
"1864","P01305_C",553331.1,NA,2877078.7,NA
"1865","P01305_E",553340.7,NA,2877081.4,NA
"1866","P01305_N",553322,NA,2877110.4,NA
"1867","P01306_C",553489.9,NA,2878331.4,NA
"1868","P01306_E",553517.8,NA,2878339.4,NA
"1869","P01306_N",553483.3,NA,2878354.5,NA
"1870","P01307_C",553670,NA,2878486,NA
"1871","P01307_E",553701.7,NA,2878495.1,NA
"1872","P01307_N",553668.3,NA,2878491.7,NA
"1873","P01308_C",553699.5,NA,2878070.8,NA
"1874","P01308_E",553707.2,NA,2878073,NA
"1875","P01308_N",553695.9,NA,2878083.3,NA
"1876","P01309_C",553183.6,NA,2878490.1,NA
"1877","P01309_E",553208.5,NA,2878497.3,NA
"1878","P01309_N",553176.9,NA,2878513.2,NA
"1879","P01310_C",553293.5,NA,2878099.9,NA
"1880","P01310_E",553304.1,NA,2878102.9,NA
"1881","P01310_N",553284.7,NA,2878130.6,NA
"1882","P01311_C",554239.9,NA,2878460.6,NA
"1883","P01311_E",554267.8,NA,2878468.6,NA
"1884","P01311_N",554230.8,NA,2878492.4,NA
"1885","P01312_C",554244.5,NA,2878697.5,NA
"1886","P01312_E",554273.3,NA,2878705.8,NA
"1887","P01312_N",554238.4,NA,2878718.7,NA
"1888","P01313_C",554496.5,NA,2878240.2,NA
"1889","P01313_E",554523.4,NA,2878247.9,NA
"1890","P01313_N",554486.9,NA,2878273.8,NA
"1891","P01314_C",554016.9,NA,2878619.7,NA
"1892","P01314_E",554036.1,NA,2878625.2,NA
"1893","P01314_N",554010.8,NA,2878640.8,NA
"1894","P01315_C",553768.5,NA,2878178.7,NA
"1895","P01315_E",553790.6,NA,2878185.1,NA
"1896","P01315_N",553759.7,NA,2878209.5,NA
"1897","P01316_C",554823.3,NA,2878536.9,NA
"1898","P01316_E",554827.1,NA,2878538,NA
"1899","P01316_N",554818.8,NA,2878552.3,NA
"1900","P01317_C",554944.8,NA,2878725.1,NA
"1901","P01317_E",554976.5,NA,2878734.2,NA
"1902","P01317_N",554935.4,NA,2878757.7,NA
"1903","P01318_C",554993.6,NA,2878353,NA
"1904","P01318_E",555002.2,NA,2878355.5,NA
"1905","P01318_N",554991.1,NA,2878361.7,NA
"1906","P01319_C",554525.2,NA,2878701.8,NA
"1907","P01319_E",554534.8,NA,2878704.5,NA
"1908","P01319_N",554520.2,NA,2878719.1,NA
"1909","P01320_C",554660,NA,2878354.7,NA
"1910","P01320_E",554670.6,NA,2878357.7,NA
"1911","P01320_N",554652.9,NA,2878379.7,NA
"1912","P01321_C",552724.7,NA,2878552.9,NA
"1913","P01321_E",552738.1,NA,2878556.7,NA
"1914","P01321_N",552720,NA,2878569.2,NA
"1915","P01322_C",552838.4,NA,2878614.9,NA
"1916","P01322_E",552847,NA,2878617.3,NA
"1917","P01322_N",552836.7,NA,2878620.6,NA
"1918","P01323_C",552922.7,NA,2878396.8,NA
"1919","P01323_E",552926.5,NA,2878397.9,NA
"1920","P01323_N",552916.6,NA,2878417.9,NA
"1921","P01324_C",552527,NA,2878629,NA
"1922","P01324_E",552539.5,NA,2878632.6,NA
"1923","P01324_N",552522.6,NA,2878644.4,NA
"1924","P01325_C",552625.9,NA,2878232.5,NA
"1925","P01325_E",552630.7,NA,2878233.9,NA
"1926","P01325_N",552621.5,NA,2878247.9,NA
"1927","P01326_C",552919.1,NA,2878581.3,NA
"1928","P01326_E",552929.7,NA,2878584.4,NA
"1929","P01326_N",552912.8,NA,2878603.4,NA
"1930","P01327_C",552982.6,NA,2878686.2,NA
"1931","P01327_E",553014.4,NA,2878695.3,NA
"1932","P01327_N",552978.8,NA,2878699.7,NA
"1933","P01328_C",553105.9,NA,2878459,NA
"1934","P01328_E",553128.9,NA,2878465.7,NA
"1935","P01328_N",553096.5,NA,2878491.7,NA
"1936","P01329_C",552757.3,NA,2878737.6,NA
"1937","P01329_E",552774.6,NA,2878742.5,NA
"1938","P01329_N",552756.5,NA,2878740.5,NA
"1939","P01330_C",552775.5,NA,2878353.1,NA
"1940","P01330_E",552808.2,NA,2878362.5,NA
"1941","P01330_N",552770.6,NA,2878370.4,NA
"1942","P01331_C",553794.9,NA,2878514.2,NA
"1943","P01331_E",553818,NA,2878520.8,NA
"1944","P01331_N",553786.7,NA,2878543,NA
"1945","P01332_C",553938.4,NA,2878782.4,NA
"1946","P01332_E",553947,NA,2878784.9,NA
"1947","P01332_N",553929.5,NA,2878813.2,NA
"1948","P01333_C",553814.6,NA,2878468.1,NA
"1949","P01333_E",553847.3,NA,2878477.5,NA
"1950","P01333_N",553808,NA,2878491.2,NA
"1951","P01334_C",553570.1,NA,2878439.4,NA
"1952","P01334_E",553589.3,NA,2878444.9,NA
"1953","P01334_N",553561.3,NA,2878470.2,NA
"1954","P01335_C",553748.6,NA,2878292.5,NA
"1955","P01335_E",553758.2,NA,2878295.2,NA
"1956","P01335_N",553742.3,NA,2878314.6,NA
"1957","P01336_C",553991.9,NA,2879290.2,NA
"1958","P01336_E",554015.9,NA,2879297.1,NA
"1959","P01336_N",553989.1,NA,2879299.8,NA
"1960","P01337_C",554057.7,NA,2879490.5,NA
"1961","P01337_E",554083.7,NA,2879497.9,NA
"1962","P01337_N",554048.4,NA,2879523.1,NA
"1963","P01338_C",554189.3,NA,2879263.3,NA
"1964","P01338_E",554205.6,NA,2879268,NA
"1965","P01338_N",554186.8,NA,2879272,NA
"1966","P01339_C",553740.4,NA,2879615.3,NA
"1967","P01339_E",553743.3,NA,2879616.1,NA
"1968","P01339_N",553736,NA,2879630.7,NA
"1969","P01340_C",553828,NA,2879264.9,NA
"1970","P01340_E",553849.1,NA,2879271,NA
"1971","P01340_N",553825.8,NA,2879272.6,NA
"1972","P01341_C",552478.5,NA,2879644,NA
"1973","P01341_E",552509.3,NA,2879652.8,NA
"1974","P01341_N",552470.8,NA,2879670.9,NA
"1975","P01342_C",552521.9,NA,2879899.5,NA
"1976","P01342_E",552549.8,NA,2879907.5,NA
"1977","P01342_N",552518.1,NA,2879913,NA
"1978","P01343_C",552568.5,NA,2879367.5,NA
"1979","P01343_E",552594.5,NA,2879374.9,NA
"1980","P01343_N",552564.7,NA,2879380.9,NA
"1981","P01344_C",552568.8,NA,2880001.2,NA
"1982","P01344_E",552596.6,NA,2880009.2,NA
"1983","P01344_N",552561.6,NA,2880026.2,NA
"1984","P01345_C",552288,NA,2879335.6,NA
"1985","P01345_E",552305.3,NA,2879340.5,NA
"1986","P01345_N",552283.5,NA,2879351,NA
"1987","P01346_C",552308.4,NA,2880477,NA
"1988","P01346_E",552321.9,NA,2880480.8,NA
"1989","P01346_N",552303.7,NA,2880493.3,NA
"1990","P01347_C",552335.5,NA,2880652.5,NA
"1991","P01347_E",552341.3,NA,2880654.1,NA
"1992","P01347_N",552327.2,NA,2880681.3,NA
"1993","P01348_C",552539.7,NA,2880330.3,NA
"1994","P01348_E",552569.5,NA,2880338.8,NA
"1995","P01348_N",552531.4,NA,2880359.1,NA
"1996","P01349_C",553325.1,NA,2880588.8,NA
"1997","P01349_E",553350.1,NA,2880595.9,NA
"1998","P01349_N",553318.2,NA,2880612.8,NA
"1999","P01350_C",552267.9,NA,2880184.6,NA
"2000","P01350_E",552277.5,NA,2880187.3,NA
"2001","P01350_N",552260.4,NA,2880210.5,NA
"2002","P01351_C",553000.3,NA,2879809.1,NA
"2003","P01351_E",553009,NA,2879811.6,NA
"2004","P01351_N",552996.2,NA,2879823.6,NA
"2005","P01352_C",553177.9,NA,2879886.8,NA
"2006","P01352_E",553209.6,NA,2879895.9,NA
"2007","P01352_N",553171,NA,2879910.8,NA
"2008","P01353_C",553258.9,NA,2879776.3,NA
"2009","P01353_E",553273.3,NA,2879780.5,NA
"2010","P01353_N",553256.7,NA,2879784,NA
"2011","P01354_C",552827.8,NA,2879866.9,NA
"2012","P01354_E",552844.1,NA,2879871.6,NA
"2013","P01354_N",552823.1,NA,2879883.2,NA
"2014","P01355_C",552895.4,NA,2879642.6,NA
"2015","P01355_E",552921.3,NA,2879650,NA
"2016","P01355_N",552889.6,NA,2879662.8,NA
"2017","P01356_C",554003.8,NA,2879757.9,NA
"2018","P01356_E",554008.6,NA,2879759.3,NA
"2019","P01356_N",554001.1,NA,2879767.5,NA
"2020","P01357_C",554163.8,NA,2880047.7,NA
"2021","P01357_E",554176.3,NA,2880051.3,NA
"2022","P01357_N",554157.8,NA,2880068.9,NA
"2023","P01358_C",554059.9,NA,2879644.3,NA
"2024","P01358_E",554063.7,NA,2879645.4,NA
"2025","P01358_N",554053.8,NA,2879665.4,NA
"2026","P01359_C",553792.4,NA,2879809.3,NA
"2027","P01359_E",553819.3,NA,2879817,NA
"2028","P01359_N",553785.2,NA,2879834.3,NA
"2029","P01360_C",553924.9,NA,2880695.8,NA
"2030","P01360_E",553935.5,NA,2880698.9,NA
"2031","P01360_N",553923,NA,2880702.6,NA
"2032","P01371_C",552572.7,NA,2880395,NA
"2033","P01371_E",552585.2,NA,2880398.6,NA
"2034","P01371_N",552570.8,NA,2880401.7,NA
"2035","P01372_C",552580.1,NA,2880628.8,NA
"2036","P01372_E",552600.3,NA,2880634.6,NA
"2037","P01372_N",552572.1,NA,2880656.7,NA
"2038","P01373_C",552726.9,NA,2880075.7,NA
"2039","P01373_E",552733.6,NA,2880077.6,NA
"2040","P01373_N",552721.1,NA,2880095.9,NA
"2041","P01374_C",552485.9,NA,2880573.1,NA
"2042","P01374_E",552500.3,NA,2880577.2,NA
"2043","P01374_N",552482,NA,2880586.5,NA
"2044","P01375_C",552348.4,NA,2880212.6,NA
"2045","P01375_E",552369.5,NA,2880218.6,NA
"2046","P01375_N",552343.4,NA,2880229.9,NA
"2047","P01376_C",553754.7,NA,2880858.2,NA
"2048","P01376_E",553780.7,NA,2880865.6,NA
"2049","P01376_N",553749.8,NA,2880875.5,NA
"2050","P01377_C",554164,NA,2880684.5,NA
"2051","P01377_E",554167.8,NA,2880685.6,NA
"2052","P01377_N",554159.8,NA,2880698.9,NA
"2053","P01378_C",553938.6,NA,2880742,NA
"2054","P01378_E",553957.8,NA,2880747.6,NA
"2055","P01378_N",553932.8,NA,2880762.2,NA
"2056","P01379_C",553554.4,NA,2880915.8,NA
"2057","P01379_E",553581.3,NA,2880923.5,NA
"2058","P01379_N",553546.7,NA,2880942.7,NA
"2059","P01380_C",553574.5,NA,2880746.7,NA
"2060","P01380_E",553599.5,NA,2880753.9,NA
"2061","P01380_N",553571.8,NA,2880756.3,NA
"2062","P01426_C",519042,NA,2800772.1,NA
"2063","P01426_E",519052.8,NA,2800774.4,NA
"2064","P01426_N",519036.9,NA,2800795.5,NA
"2065","P01427_C",519088,NA,2800757.1,NA
"2066","P01427_E",519109.5,NA,2800761.7,NA
"2067","P01427_N",519080.6,NA,2800791.3,NA
"2068","P01428_C",519044,NA,2800755.1,NA
"2069","P01428_E",519073.3,NA,2800761.4,NA
"2070","P01428_N",519041.3,NA,2800767.8,NA
"2071","P01429_C",518937,NA,2800876.1,NA
"2072","P01429_E",518959.5,NA,2800880.9,NA
"2073","P01429_N",518930.2,NA,2800907.3,NA
"2074","P01430_C",518978,NA,2800820.1,NA
"2075","P01430_E",518989.7,NA,2800822.6,NA
"2076","P01430_N",518975.5,NA,2800831.8,NA
"2077","P01431_C",519387,NA,2800674.1,NA
"2078","P01431_E",519391.9,NA,2800675.1,NA
"2079","P01431_N",519381.1,NA,2800701.4,NA
"2080","P01432_C",519499,NA,2800674.1,NA
"2081","P01432_E",519507.8,NA,2800676,NA
"2082","P01432_N",519497.9,NA,2800679,NA
"2083","P01433_C",519488,NA,2800541.1,NA
"2084","P01433_E",519516.3,NA,2800547.2,NA
"2085","P01433_N",519482.9,NA,2800564.5,NA
"2086","P01434_C",519453,NA,2800790.1,NA
"2087","P01434_E",519469.6,NA,2800793.7,NA
"2088","P01434_N",519446.7,NA,2800819.4,NA
"2089","P01435_C",519184,NA,2800591.1,NA
"2090","P01435_E",519205.5,NA,2800595.7,NA
"2091","P01435_N",519177.2,NA,2800622.3,NA
"2092","P01436_C",520205,NA,2800318.1,NA
"2093","P01436_E",520210.9,NA,2800319.3,NA
"2094","P01436_N",520204.2,NA,2800322,NA
"2095","P01437_C",520329,NA,2800279.1,NA
"2096","P01437_E",520337.8,NA,2800281,NA
"2097","P01437_N",520326.9,NA,2800288.8,NA
"2098","P01438_C",520224,NA,2800177.1,NA
"2099","P01438_E",520239.6,NA,2800180.4,NA
"2100","P01438_N",520220.2,NA,2800194.7,NA
"2101","P01439_C",520218,NA,2800402.1,NA
"2102","P01439_E",520244.4,NA,2800407.8,NA
"2103","P01439_N",520216.5,NA,2800408.9,NA
"2104","P01440_C",520082,NA,2800285.1,NA
"2105","P01440_E",520104.5,NA,2800289.9,NA
"2106","P01440_N",520075.4,NA,2800315.4,NA
"2107","P01441_C",519784,NA,2802147.1,NA
"2108","P01441_E",519803.5,NA,2802151.3,NA
"2109","P01441_N",519782.3,NA,2802154.9,NA
"2110","P01442_C",519917,NA,2802281.1,NA
"2111","P01442_E",519951.2,NA,2802288.5,NA
"2112","P01442_N",519916.4,NA,2802284,NA
"2113","P01443_C",519814,NA,2802035.1,NA
"2114","P01443_E",519818.9,NA,2802036.1,NA
"2115","P01443_N",519807.4,NA,2802065.4,NA
"2116","P01444_C",519719,NA,2802215.1,NA
"2117","P01444_E",519751.3,NA,2802222,NA
"2118","P01444_N",519715.4,NA,2802231.7,NA
"2119","P01445_C",519629,NA,2802183.1,NA
"2120","P01445_E",519639.8,NA,2802185.4,NA
"2121","P01445_N",519627.3,NA,2802190.9,NA
"2122","P01446_C",519698,NA,2801431.1,NA
"2123","P01446_E",519704.8,NA,2801432.5,NA
"2124","P01446_N",519692.1,NA,2801458.4,NA
"2125","P01447_C",519746,NA,2801395.1,NA
"2126","P01447_E",519779.2,NA,2801402.3,NA
"2127","P01447_N",519739.7,NA,2801424.4,NA
"2128","P01448_C",519649,NA,2801277.1,NA
"2129","P01448_E",519672.5,NA,2801282.1,NA
"2130","P01448_N",519642,NA,2801309.3,NA
"2131","P01449_C",519696,NA,2801551.1,NA
"2132","P01449_E",519729.2,NA,2801558.3,NA
"2133","P01449_N",519693,NA,2801564.7,NA
"2134","P01450_C",519643,NA,2801376.1,NA
"2135","P01450_E",519646.9,NA,2801376.9,NA
"2136","P01450_N",519641.5,NA,2801382.9,NA
"2137","P01451_C",520386,NA,2801445.1,NA
"2138","P01451_E",520397.7,NA,2801447.6,NA
"2139","P01451_N",520379.9,NA,2801473.4,NA
"2140","P01452_C",520452,NA,2801474.1,NA
"2141","P01452_E",520464.7,NA,2801476.8,NA
"2142","P01452_N",520449.5,NA,2801485.8,NA
"2143","P01453_C",520403,NA,2801262.1,NA
"2144","P01453_E",520436.2,NA,2801269.3,NA
"2145","P01453_N",520395.8,NA,2801295.3,NA
"2146","P01454_C",520420,NA,2801649.1,NA
"2147","P01454_E",520433.7,NA,2801652,NA
"2148","P01454_N",520417,NA,2801662.7,NA
"2149","P01455_C",520283,NA,2801487.1,NA
"2150","P01455_E",520299.6,NA,2801490.7,NA
"2151","P01455_N",520280,NA,2801500.7,NA
"2152","P01456_C",520429,NA,2800898.1,NA
"2153","P01456_E",520452.5,NA,2800903.1,NA
"2154","P01456_N",520425,NA,2800916.6,NA
"2155","P01457_C",520472,NA,2800840.1,NA
"2156","P01457_E",520481.8,NA,2800842.2,NA
"2157","P01457_N",520466.5,NA,2800865.5,NA
"2158","P01458_C",520466,NA,2800761.1,NA
"2159","P01458_E",520475.8,NA,2800763.2,NA
"2160","P01458_N",520465.2,NA,2800765,NA
"2161","P01459_C",520596,NA,2800900.1,NA
"2162","P01459_E",520603.8,NA,2800901.8,NA
"2163","P01459_N",520592,NA,2800918.6,NA
"2164","P01460_C",520323,NA,2800807.1,NA
"2165","P01460_E",520342.5,NA,2800811.3,NA
"2166","P01460_N",520322.2,NA,2800811,NA
"2167","P01461_C",520058,NA,2802921.1,NA
"2168","P01461_E",520073.6,NA,2802924.4,NA
"2169","P01461_N",520056.9,NA,2802926,NA
"2170","P01462_C",520198,NA,2802922.1,NA
"2171","P01462_E",520207.8,NA,2802924.2,NA
"2172","P01462_N",520192.1,NA,2802949.4,NA
"2173","P01463_C",520011,NA,2802705.1,NA
"2174","P01463_E",520024.7,NA,2802708,NA
"2175","P01463_N",520008.3,NA,2802717.8,NA
"2176","P01464_C",520119,NA,2803003.1,NA
"2177","P01464_E",520128.8,NA,2803005.2,NA
"2178","P01464_N",520117.3,NA,2803010.9,NA
"2179","P01465_C",519971,NA,2802829.1,NA
"2180","P01465_E",519979.8,NA,2802831,NA
"2181","P01465_N",519968.5,NA,2802840.8,NA
"2182","P01466_C",520459,NA,2802162.1,NA
"2183","P01466_E",520482.5,NA,2802167.1,NA
"2184","P01466_N",520453.1,NA,2802189.4,NA
"2185","P01467_C",519629,NA,2802254.1,NA
"2186","P01467_E",519635.8,NA,2802255.5,NA
"2187","P01467_N",519626.7,NA,2802264.8,NA
"2188","P01468_C",520457,NA,2802073.1,NA
"2189","P01468_E",520469.7,NA,2802075.8,NA
"2190","P01468_N",520449.8,NA,2802106.3,NA
"2191","P01469_C",520496,NA,2802339.1,NA
"2192","P01469_E",520516.5,NA,2802343.5,NA
"2193","P01469_N",520493.9,NA,2802348.8,NA
"2194","P01470_C",520369,NA,2802514.1,NA
"2195","P01470_E",520379.8,NA,2802516.4,NA
"2196","P01470_N",520366.3,NA,2802526.8,NA
"2197","P01471_C",520916,NA,2802290.1,NA
"2198","P01471_E",520931.6,NA,2802293.4,NA
"2199","P01471_N",520912.2,NA,2802307.7,NA
"2200","P01472_C",521036,NA,2802395.1,NA
"2201","P01472_E",521050.7,NA,2802398.2,NA
"2202","P01472_N",521032,NA,2802413.6,NA
"2203","P01473_C",520917,NA,2802204.1,NA
"2204","P01473_E",520944.4,NA,2802210,NA
"2205","P01473_N",520909.8,NA,2802237.3,NA
"2206","P01475_C",520810,NA,2802202.1,NA
"2207","P01475_E",520839.3,NA,2802208.4,NA
"2208","P01475_N",520803.2,NA,2802233.3,NA
"2209","P01501_C",543958.733333333,0.230940107689293,2886728.06666667,0.0577350269727325
"2210","P01501_E",543981.066666667,0.0577350269055201,2886736.2,0.173205080649348
"2211","P01501_N",543954.066666667,0.0577350269055201,2886740.2,0.173205080649348
"2212","P01502_C",543974.2,NA,2887026.4,NA
"2213","P01502_E",543999.6,NA,2887035.7,NA
"2214","P01502_N",543965,NA,2887051.8,NA
"2215","P01503_C",544178.133333333,0.11547005381104,2886661.06666667,0.0577350269727325
"2216","P01503_E",544193.133333333,0.11547005381104,2886666.73333333,0.23094010762208
"2217","P01503_N",544170,0,2886683.8,0.173205080649348
"2218","P01504_C",543777.933333333,0.0577350269055201,2886749,0
"2219","P01504_E",543786.266666667,0.230940107689293,2886752.06666667,0.0577350269727325
"2220","P01504_N",543773.333333333,0.288675134594813,2886761.13333333,0.115470053945465
"2221","P01505_C",544004.1,NA,2886417.4,NA
"2222","P01505_E",544033.2,NA,2886428,NA
"2223","P01505_N",543992.1,NA,2886450.3,NA
"2224","P01506_C",544213,NA,2887061.2,NA
"2225","P01506_E",544227.1,NA,2887066.3,NA
"2226","P01506_N",544205.4,NA,2887081.8,NA
"2227","P01507_C",544312.066666667,0.0577350269055201,2887316.86666667,0.115470053945465
"2228","P01507_E",544345,0,2887328.93333333,0.0577350269727325
"2229","P01507_N",544300.266666667,0.230940107689293,2887348.86666667,0.115470053945465
"2230","P01508_C",544316.733333333,0.230940107689293,2886821.73333333,0.23094010762208
"2231","P01508_E",544326,0,2886825,0
"2232","P01508_N",544311.266666667,0.230940107689293,2886835.8,0.173205080649348
"2233","P01509_C",544112.9,NA,2887091.6,NA
"2234","P01509_E",544127,NA,2887096.7,NA
"2235","P01509_N",544108.1,NA,2887104.7,NA
"2236","P01510_C",544147.066666667,0.0577350269055201,2886842.66666667,0.288675134594813
"2237","P01510_E",544155.666666667,0.288675134594813,2886845.73333333,0.23094010762208
"2238","P01510_N",544137.866666667,0.11547005381104,2886867.93333333,0.0577350269727325
"2239","P01511_C",544622.2,0.173205080783773,2886754.93333333,0.0577350269727325
"2240","P01511_E",544637.266666667,0.230940107689293,2886760.26666667,0.23094010762208
"2241","P01511_N",544617.666666667,0.288675134594813,2886768.06666667,0.0577350269727325
"2242","P01512_C",544704.3,NA,2887139.8,NA
"2243","P01512_E",544735.3,NA,2887151.1,NA
"2244","P01512_N",544703.3,NA,2887142.6,NA
"2245","P01513_C",544750.133333333,0.11547005381104,2886727.8,0.173205080649348
"2246","P01513_E",544754.933333333,0.0577350269055201,2886729.26666667,0.23094010762208
"2247","P01513_N",544739.666666667,0.288675134594813,2886756.86666667,0.115470053945465
"2248","P01514_C",544460.4,NA,2887006.6,NA
"2249","P01514_E",544466,NA,2887008.7,NA
"2250","P01514_N",544450.7,NA,2887032.9,NA
"2251","P01515_C",544528.333333333,0.288675134594813,2886585.26666667,0.23094010762208
"2252","P01515_E",544549.066666667,0.0577350269055201,2886593,0
"2253","P01515_N",544526.066666667,0.0577350269055201,2886592,0
"2254","P01516_C",545174.05,0.0707106781021911,2887842.4,0.565685424817529
"2255","P01516_E",545190.5,0.707106781186548,2887848.5,0.707106781186548
"2256","P01516_N",545168.15,0.212132034388891,2887858.4,0.565685424817529
"2257","P01517_C",545130.1,0.141421356204382,2886888.5,0.707106781186548
"2258","P01517_E",545146.05,0.0707106781021911,2886894.4,0.565685424817529
"2259","P01517_N",545125,0,2886903.05,0.0707106781845092
"2260","P01518_C",545484.4,0,2888065.4,0
"2261","P01518_E",545503.2,0,2888072.2,0
"2262","P01518_N",545483,0,2888069.1,0
"2263","P01519_C",544884.8,NA,2887980.2,NA
"2264","P01519_E",544887.6,NA,2887981.3,NA
"2265","P01519_N",544877.5,NA,2887999.9,NA
"2266","P01520_C",545172.05,0.0707106781021911,2887608.5,0.707106781186548
"2267","P01520_E",545186.1,0.141421356204382,2887614.05,0.0707106781845092
"2268","P01520_N",545162.25,0.353553390593274,2887635.15,0.212132034224255
"2269","P01521_C",543302.7,NA,2887654.9,NA
"2270","P01521_E",543314.9,NA,2887659.4,NA
"2271","P01521_N",543298.9,NA,2887665.2,NA
"2272","P01522_C",543319,0,2887778,0
"2273","P01522_E",543324.6,0,2887780.1,0
"2274","P01522_N",543315.5,0,2887787.4,0
"2275","P01523_C",543578.1,NA,2887532.8,NA
"2276","P01523_E",543582.8,NA,2887534.5,NA
"2277","P01523_N",543574.3,NA,2887543.1,NA
"2278","P01524_C",543238.5,NA,2887762.4,NA
"2279","P01524_E",543251.6,NA,2887767.2,NA
"2280","P01524_N",543231.6,NA,2887781.2,NA
"2281","P01525_C",543578.066666667,0.0577350269055201,2887532.86666667,0.115470053945465
"2282","P01525_E",543611,0,2887544.86666667,0.115470053945465
"2283","P01525_N",543569.666666667,0.288675134594813,2887556.2,0.173205080649348
"2284","P01526_C",543870.35,0.494974746797656,2887259.5,0.707106781186548
"2285","P01526_E",543885.35,0.494974746797656,2887265.25,0.353553390593274
"2286","P01526_N",543861.35,0.494974746797656,2887284.2,0.282842712408765
"2287","P01527_C",543981.1,0.141421356204382,2887414.1,0.141421356369018
"2288","P01527_E",544009.2,0.282842712491083,2887424.25,0.353553390593274
"2289","P01527_N",543969.45,0.636396103084356,2887445.1,0.141421356369018
"2290","P01528_C",543966,0,2887001.93333333,0.0577350269727325
"2291","P01528_E",543980.066666667,0.0577350269055201,2887007,0
"2292","P01528_N",543959.866666667,0.11547005381104,2887018.86666667,0.115470053945465
"2293","P01529_C",543678.9,NA,2887280.9,NA
"2294","P01529_E",543704.3,NA,2887290.1,NA
"2295","P01529_N",543675.5,NA,2887290.3,NA
"2296","P01530_C",543876.5,NA,2887180,NA
"2297","P01530_E",543900,NA,2887188.6,NA
"2298","P01530_N",543865.5,NA,2887210.1,NA
"2299","P01531_C",544668.866666667,0.11547005381104,2887794.93333333,0.0577350269727325
"2300","P01531_E",544700.8,0.173205080783773,2887806.73333333,0.23094010762208
"2301","P01531_N",544658.066666667,0.0577350269055201,2887824,0
"2302","P01532_C",544743,0,2888025.93333333,0.0577350269727325
"2303","P01532_E",544774,0,2888037.13333333,0.115470053945465
"2304","P01532_N",544735.8,0.173205080783773,2888045.73333333,0.23094010762208
"2305","P01533_C",544868.933333333,0.0577350269055201,2887749.26666667,0.23094010762208
"2306","P01533_E",544883,0,2887754.73333333,0.23094010762208
"2307","P01533_N",544862.266666667,0.230940107689293,2887767.2,0.173205080649348
"2308","P01534_C",544382.3,NA,2887901.6,NA
"2309","P01534_E",544397.3,NA,2887907.1,NA
"2310","P01534_N",544380.3,NA,2887907.2,NA
"2311","P01535_C",544619.2,NA,2887668.6,NA
"2312","P01535_E",544631.4,NA,2887673.1,NA
"2313","P01535_N",544615.1,NA,2887679.9,NA
"2314","P01536_C",544729.333333333,0.288675134594813,2887915.06666667,0.0577350269727325
"2315","P01536_E",544752,0,2887923.2,0.173205080649348
"2316","P01536_N",544720.666666667,0.288675134594813,2887939.33333333,0.288675134594813
"2317","P01537_C",544734,0,2888204.2,0.173205080649348
"2318","P01537_E",544738.8,0.173205080783773,2888206,0
"2319","P01537_N",544726.333333333,0.288675134594813,2888224.93333333,0.0577350269727325
"2320","P01538_C",544901.6,NA,2887918.8,NA
"2321","P01538_E",544923.2,NA,2887926.7,NA
"2322","P01538_N",544897.5,NA,2887930,NA
"2323","P01539_C",544690.4,NA,2887973.4,NA
"2324","P01539_E",544709.2,NA,2887980.3,NA
"2325","P01539_N",544684.9,NA,2887988.4,NA
"2326","P01540_C",544600.066666667,0.0577350269055201,2887563.93333333,0.0577350269727325
"2327","P01540_E",544621.8,0.173205080783773,2887571.86666667,0.115470053945465
"2328","P01540_N",544590.133333333,0.11547005381104,2887591.13333333,0.115470053945465
"2329","P01541_C",542506.6,0,2888206,0
"2330","P01541_E",542523.5,0,2888212.2,0
"2331","P01541_N",542504.5,0,2888211.7,0
"2332","P01542_C",542527.8,0,2888513.7,0
"2333","P01542_E",542548.4,0,2888521.3,0
"2334","P01542_N",542520.9,0,2888532.5,0
"2335","P01543_C",542728.7,NA,2888231.4,NA
"2336","P01543_E",542755.9,NA,2888241.3,NA
"2337","P01543_N",542717.7,NA,2888261.4,NA
"2338","P01544_C",542381.7,NA,2888156.4,NA
"2339","P01544_E",542409.9,NA,2888166.7,NA
"2340","P01544_N",542379.3,NA,2888163,NA
"2341","P01545_C",542426.6,NA,2888036.6,NA
"2342","P01545_E",542449.1,NA,2888044.8,NA
"2343","P01545_N",542422.1,NA,2888048.8,NA
"2344","P01546_C",543787.8,0.173205080783773,2888797.93333333,0.0577350269727325
"2345","P01546_E",543813.066666667,0.0577350269055201,2888807.06666667,0.0577350269727325
"2346","P01546_N",543783.733333333,0.230940107689293,2888809.06666667,0.0577350269727325
"2347","P01547_C",543917.333333333,0.288675134594813,2889019.86666667,0.115470053945465
"2348","P01547_E",543949.266666667,0.230940107689293,2889031.33333333,0.288675134594813
"2349","P01547_N",543916.333333333,0.288675134594813,2889022.73333333,0.23094010762208
"2350","P01548_C",543860.666666667,0.288675134594813,2888613.66666667,0.288675134594813
"2351","P01548_E",543871.866666667,0.11547005381104,2888617.8,0.173205080649348
"2352","P01548_N",543853.2,0.173205080783773,2888633.2,0.173205080649348
"2353","P01549_C",543610.066666667,0.0577350269055201,2888748,0
"2354","P01549_E",543619.666666667,0.288675134594813,2888751.33333333,0.288675134594813
"2355","P01549_N",543606,0,2888759.2,0.173205080649348
"2356","P01550_C",543763.1,NA,2888677.8,NA
"2357","P01550_E",543793.2,NA,2888688.8,NA
"2358","P01550_N",543754.9,NA,2888700.3,NA
"2359","P01551_C",544348.133333333,0.11547005381104,2889778,0
"2360","P01551_E",544354.8,0.173205080783773,2889780.33333333,0.288675134594813
"2361","P01551_N",544342.2,0.173205080783773,2889794,0
"2362","P01552_C",544348.133333333,0.11547005381104,2889778,0
"2363","P01552_E",544380.066666667,0.0577350269055201,2889789.8,0.173205080649348
"2364","P01552_N",544347.066666667,0.0577350269055201,2889780.93333333,0.0577350269727325
"2365","P01553_C",544504.933333333,0.0577350269055201,2889424.86666667,0.115470053945465
"2366","P01553_E",544511.266666667,0.230940107689293,2889427.13333333,0.115470053945465
"2367","P01553_N",544500.066666667,0.0577350269055201,2889438,0
"2368","P01554_C",544124.066666667,0.0577350269055201,2889515.86666667,0.115470053945465
"2369","P01554_E",544147.733333333,0.230940107689293,2889524.26666667,0.23094010762208
"2370","P01554_N",544121.266666667,0.230940107689293,2889523.2,0.173205080649348
"2371","P01555_C",544141.15,0.212132034388891,2889362,0
"2372","P01555_E",544169.25,0.353553390593274,2889372.15,0.212132034224255
"2373","P01555_N",544133,0,2889384.3,0.424264068777783
"2374","P01556_C",545083.5,NA,2888431.9,NA
"2375","P01556_E",545111.7,NA,2888442.1,NA
"2376","P01556_N",545075.3,NA,2888454.4,NA
"2377","P01557_C",544084.066666667,0.0577350269055201,2889832.66666667,0.288675134594813
"2378","P01557_E",544114.133333333,0.11547005381104,2889843.66666667,0.288675134594813
"2379","P01557_N",544083.066666667,0.0577350269055201,2889835.2,0.173205080649348
"2380","P01558_C",544163.25,0.353553390593274,2889374.2,0.282842712408765
"2381","P01558_E",544169.05,0.0707106781021911,2889376.25,0.353553390593274
"2382","P01558_N",544157.3,0.424264068695465,2889390.2,0.282842712408765
"2383","P01559_C",543979.5,NA,2889570.7,NA
"2384","P01559_E",544007.7,NA,2889581,NA
"2385","P01559_N",543971.3,NA,2889593.2,NA
"2386","P01560_C",543891.266666667,0.230940107689293,2889358.06666667,0.0577350269727325
"2387","P01560_E",543912,0,2889365.8,0.173205080649348
"2388","P01560_N",543885.133333333,0.11547005381104,2889375,0
"2389","P01561_C",543109.866666667,0.11547005381104,2888872.66666667,0.288675134594813
"2390","P01561_E",543123,0,2888877.2,0.173205080649348
"2391","P01561_N",543107.066666667,0.0577350269055201,2888880,0
"2392","P01562_C",543237.3,NA,2888946.8,NA
"2393","P01562_E",543266.4,NA,2888957.4,NA
"2394","P01562_N",543232.9,NA,2888959,NA
"2395","P01563_C",543318.2,0.173205080783773,2888824,0
"2396","P01563_E",543322,0,2888825.26666667,0.23094010762208
"2397","P01563_N",543316.733333333,0.230940107689293,2888828.8,0.173205080649348
"2398","P01564_C",542845.133333333,0.11547005381104,2889117.8,0.173205080649348
"2399","P01564_E",542863,0,2889124.2,0.173205080649348
"2400","P01564_N",542840,0,2889131.86666667,0.115470053945465
"2401","P01565_C",543056.933333333,0.0577350269055201,2889770.73333333,0.23094010762208
"2402","P01565_E",543069.066666667,0.0577350269055201,2889775.06666667,0.0577350269727325
"2403","P01565_N",543047.733333333,0.230940107689293,2889796,0
"2404","P01566_C",542870.7,0,2888951.7,0
"2405","P01566_E",542888.6,0,2888958.2,0
"2406","P01566_N",542865.6,0,2888965.8,0
"2407","P01567_C",543700.5,NA,2888935.3,NA
"2408","P01567_E",543721.2,NA,2888942.8,NA
"2409","P01567_N",543695.1,NA,2888950.3,NA
"2410","P01568_C",542934.933333333,0.0577350269055201,2888844.13333333,0.115470053945465
"2411","P01568_E",542946.133333333,0.11547005381104,2888848.26666667,0.23094010762208
"2412","P01568_N",542931.666666667,0.288675134594813,2888853.73333333,0.23094010762208
"2413","P01569_C",542667.3,0,2889163.3,0
"2414","P01569_E",542675.7,0,2889166.4,0
"2415","P01569_N",542660.8,0,2889181.1,0
"2416","P01570_C",542915.8,0,2888764.2,0
"2417","P01570_E",542939.2,0,2888772.8,0
"2418","P01570_N",542913.4,0,2888770.8,0
"2419","P01571_C",543620.8,0.173205080783773,2889747.93333333,0.0577350269727325
"2420","P01571_E",543629.066666667,0.0577350269055201,2889751,0
"2421","P01571_N",543609.8,0.173205080783773,2889778,0
"2422","P01572_C",543669.9,NA,2889969.6,NA
"2423","P01572_E",543697.1,NA,2889979.5,NA
"2424","P01572_N",543663.4,NA,2889987.4,NA
"2425","P01573_C",543791,0,2889471.73333333,0.23094010762208
"2426","P01573_E",543807.933333333,0.0577350269055201,2889477.86666667,0.115470053945465
"2427","P01573_N",543787.133333333,0.11547005381104,2889481.93333333,0.0577350269727325
"2428","P01574_C",543503.9,NA,2889784.4,NA
"2429","P01574_E",543524.6,NA,2889792,NA
"2430","P01574_N",543493.3,NA,2889813.5,NA
"2431","P01575_C",543432.266666667,0.230940107689293,2889581.06666667,0.0577350269727325
"2432","P01575_E",543451.133333333,0.11547005381104,2889588,0
"2433","P01575_N",543425.666666667,0.288675134594813,2889599.93333333,0.0577350269727325
"2434","P01576_C",544628,NA,2889148.4,NA
"2435","P01576_E",544660.9,NA,2889160.4,NA
"2436","P01576_N",544619.4,NA,2889171.8,NA
"2437","P01577_C",544629.8,0.173205080783773,2889462.06666667,0.0577350269727325
"2438","P01577_E",544645.8,0.173205080783773,2889468,0
"2439","P01577_N",544618.8,0.173205080783773,2889492.13333333,0.115470053945465
"2440","P01578_C",544669.866666667,0.11547005381104,2889120.86666667,0.115470053945465
"2441","P01578_E",544680.066666667,0.0577350269055201,2889124.73333333,0.23094010762208
"2442","P01578_N",544660.066666667,0.0577350269055201,2889147.06666667,0.0577350269727325
"2443","P01579_C",544302.4,NA,2889350.3,NA
"2444","P01579_E",544320.2,NA,2889356.8,NA
"2445","P01579_N",544290.7,NA,2889382.2,NA
"2446","P01580_C",543839.266666667,0.230940107689293,2889108.86666667,0.115470053945465
"2447","P01580_E",543864.866666667,0.11547005381104,2889118,0
"2448","P01580_N",543831.933333333,0.0577350269055201,2889129.26666667,0.23094010762208
"2449","P01601_C",532826,NA,2820223.1,NA
"2450","P01601_E",532839.7,NA,2820214.8,NA
"2451","P01601_N",532836.8,NA,2820241.1,NA
"2452","P01602_C",532969,NA,2820259.1,NA
"2453","P01602_E",532973.3,NA,2820256.5,NA
"2454","P01602_N",532973.6,NA,2820266.8,NA
"2455","P01603_C",532805,NA,2820069.1,NA
"2456","P01603_E",532825.6,NA,2820056.7,NA
"2457","P01603_N",532809.1,NA,2820075.9,NA
"2458","P01604_C",532838,NA,2820416.1,NA
"2459","P01604_E",532850.9,NA,2820408.3,NA
"2460","P01604_N",532856,NA,2820446.1,NA
"2461","P01605_C",532722,NA,2820148.1,NA
"2462","P01605_E",532746,NA,2820133.7,NA
"2463","P01605_N",532726.1,NA,2820154.9,NA
"2464","P01606_C",532955,NA,2819561.1,NA
"2465","P01606_E",532981.6,NA,2819545.1,NA
"2466","P01606_N",532969.9,NA,2819585.9,NA
"2467","P01607_C",533099,NA,2819557.1,NA
"2468","P01607_E",533119.6,NA,2819544.7,NA
"2469","P01607_N",533117,NA,2819587.1,NA
"2470","P01608_C",532958,NA,2819559.1,NA
"2471","P01608_E",532974.3,NA,2819549.3,NA
"2472","P01608_N",532970.4,NA,2819579.6,NA
"2473","P01609_C",532918,NA,2819724.1,NA
"2474","P01609_E",532942.9,NA,2819709.1,NA
"2475","P01609_N",532920.1,NA,2819727.5,NA
"2476","P01610_C",532850,NA,2819459.1,NA
"2477","P01610_E",532875.7,NA,2819443.6,NA
"2478","P01610_N",532865.5,NA,2819484.8,NA
"2479","P01611_C",533209,NA,2819366.1,NA
"2480","P01611_E",533221.9,NA,2819358.4,NA
"2481","P01611_N",533216.7,NA,2819378.9,NA
"2482","P01612_C",533370,NA,2819452.1,NA
"2483","P01612_E",533392.3,NA,2819438.7,NA
"2484","P01612_N",533376.2,NA,2819462.4,NA
"2485","P01613_C",533236,NA,2819339.1,NA
"2486","P01613_E",533253.1,NA,2819328.8,NA
"2487","P01613_N",533249.4,NA,2819361.4,NA
"2488","P01614_C",533203,NA,2819362.1,NA
"2489","P01614_E",533210.7,NA,2819357.4,NA
"2490","P01614_N",533205.1,NA,2819365.5,NA
"2491","P01615_C",533045,NA,2819344.1,NA
"2492","P01615_E",533069,NA,2819329.7,NA
"2493","P01615_N",533053.2,NA,2819357.8,NA
"2494","P01621_C",533216,NA,2820751.1,NA
"2495","P01621_E",533243.4,NA,2820734.6,NA
"2496","P01621_N",533226.3,NA,2820768.2,NA
"2497","P01622_C",533325,NA,2820749.1,NA
"2498","P01622_E",533355,NA,2820731,NA
"2499","P01622_N",533342.5,NA,2820778.2,NA
"2500","P01623_C",533183,NA,2820687.1,NA
"2501","P01623_E",533194.1,NA,2820680.4,NA
"2502","P01623_N",533200.5,NA,2820716.2,NA
"2503","P01624_C",533104,NA,2820837.1,NA
"2504","P01624_E",533130.6,NA,2820821.1,NA
"2505","P01624_N",533117.9,NA,2820860.2,NA
"2506","P01625_C",533143,NA,2820776.1,NA
"2507","P01625_E",533159.3,NA,2820766.3,NA
"2508","P01625_N",533155.9,NA,2820797.5,NA
"2509","P01626_C",533595,NA,2820792.1,NA
"2510","P01626_E",533607.9,NA,2820784.4,NA
"2511","P01626_N",533606.8,NA,2820811.8,NA
"2512","P01627_C",533737,NA,2820934.1,NA
"2513","P01627_E",533762.7,NA,2820918.6,NA
"2514","P01627_N",533747.3,NA,2820951.2,NA
"2515","P01628_C",533706,NA,2820698.1,NA
"2516","P01628_E",533731.7,NA,2820682.6,NA
"2517","P01628_N",533723.5,NA,2820727.2,NA
"2518","P01629_C",533506,NA,2820884.1,NA
"2519","P01629_E",533512.9,NA,2820880,NA
"2520","P01629_N",533509.1,NA,2820889.2,NA
"2521","P01630_C",533475,NA,2820869.1,NA
"2522","P01630_E",533482.7,NA,2820864.4,NA
"2523","P01630_N",533484.3,NA,2820884.5,NA
"2524","P01631_C",534089,NA,2820559.1,NA
"2525","P01631_E",534104.4,NA,2820549.8,NA
"2526","P01631_N",534099.3,NA,2820576.2,NA
"2527","P01632_C",534207,NA,2820562.1,NA
"2528","P01632_E",534213.9,NA,2820558,NA
"2529","P01632_N",534212.7,NA,2820571.5,NA
"2530","P01633_C",534111,NA,2820504.1,NA
"2531","P01633_E",534129.9,NA,2820492.7,NA
"2532","P01633_N",534120.3,NA,2820519.5,NA
"2533","P01634_C",534049,NA,2820649.1,NA
"2534","P01634_E",534072.1,NA,2820635.2,NA
"2535","P01634_N",534059.8,NA,2820667.1,NA
"2536","P01635_C",533939,NA,2820429.1,NA
"2537","P01635_E",533961.3,NA,2820415.7,NA
"2538","P01635_N",533940.5,NA,2820431.6,NA
"2539","P01641_C",533602,NA,2821748.1,NA
"2540","P01641_E",533614.9,NA,2821740.4,NA
"2541","P01641_N",533604.6,NA,2821752.4,NA
"2542","P01642_C",533736,NA,2821851.1,NA
"2543","P01642_E",533764.3,NA,2821834.1,NA
"2544","P01642_N",533739.1,NA,2821856.2,NA
"2545","P01643_C",533590,NA,2821621.1,NA
"2546","P01643_E",533593.4,NA,2821619,NA
"2547","P01643_N",533598.2,NA,2821634.8,NA
"2548","P01644_C",533588,NA,2821947.1,NA
"2549","P01644_E",533600,NA,2821939.9,NA
"2550","P01644_N",533602.9,NA,2821971.9,NA
"2551","P01645_C",533508,NA,2821724.1,NA
"2552","P01645_E",533523.4,NA,2821714.8,NA
"2553","P01645_N",533515.2,NA,2821736.1,NA
"2554","P01646_C",534151,NA,2821521.1,NA
"2555","P01646_E",534173.3,NA,2821507.7,NA
"2556","P01646_N",534153.1,NA,2821524.5,NA
"2557","P01647_C",534323,NA,2821616.1,NA
"2558","P01647_E",534336.7,NA,2821607.8,NA
"2559","P01647_N",534332.3,NA,2821631.5,NA
"2560","P01648_C",534225,NA,2821965.1,NA
"2561","P01648_E",534241.3,NA,2821955.3,NA
"2562","P01648_N",534235.8,NA,2821983.1,NA
"2563","P01649_C",534161,NA,2821685.1,NA
"2564","P01649_E",534190.1,NA,2821667.6,NA
"2565","P01649_N",534163.1,NA,2821688.5,NA
"2566","P01650_C",534025,NA,2821426.1,NA
"2567","P01650_E",534042.1,NA,2821415.8,NA
"2568","P01650_N",534038.9,NA,2821449.2,NA
"2569","P01651_C",534589,NA,2821193.1,NA
"2570","P01651_E",534599.3,NA,2821186.9,NA
"2571","P01651_N",534602.4,NA,2821215.4,NA
"2572","P01652_C",534635,NA,2821197.1,NA
"2573","P01652_E",534653,NA,2821186.3,NA
"2574","P01652_N",534649.4,NA,2821221.1,NA
"2575","P01653_C",534590,NA,2821098.1,NA
"2576","P01653_E",534616.6,NA,2821082.1,NA
"2577","P01653_N",534602.4,NA,2821118.6,NA
"2578","P01654_C",534611,NA,2821387.1,NA
"2579","P01654_E",534623,NA,2821379.9,NA
"2580","P01654_N",534619.2,NA,2821400.8,NA
"2581","P01655_C",534406,NA,2821092.1,NA
"2582","P01655_E",534428.3,NA,2821078.7,NA
"2583","P01655_N",534414.8,NA,2821106.6,NA
"2584","P01701_C",574701.3,0,2925087.9,0
"2585","P01701_E",574722,0,2925091.5,0
"2586","P01701_N",574699,0,2925100.7,0
"2587","P01702_C",574594.8,NA,2924876.8,NA
"2588","P01702_E",574600.7,NA,2924877.8,NA
"2589","P01702_N",574592.7,NA,2924888.6,NA
"2590","P01703_C",574574.9,0,2925049.5,0
"2591","P01703_E",574597.5,0,2925053.5,0
"2592","P01703_N",574571.4,0,2925069.2,0
"2593","P01704_C",574550.9,0,2925065.9,0
"2594","P01704_E",574578.4,0,2925070.8,0
"2595","P01704_N",574547.2,0,2925086.6,0
"2596","P01705_C",575580.6,0,2924937.9,0
"2597","P01705_E",575594.4,0,2924940.4,0
"2598","P01705_N",575579.5,0,2924943.9,0
"2599","P01706_C",575059.2,0,2925091.1,0
"2600","P01706_E",575088.8,0,2925096.3,0
"2601","P01706_N",575054.9,0,2925115.7,0
"2602","P01707_C",574852.6,0,2925293.6,0
"2603","P01707_E",574883.2,0,2925299,0
"2604","P01707_N",574849.5,0,2925311.4,0
"2605","P01708_C",574803.4,0,2925020.9,0
"2606","P01708_E",574822.1,0,2925024.2,0
"2607","P01708_N",574802,0,2925028.8,0
"2608","P01709_C",574990.3,0,2925283.4,0
"2609","P01709_E",575009,0,2925286.7,0
"2610","P01709_N",574985.4,0,2925310.9,0
"2611","P01710_C",574974.2,NA,2925139.3,NA
"2612","P01710_E",574988,NA,2925141.7,NA
"2613","P01710_N",574971.1,NA,2925157,NA
"2614","P01711_C",575497.1,NA,2925062.6,NA
"2615","P01711_E",575504,NA,2925063.8,NA
"2616","P01711_N",575492.9,NA,2925086.3,NA
"2617","P01712_C",575506.5,NA,2924984,NA
"2618","P01712_E",575538,NA,2924989.6,NA
"2619","P01712_N",575501.5,NA,2925012.6,NA
"2620","P01713_C",575775.2,NA,2925076.4,NA
"2621","P01713_E",575785,NA,2925078.2,NA
"2622","P01713_N",575771.6,NA,2925097.1,NA
"2623","P01714_C",575664.1,4.94974746830583,2925061.2,0.282842712408765
"2624","P01714_E",575671.05,4.87903679020364,2925061.8,1.13137084996433
"2625","P01714_N",575663.3,3.81837661842382,2925070.25,0.070710677855237
"2626","P01715_C",575614.2,0,2925148.6,0
"2627","P01715_E",575631,0,2925151.5,0
"2628","P01715_N",575611.5,0,2925164.3,0
"2629","P01716_C",575907.9,0,2924896.7,0
"2630","P01716_E",575917.7,0,2924898.4,0
"2631","P01716_N",575906.8,0,2924902.6,0
"2632","P01717_C",575958.3,0,2925138.4,0
"2633","P01717_E",575983.9,0,2925143,0
"2634","P01717_N",575956.6,0,2925148.3,0
"2635","P01718_C",576014.1,0,2924968.2,0
"2636","P01718_E",576036.8,0,2924972.2,0
"2637","P01718_N",576011.5,0,2924983,0
"2638","P01719_C",575845.1,0,2925060.2,0
"2639","P01719_E",575868.7,0,2925064.4,0
"2640","P01719_N",575840.2,0,2925087.8,0
"2641","P01720_C",575922.6,0,2924928.9,0
"2642","P01720_E",575928.5,0,2924929.9,0
"2643","P01720_N",575920.2,0,2924942.7,0
"2644","P01721_C",574772.1,0.173205080783773,2926425.03333333,0.0577350269727325
"2645","P01721_E",574782.033333333,0.0577350269055201,2926426.96666667,0.0577350269727325
"2646","P01721_N",574770.833333333,0.288675134594813,2926435,0
"2647","P01722_C",574670.933333333,0.11547005381104,2926210.93333333,0.115470053945465
"2648","P01722_E",574678.9,0.173205080783773,2926212.06666667,0.115470053945465
"2649","P01722_N",574668.866666667,0.230940107689293,2926223.86666667,0.23094010762208
"2650","P01723_C",574683,0,2926343.93333333,0.115470053945465
"2651","P01723_E",574703.9,0.173205080783773,2926347.13333333,0.23094010762208
"2652","P01723_N",574681.133333333,0.230940107689293,2926352.86666667,0.23094010762208
"2653","P01724_C",574631.866666667,0.230940107689293,2926102,0
"2654","P01724_E",574651.1,0.173205080783773,2926105.16666667,0.288675134594813
"2655","P01724_N",574626.9,0.173205080783773,2926129.86666667,0.23094010762208
"2656","P01725_C",574757.9,0.173205080783773,2926356.13333333,0.23094010762208
"2657","P01725_E",574781.1,0.173205080783773,2926360.86666667,0.23094010762208
"2658","P01725_N",574753.966666667,0.0577350269055201,2926378.03333333,0.0577350269727325
"2659","P01726_C",574914,NA,2925887.7,NA
"2660","P01726_E",574946.5,NA,2925893.4,NA
"2661","P01726_N",574911.2,NA,2925903.4,NA
"2662","P01727_C",574736.1,0.173205080783773,2925919.96666667,0.0577350269727325
"2663","P01727_E",574757,0,2925923.83333333,0.288675134594813
"2664","P01727_N",574732.933333333,0.11547005381104,2925939.86666667,0.23094010762208
"2665","P01728_C",574858,NA,2925913.9,NA
"2666","P01728_E",574882.6,NA,2925918.3,NA
"2667","P01728_N",574854.5,NA,2925933.6,NA
"2668","P01729_C",574865.833333333,0.288675134594813,2925989.1,0.173205080649348
"2669","P01729_E",574894.033333333,0.0577350269055201,2925994.1,0.173205080649348
"2670","P01729_N",574860.166666667,0.288675134594813,2926017.96666667,0.0577350269727325
"2671","P01730_C",575005.5,NA,2925917,NA
"2672","P01730_E",575020.3,NA,2925919.6,NA
"2673","P01730_N",575003.1,NA,2925930.8,NA
"2674","P01731_C",575555.7,NA,2925944.6,NA
"2675","P01731_E",575582.3,NA,2925949.3,NA
"2676","P01731_N",575551.7,NA,2925967.3,NA
"2677","P01732_C",575534.4,0,2925834.8,0
"2678","P01732_E",575543.3,0,2925836.4,0
"2679","P01732_N",575533.2,0,2925841.7,0
"2680","P01733_C",575674.1,NA,2925981.9,NA
"2681","P01733_E",575689.9,NA,2925984.6,NA
"2682","P01733_N",575670.5,NA,2926002.5,NA
"2683","P01734_C",575674.4,0,2925767,0
"2684","P01734_E",575688.2,0,2925769.4,0
"2685","P01734_N",575668.5,0,2925800.5,0
"2686","P01735_C",575534.9,0,2925931.2,0
"2687","P01735_E",575545.7,0,2925933.1,0
"2688","P01735_N",575532.9,0,2925942,0
"2689","P01736_C",575862.7,NA,2926121.4,NA
"2690","P01736_E",575878.5,NA,2926124.2,NA
"2691","P01736_N",575858.9,NA,2926143.1,NA
"2692","P01737_C",576078.2,0,2926275.6,0
"2693","P01737_E",576090,0,2926277.6,0
"2694","P01737_N",576073,0,2926305.1,0
"2695","P01738_C",576005.8,0,2926047,0
"2696","P01738_E",576040.2,0,2926053,0
"2697","P01738_N",576001.4,0,2926071.6,0
"2698","P01739_C",575816,0,2926268.5,0
"2699","P01739_E",575832.8,0,2926271.4,0
"2700","P01739_N",575810.5,0,2926300,0
"2701","P01740_C",575890.2,0,2926033,0
"2702","P01740_E",575911.8,0,2926036.8,0
"2703","P01740_N",575887.8,0,2926046.8,0
"2704","P01741_C",574785.7,0,2926860.5,0
"2705","P01741_E",574810.3,0,2926864.9,0
"2706","P01741_N",574784.8,0,2926865.4,0
"2707","P01742_C",574738.4,0,2926757.2,0
"2708","P01742_E",574747.3,0,2926758.8,0
"2709","P01742_N",574733,0,2926787.8,0
"2710","P01743_C",574589.933333333,0.11547005381104,2926945.93333333,0.115470053945465
"2711","P01743_E",574607.166666667,0.288675134594813,2926948.96666667,0.0577350269727325
"2712","P01743_N",574586,0,2926967.13333333,0.23094010762208
"2713","P01744_C",574556.066666667,0.11547005381104,2926724,0
"2714","P01744_E",574563.033333333,0.0577350269055201,2926725.1,0.173205080649348
"2715","P01744_N",574551.9,0.173205080783773,2926749.9,0.173205080649348
"2716","P01745_C",574794.2,0,2926938.1,0
"2717","P01745_E",574801.1,0,2926939.3,0
"2718","P01745_N",574792.3,0,2926948.9,0
"2719","P01746_C",574941,0,2927228,0
"2720","P01746_E",574971.6,0,2927233.4,0
"2721","P01746_N",574935.3,0,2927260.5,0
"2722","P01747_C",574814,0,2927298.06666667,0.115470053945465
"2723","P01747_E",574827.933333333,0.11547005381104,2927300.86666667,0.23094010762208
"2724","P01747_N",574813.033333333,0.0577350269055201,2927303.03333333,0.0577350269727325
"2725","P01748_C",NA,NA,NA,NA
"2726","P01748_E",NA,NA,NA,NA
"2727","P01748_N",NA,NA,NA,NA
"2728","P01749_C",NA,NA,NA,NA
"2729","P01749_E",NA,NA,NA,NA
"2730","P01749_N",NA,NA,NA,NA
"2731","P01750_C",NA,NA,NA,NA
"2732","P01750_E",NA,NA,NA,NA
"2733","P01750_N",NA,NA,NA,NA
"2734","P01761_C",574470.9,NA,2928357.3,NA
"2735","P01761_E",574496.5,NA,2928361.8,NA
"2736","P01761_N",574468.3,NA,2928372,NA
"2737","P01762_C",574588.133333333,0.230940107689293,2928206.06666667,0.115470053945465
"2738","P01762_E",574620.966666667,0.0577350269055201,2928211.96666667,0.0577350269727325
"2739","P01762_N",574584.033333333,0.0577350269055201,2928230.93333333,0.115470053945465
"2740","P01763_C",574470.7,0,2928401.6,0
"2741","P01763_E",574495.3,0,2928405.9,0
"2742","P01763_N",574468.9,0,2928411.4,0
"2743","P01764_C",574563,0,2928121.96666667,0.0577350269727325
"2744","P01764_E",574571.966666667,0.0577350269055201,2928123.13333333,0.23094010762208
"2745","P01764_N",574558.933333333,0.11547005381104,2928145.83333333,0.288675134594813
"2746","P01765_C",574466.2,NA,2928315.1,NA
"2747","P01765_E",574484.9,NA,2928318.4,NA
"2748","P01765_N",574464.6,NA,2928324,NA
"2749","P01766_C",574751.1,0.173205080783773,2927796.06666667,0.115470053945465
"2750","P01766_E",574764.033333333,0.0577350269055201,2927798.16666667,0.288675134594813
"2751","P01766_N",574747.933333333,0.11547005381104,2927815.96666667,0.0577350269727325
"2752","P01767_C",574772.066666667,0.11547005381104,2927965.93333333,0.115470053945465
"2753","P01767_E",574788,0,2927968.86666667,0.23094010762208
"2754","P01767_N",574801.3,57.7639160722265,2927990.13333333,0.23094010762208
"2755","P01768_C",574797.2,NA,2927786.5,NA
"2756","P01768_E",574818.9,NA,2927790.4,NA
"2757","P01768_N",574792.7,NA,2927812.1,NA
"2758","P01769_C",574787.8,0.173205080783773,2928041.13333333,0.115470053945465
"2759","P01769_E",574793.7,0,2928042.3,0
"2760","P01769_N",574784.4,0,2928059.9,0
"2761","P01770_C",574765,NA,2927836.2,NA
"2762","P01770_E",574783.7,NA,2927839.5,NA
"2763","P01770_N",574760.3,NA,2927862.8,NA
"2764","P01774_C",575460.9,NA,2927990.9,NA
"2765","P01774_E",575486.5,NA,2927995.4,NA
"2766","P01774_N",575455,NA,2928024.4,NA
"2767","P01775_C",575604.4,0,2928173.4,0
"2768","P01775_E",575613.2,0,2928175,0
"2769","P01775_N",575599.5,0,2928201,0
"2770","P017x1_C",575467.1,24.7683265482484,2928239.03333333,5.60029761124691
"2771","P017x1_E",575490.433333333,33.8904608014041,2928243.13333333,4.04145188432738
"2772","P017x1_N",575478.4,0,2928252.6,0
"2773","P017x2_C",575452.8,24.7683265482484,2928242.26666667,5.60029761124691
"2774","P017x2_E",575470.866666667,33.8904608014041,2928245.46666667,4.04145188432738
"2775","P017x2_N",575437.3,0,2928252.4,0
"2776","P017x3_C",575413,0,2928332.9,0
"2777","P017x3_E",575419,0,2928333.9,0
"2778","P017x3_N",575411,0,2928344.7,0
"2779","P01831_C",523629,0,2837298.1,0
"2780","P01831_E",523656.2,0,2837285.5,0
"2781","P01831_N",523636.2,0,2837313.5,0
"2782","P01832_C",523749,0,2837389.1,0
"2783","P01832_E",523759.9,0,2837384.1,0
"2784","P01832_N",523760.4,0,2837413.6,0
"2785","P01833_C",523575,0,2837168.1,0
"2786","P01833_E",523579.5,0,2837166,0
"2787","P01833_N",523578.4,0,2837175.4,0
"2788","P01834_C",523638,0,2837351.1,0
"2789","P01834_E",523641.6,0,2837349.4,0
"2790","P01834_N",523643.9,0,2837363.8,0
"2791","P01835_C",523532,0,2837204.1,0
"2792","P01835_E",523552.8,0,2837194.4,0
"2793","P01835_N",523534.1,0,2837208.7,0
"2794","P01846_C",523685,NA,2838300.1,NA
"2795","P01846_E",523695.9,NA,2838295.1,NA
"2796","P01846_N",523688,NA,2838306.5,NA
"2797","P01847_C",523783,NA,2838366.1,NA
"2798","P01847_E",523810.2,NA,2838353.5,NA
"2799","P01847_N",523793.1,NA,2838387.9,NA
"2800","P01848_C",523714,NA,2838178.1,NA
"2801","P01848_E",523731.2,NA,2838170.1,NA
"2802","P01848_N",523719.9,NA,2838190.8,NA
"2803","P01849_C",523742,NA,2838469.1,NA
"2804","P01849_E",523746.5,NA,2838467,NA
"2805","P01849_N",523753.8,NA,2838494.5,NA
"2806","P01850_C",523604,NA,2838288.1,NA
"2807","P01850_E",523622.1,NA,2838279.7,NA
"2808","P01850_N",523617.5,NA,2838317.1,NA
"2809","P01851_C",524150,0,2838053.1,0
"2810","P01851_E",524154.5,0,2838051,0
"2811","P01851_N",524155.1,0,2838064,0
"2812","P01852_C",524227,0,2838024.1,0
"2813","P01852_E",524251.5,0,2838012.7,0
"2814","P01852_N",524241.8,0,2838055.9,0
"2815","P01853_C",524207,0,2838008.1,0
"2816","P01853_E",524212.4,0,2838005.6,0
"2817","P01853_N",524219.7,0,2838035.3,0
"2818","P01854_C",524122,0,2838076.1,0
"2819","P01854_E",524138.3,0,2838068.5,0
"2820","P01854_N",524133.4,0,2838100.6,0
"2821","P01855_C",524046,0,2837984.1,0
"2822","P01855_E",524063.2,0,2837976.1,0
"2823","P01855_N",524059.1,0,2838012.2,0
"2824","P01856_C",524565,0,2838313.1,0
"2825","P01856_E",524584.9,0,2838303.8,0
"2826","P01856_N",524573.5,0,2838331.3,0
"2827","P01857_C",524624,0,2838374.1,0
"2828","P01857_E",524642.1,0,2838365.7,0
"2829","P01857_N",524630.3,0,2838387.7,0
"2830","P01859_C",524483,0,2838412.1,0
"2831","P01859_E",524497.5,0,2838405.4,0
"2832","P01859_N",524496.9,0,2838442,0
"2833","P01860_C",524494,0,2838339.1,0
"2834","P01860_E",524513,0,2838330.3,0
"2835","P01860_N",524500.8,0,2838353.6,0
"2836","P01861_C",523737,NA,2839462.1,NA
"2837","P01861_E",523747.9,NA,2839457.1,NA
"2838","P01861_N",523741.6,NA,2839472.1,NA
"2839","P01862_C",523897,NA,2839574.1,NA
"2840","P01862_E",523900.6,NA,2839572.4,NA
"2841","P01862_N",523899.5,NA,2839579.6,NA
"2842","P01863_C",523719,NA,2839285.1,NA
"2843","P01863_E",523749.8,NA,2839270.8,NA
"2844","P01863_N",523730.4,NA,2839309.6,NA
"2845","P01864_C",523678,NA,2839502.1,NA
"2846","P01864_E",523707,NA,2839488.6,NA
"2847","P01864_N",523683.5,NA,2839513.9,NA
"2848","P01865_C",523653,NA,2839399.1,NA
"2849","P01865_E",523663,NA,2839394.5,NA
"2850","P01865_N",523660.6,NA,2839415.5,NA
"2851","P01866_C",524274,0,2839468.1,0
"2852","P01866_E",524289.4,0,2839461,0
"2853","P01866_N",524284.6,0,2839490.8,0
"2854","P01867_C",524340,0,2839475.1,0
"2855","P01867_E",524348.2,0,2839471.3,0
"2856","P01867_N",524343,0,2839481.5,0
"2857","P01869_C",524227,0,2839518.1,0
"2858","P01869_E",524239.7,0,2839512.2,0
"2859","P01869_N",524230.8,0,2839526.3,0
"2860","P01870_C",524209,0,2839490.1,0
"2861","P01870_E",524238.9,0,2839476.2,0
"2862","P01870_N",524218.7,0,2839511,0
"2863","P01871_C",524516,0,2839469.1,0
"2864","P01871_E",524529.6,0,2839462.8,0
"2865","P01871_N",524520.2,0,2839478.2,0
"2866","P01872_C",524576,0,2839534.1,0
"2867","P01872_E",524587.8,0,2839528.6,0
"2868","P01872_N",524580.2,0,2839543.2,0
"2869","P01873_C",524494,0,2839335.1,0
"2870","P01873_E",524525.7,0,2839320.3,0
"2871","P01873_N",524505,0,2839358.7,0
"2872","P01874_C",524500,0,2839638.1,0
"2873","P01874_E",524515.4,0,2839631,0
"2874","P01874_N",524511,0,2839661.7,0
"2875","P01875_C",524343,0,2839395.1,0
"2876","P01875_E",524372.9,0,2839381.2,0
"2877","P01875_N",524348.5,0,2839406.9,0
"2878","P01876_C",525094,0,2839124.1,0
"2879","P01876_E",525119.4,0,2839112.3,0
"2880","P01876_N",525098.2,0,2839133.2,0
"2881","P01877_C",525177,0,2839195.1,0
"2882","P01877_E",525203.3,0,2839182.9,0
"2883","P01877_N",525178.7,0,2839198.8,0
"2884","P01878_C",525162,0,2839073.1,0
"2885","P01878_E",525181.9,0,2839063.8,0
"2886","P01878_N",525166.2,0,2839082.2,0
"2887","P01879_C",525072,0,2839240.1,0
"2888","P01879_E",525079.3,0,2839236.8,0
"2889","P01879_N",525085.5,0,2839269.1,0
"2890","P01880_C",525030,0,2839067.1,0
"2891","P01880_E",525038.2,0,2839063.3,0
"2892","P01880_N",525040.6,0,2839089.8,0
"2893","P01881_C",522834,NA,2837841,NA
"2894","P01881_E",522854,NA,2837831,NA
"2895","P01881_N",522848,NA,2837867,NA
"2896","P01882_C",524452,NA,2839479,NA
"2897","P01882_E",524457,NA,2839476,NA
"2898","P01882_N",524463,NA,2839501,NA
"2899","P01883_C",522042,NA,2836827,NA
"2900","P01883_E",522051,NA,2836822,NA
"2901","P01883_N",522048,NA,2836837,NA
"2902","P01884_C",524992,NA,2838737,NA
"2903","P01884_E",525014,NA,2838726,NA
"2904","P01884_N",525005,NA,2838763,NA
"2905","P01885_C",524265,NA,2839620,NA
"2906","P01885_E",524277,NA,2839614,NA
"2907","P01885_N",524278,NA,2839645,NA
"2908","P01886_C",524450,NA,2838645,NA
"2909","P01886_E",524474,NA,2838633,NA
"2910","P01886_N",524461,NA,2838668,NA
"2911","P01887_C",525092,NA,2838770,NA
"2912","P01887_E",525115,NA,2838758,NA
"2913","P01887_N",525102,NA,2838789,NA
"2914","P01906_C",531298.5,NA,2900365.7,NA
"2915","P01906_E",531319.1,NA,2900369.4,NA
"2916","P01906_N",531296,NA,2900379.5,NA
"2917","P01907_C",531270.3,0,2900547.2,0
"2918","P01907_E",531280.1,0,2900548.9,0
"2919","P01907_N",531267.3,0,2900563.9,0
"2920","P01908_C",531421,0,2900156.8,0
"2921","P01908_E",531438.8,0,2900160,0
"2922","P01908_N",531420.4,0,2900160.8,0
"2923","P01909_C",531142.5,NA,2900586.9,NA
"2924","P01909_E",531168.1,NA,2900591.4,NA
"2925","P01909_N",531139.8,NA,2900602.6,NA
"2926","P01910_C",531115.8,0,2900165.3,0
"2927","P01910_E",531144.4,0,2900170.4,0
"2928","P01910_N",531110.8,0,2900193.9,0
"2929","P01911_C",532164.8,NA,2900112.5,NA
"2930","P01911_E",532191.4,NA,2900117.2,NA
"2931","P01911_N",532159.8,NA,2900141.1,NA
"2932","P01912_C",532328.4,0,2900162.1,0
"2933","P01912_E",532332.3,0,2900162.8,0
"2934","P01912_N",532325.8,0,2900176.9,0
"2935","P01913_C",532248.3,0,2900011.2,0
"2936","P01913_E",532260.1,0,2900013.3,0
"2937","P01913_N",532246.7,0,2900020.1,0
"2938","P01914_C",531923.4,0,2900096.5,0
"2939","P01914_E",531931.3,0,2900097.9,0
"2940","P01914_N",531922.4,0,2900102.4,0
"2941","P01915_C",532034.7,NA,2899970.7,NA
"2942","P01915_E",532055.4,NA,2899974.3,NA
"2943","P01915_N",532029.3,NA,2900001.2,NA
"2944","P01916_C",532199.6,0,2900632.5,0
"2945","P01916_E",532221.2,0,2900636.3,0
"2946","P01916_N",532196.6,0,2900649.3,0
"2947","P01917_C",532254.8,0,2900728,0
"2948","P01917_E",532275.5,0,2900731.7,0
"2949","P01917_N",532249.6,0,2900757.6,0
"2950","P01918_C",532355.1,0,2900586.8,0
"2951","P01918_E",532389.5,0,2900592.8,0
"2952","P01918_N",532349.9,0,2900616.3,0
"2953","P01919_C",533100.4,0.565685424982165,2900853.1,0.141421356369018
"2954","P01919_E",533123.2,0.282842712491083,2900857.1,0.141421356369018
"2955","P01919_N",533096.2,0.282842712491083,2900877.4,0.565685424817529
"2956","P01920_C",532211,0,2900484.9,0
"2957","P01920_E",532228.8,0,2900488,0
"2958","P01920_N",532206.2,0,2900512.4,0
"2959","P01926_C",531291.05,0.0707106781021911,2901113.15,0.212132034224255
"2960","P01926_E",531305.45,0.636396103084356,2901115.45,0.636396103002038
"2961","P01926_N",531289.1,0.141421356204382,2901124.05,0.0707106781845092
"2962","P01927_C",531409.8,0,2901344.3,0
"2963","P01927_E",531422.6,0,2901346.5,0
"2964","P01927_N",531404.1,0,2901376.8,0
"2965","P01928_C",531341.2,NA,2901064.2,NA
"2966","P01928_E",531369.7,NA,2901069.2,NA
"2967","P01928_N",531335.1,NA,2901098.6,NA
"2968","P01929_C",531138.5,0,2901103.7,0
"2969","P01929_E",531151.3,0,2901105.9,0
"2970","P01929_N",531134.9,0,2901124.4,0
"2971","P01930_C",531180.6,0,2900906.9,0
"2972","P01930_E",531187.5,0,2900908.1,0
"2973","P01930_N",531174.9,0,2900939.4,0
"2974","P01931_C",532215.5,NA,2900934,NA
"2975","P01931_E",532237.1,NA,2900937.9,NA
"2976","P01931_N",532214.6,NA,2900939,NA
"2977","P01932_C",532275.5,0,2901321.8,0
"2978","P01932_E",532288.3,0,2901324.1,0
"2979","P01932_N",532269.5,0,2901356.3,0
"2980","P01933_C",532376.35,0.494974746797656,2900802.1,0.141421356369018
"2981","P01933_E",532382.3,0.424264068695465,2900803.1,0.141421356369018
"2982","P01933_N",532372.35,0.494974746797656,2900824.4,0.565685424817529
"2983","P01934_C",532154.2,0,2901041.6,0
"2984","P01934_E",532176.8,0,2901045.5,0
"2985","P01934_N",532151.6,0,2901056.3,0
"2986","P01935_C",532177,NA,2900770.9,NA
"2987","P01935_E",532182,NA,2900771.8,NA
"2988","P01935_N",532173.7,NA,2900789.6,NA
"2989","P01936_C",532753.7,NA,2900963.1,NA
"2990","P01936_E",532758.6,NA,2900963.9,NA
"2991","P01936_N",532752.8,NA,2900968,NA
"2992","P01937_C",532872.5,0,2901154.1,0
"2993","P01937_E",532906,0,2901160,0
"2994","P01937_N",532868.3,0,2901177.7,0
"2995","P01938_C",532981.4,0,2900896,0
"2996","P01938_E",533006,0,2900900.3,0
"2997","P01938_N",532980.5,0,2900900.9,0
"2998","P01939_C",532703.3,0,2901132.1,0
"2999","P01939_E",532725,0,2901136,0
"3000","P01939_N",532702.4,0,2901137.1,0
"3001","P01940_C",532560.3,0,2900630.3,0
"3002","P01940_E",532571.1,0,2900632.2,0
"3003","P01940_N",532557,0,2900649,0
"3004","P01941_C",531245.2,0,2901734.6,0
"3005","P01941_E",531261.9,0,2901737.5,0
"3006","P01941_N",531240.5,0,2901761.2,0
"3007","P01942_C",531214.4,0,2901863.7,0
"3008","P01942_E",531236,0,2901867.5,0
"3009","P01942_N",531208.6,0,2901896.2,0
"3010","P01943_C",531401,0,2901565.8,0
"3011","P01943_E",531435.4,0,2901571.8,0
"3012","P01943_N",531399.4,0,2901574.6,0
"3013","P01944_C",530956,0,2902023.1,0
"3014","P01944_E",530971.7,0,2902025.8,0
"3015","P01944_N",530953.7,0,2902035.9,0
"3016","P01945_C",531171.333333333,1.44337567297406,2901641,8.66025403784439
"3017","P01945_E",531184.3,0,2901638.4,0
"3018","P01945_N",531166.5,0,2901658.6,0
"3019","P01946_C",530981.8,0,2901644.7,0
"3020","P01946_E",531014.3,0,2901650.5,0
"3021","P01946_N",530979.4,0,2901658.5,0
"3022","P01947_C",530915.1,0,2901703,0
"3023","P01947_E",530934.8,0,2901706.5,0
"3024","P01947_N",530910.1,0,2901731.6,0
"3025","P01948_C",531106.9,NA,2902694.1,NA
"3026","P01948_E",531139.4,NA,2902699.8,NA
"3027","P01948_N",531105,NA,2902704.9,NA
"3028","P01949_C",530915.1,NA,2901703,NA
"3029","P01949_E",530933.8,NA,2901706.3,NA
"3030","P01949_N",530912.2,NA,2901719.8,NA
"3031","P01950_C",530787.8,0,2901564.3,0
"3032","P01950_E",530812.4,0,2901568.6,0
"3033","P01950_N",530782.6,0,2901593.8,0
"3034","P01951_C",531638.6,0,2901963.2,0
"3035","P01951_E",531666.2,0,2901968.1,0
"3036","P01951_N",531637.4,0,2901970.1,0
"3037","P01952_C",531818.1,0.141421356204382,2902252.4,0.565685424817529
"3038","P01952_E",531828.05,0.0707106781021911,2902254.25,0.353553390593274
"3039","P01952_N",531815.15,0.212132034388891,2902269.25,0.353553390593274
"3040","P01953_C",531707.5,0.707106781186548,2901966.2,0.282842712408765
"3041","P01953_E",531732.3,0.424264068695465,2901970.4,0.565685424817529
"3042","P01953_N",531705.45,0.636396103084356,2901978.15,0.212132034224255
"3043","P01954_C",531468.9,NA,2902150.4,NA
"3044","P01954_E",531484.7,NA,2902153.2,NA
"3045","P01954_N",531464.4,NA,2902176,NA
"3046","P01955_C",531419.5,0,2901916.5,0
"3047","P01955_E",531423.5,0,2901917.2,0
"3048","P01955_N",531418.3,0,2901923.4,0
"3049","P01956_C",529291.7,NA,2901859.2,NA
"3050","P01956_E",529315.4,NA,2901863.4,NA
"3051","P01956_N",529286.2,NA,2901890.7,NA
"3052","P01957_C",532792.3,0,2902126,0
"3053","P01957_E",532819.9,0,2902130.9,0
"3054","P01957_N",532786.6,0,2902158.5,0
"3055","P01958_C",532882.1,0,2901754,0
"3056","P01958_E",532891.9,0,2901755.8,0
"3057","P01958_N",532881,0,2901759.9,0
"3058","P01959_C",532401.6,NA,2901943.5,NA
"3059","P01959_E",532406.5,NA,2901944.4,NA
"3060","P01959_N",532399.7,NA,2901954.4,NA
"3061","P01960_C",532679.9,0,2901596.6,0
"3062","P01960_E",532712.4,0,2901602.3,0
"3063","P01960_N",532677.3,0,2901611.4,0
"3064","P01961_C",530959.8,0.173205080783773,2902767.73333333,0.23094010762208
"3065","P01961_E",530992.133333333,0.11547005381104,2902773.2,0.173205080649348
"3066","P01961_N",530957.066666667,0.0577350269055201,2902782.2,0.173205080649348
"3067","P01962_C",530961.8,NA,2903072.1,NA
"3068","P01962_E",530966.7,NA,2903073,NA
"3069","P01962_N",530958.1,NA,2903092.8,NA
"3070","P01963_C",531168.066666667,0.0577350269055201,2902645,0
"3071","P01963_E",531190.866666667,0.11547005381104,2902649,0
"3072","P01963_N",531162.266666667,0.230940107689293,2902677.33333333,0.288675134594813
"3073","P01964_C",530665.1,0.141421356204382,2902963.85,0.212132034224255
"3074","P01964_E",530671.05,0.0707106781021911,2902964.9,0.141421356369018
"3075","P01964_N",530661,0,2902987.2,0.282842712408765
"3076","P01965_C",530782.15,0.212132034388891,2902702.75,0.353553390593274
"3077","P01965_E",530806,0,2902706.85,0.212132034224255
"3078","P01965_N",530779,0,2902721.1,0.141421356369018
"3079","P01966_C",531521.2,0.173205080783773,2903427.2,0.173205080649348
"3080","P01966_E",531548.933333333,0.0577350269055201,2903432.06666667,0.0577350269727325
"3081","P01966_N",531516.866666667,0.11547005381104,2903452.93333333,0.0577350269727325
"3082","P01967_C",530605.5,NA,2903588.1,NA
"3083","P01967_E",530618.3,NA,2903590.4,NA
"3084","P01967_N",530602.5,NA,2903604.8,NA
"3085","P01968_C",530542.25,0.353553390593274,2903255.85,0.212132034224255
"3086","P01968_E",530561.1,0.141421356204382,2903259,0
"3087","P01968_N",530538.9,0.141421356204382,2903276.2,0.282842712408765
"3088","P01969_C",531418.05,0.0707106781021911,2903639.15,0.212132034224255
"3089","P01969_E",531451.3,0.424264068695465,2903645.1,0.141421356369018
"3090","P01969_N",531413.3,0.424264068695465,2903664.45,0.636396103002038
"3091","P01970_C",531483,NA,2903214.9,NA
"3092","P01970_E",531493.8,NA,2903216.8,NA
"3093","P01970_N",531477.8,NA,2903244.4,NA
"3094","P01971_C",531404.35,0.494974746797656,2903473.05,0.0707106781845092
"3095","P01971_E",531433.1,0.141421356204382,2903478.05,0.0707106781845092
"3096","P01971_N",531403.05,0.0707106781021911,2903481.5,0.707106781186548
"3097","P01972_C",531456.8,0.173205080783773,2903753.13333333,0.115470053945465
"3098","P01972_E",531468.666666667,0.288675134594813,2903755.2,0.173205080649348
"3099","P01972_N",531454.866666667,0.11547005381104,2903764,0
"3100","P01973_C",531443.35,0.494974746797656,2903414.4,0.565685424817529
"3101","P01973_E",531460.2,0.282842712491083,2903417.35,0.494974746962292
"3102","P01973_N",531440.2,0.282842712491083,2903433.25,0.353553390593274
"3103","P01974_C",531362.5,NA,2903685.3,NA
"3104","P01974_E",531381.3,NA,2903688.6,NA
"3105","P01974_N",531359.2,NA,2903704,NA
"3106","P01975_C",531435.866666667,0.11547005381104,2903217.93333333,0.0577350269727325
"3107","P01975_E",531468.2,0.173205080783773,2903223.73333333,0.23094010762208
"3108","P01975_N",531431.733333333,0.230940107689293,2903241.33333333,0.288675134594813
"3109","P01976_C",531731.666666667,577.350269189626,2903431.8,0.173205080649348
"3110","P01976_E",532073.933333333,0.0577350269055201,2903433.13333333,0.115470053945465
"3111","P01976_N",532064.333333333,0.288675134594813,2903434.73333333,0.23094010762208
"3112","P01977_C",532117.133333333,0.11547005381104,2903625.73333333,0.23094010762208
"3113","P01977_E",532135.933333333,0.0577350269055201,2903628.93333333,0.0577350269727325
"3114","P01977_N",532115.866666667,0.11547005381104,2903633.33333333,0.288675134594813
"3115","P01978_C",532203.9,NA,2903336.6,NA
"3116","P01978_E",532231.5,NA,2903341.5,NA
"3117","P01978_N",532202.7,NA,2903343.5,NA
"3118","P01979_C",532014.933333333,0.0577350269055201,2903511.66666667,0.288675134594813
"3119","P01979_E",531711.933333333,577.581209297315,2903516.93333333,0.0577350269727325
"3120","P01979_N",532009.866666667,0.11547005381104,2903540.06666667,0.0577350269727325
"3121","P01980_C",531900.2,16.2812775911206,2903208.46666667,3.05995642659748
"3122","P01980_E",531909.866666667,16.3390126180933,2903210.13333333,2.71354626529878
"3123","P01980_N",531885.266666667,0.230940107689293,2903237.13333333,0.115470053945465
"3124","P02001_C",541369,NA,2855840.2,NA
"3125","P02001_E",541390.8,NA,2855842.9,NA
"3126","P02001_N",541365.8,NA,2855866,NA
"3127","P02002_C",541364,0,2855897.2,0
"3128","P02002_E",541370,0,2855897.9,0
"3129","P02002_N",541361.6,0,2855917,0
"3130","P02003_C",541451,NA,2855857.2,NA
"3131","P02003_E",541464.9,NA,2855858.9,NA
"3132","P02003_N",541449.7,NA,2855868.1,NA
"3133","P02004_C",541202,0,2855986.2,0
"3134","P02004_E",541220.9,0,2855988.5,0
"3135","P02004_N",541199.9,0,2856003,0
"3136","P02005_C",541347,NA,2855683.2,NA
"3137","P02005_E",541353,NA,2855683.9,NA
"3138","P02005_N",541345.3,NA,2855697.1,NA
"3139","P02006_C",541788,0,2856043.2,0
"3140","P02006_E",541821.7,0,2856047.3,0
"3141","P02006_N",541786.8,0,2856053.1,0
"3142","P02007_C",541869,NA,2856136.2,NA
"3143","P02007_E",541884.9,NA,2856138.1,NA
"3144","P02007_N",541865.7,NA,2856163,NA
"3145","P02008_C",541886,NA,2855972.2,NA
"3146","P02008_E",541906.8,NA,2855974.7,NA
"3147","P02008_N",541884.4,NA,2855985.1,NA
"3148","P02009_C",541736,0,2856126.2,0
"3149","P02009_E",541770.7,0,2856130.4,0
"3150","P02009_N",541732,0,2856158.9,0
"3151","P02010_C",541730,0,2855917.2,0
"3152","P02010_E",541761.8,0,2855921.1,0
"3153","P02010_N",541729,0,2855925.1,0
"3154","P02011_C",542194,NA,2856222.2,NA
"3155","P02011_E",542202.9,NA,2856223.3,NA
"3156","P02011_N",542192.4,NA,2856235.1,NA
"3157","P02012_C",542270,0,2856288.2,0
"3158","P02012_E",542286.9,0,2856290.2,0
"3159","P02012_N",542266.1,0,2856319.9,0
"3160","P02013_C",542349,0,2856107.2,0
"3161","P02013_E",542364.9,0,2856109.1,0
"3162","P02013_N",542346.1,0,2856131,0
"3163","P02014_C",542168,0,2856405.2,0
"3164","P02014_E",542179.9,0,2856406.6,0
"3165","P02014_N",542163.7,0,2856439.9,0
"3166","P02015_C",542122,0,2856031.2,0
"3167","P02015_E",542135.9,0,2856032.9,0
"3168","P02015_N",542121,0,2856039.1,0
"3169","P02016_C",542921,0,2856104.2,0
"3170","P02016_E",542937.9,0,2856106.2,0
"3171","P02016_N",542919.3,0,2856118.1,0
"3172","P02017_C",543042,0,2856252.2,0
"3173","P02017_E",543050.266666667,4.56106712661149,2856253,0.866025403784439
"3174","P02017_N",543040.2,0,2856267.1,0
"3175","P02018_C",542947,0,2856027.2,0
"3176","P02018_E",542952,0,2856027.8,0
"3177","P02018_N",542943,0,2856059.9,0
"3178","P02019_C",542785,0,2856187.2,0
"3179","P02019_E",542815.8,0,2856191,0
"3180","P02019_N",542782.4,0,2856208,0
"3181","P02020_C",542813,NA,2856072.2,NA
"3182","P02020_E",542832.9,NA,2856074.6,NA
"3183","P02020_N",542809.3,NA,2856101.9,NA
"3184","P02021_C",541212,0,2857368.2,0
"3185","P02021_E",541232.8,0,2857370.7,0
"3186","P02021_N",541210.4,0,2857381.1,0
"3187","P02022_C",541221,0,2857415.2,0
"3188","P02022_E",541251.8,0,2857418.9,0
"3189","P02022_N",541219.5,0,2857427.1,0
"3190","P02023_C",541236,NA,2857345.2,NA
"3191","P02023_E",541255.9,NA,2857347.6,NA
"3192","P02023_N",541235.3,NA,2857351.1,NA
"3193","P02024_C",541069,NA,2857536.2,NA
"3194","P02024_E",541092.8,NA,2857539.1,NA
"3195","P02024_N",541068.1,NA,2857543.1,NA
"3196","P02025_C",541239,0,2857236.2,0
"3197","P02025_E",541269.8,0,2857239.9,0
"3198","P02025_N",541236,0,2857261,0
"3199","P02026_C",541436,NA,2856966.2,NA
"3200","P02026_E",541461.8,NA,2856969.3,NA
"3201","P02026_N",541432,NA,2856998.9,NA
"3202","P02027_C",541571,NA,2857010.2,NA
"3203","P02027_E",541591.8,NA,2857012.7,NA
"3204","P02027_N",541567.7,NA,2857037,NA
"3205","P02028_C",541549,0,2856874.2,0
"3206","P02028_E",541560.9,0,2856875.6,0
"3207","P02028_N",541547.7,0,2856885.1,0
"3208","P02029_C",541363,NA,2856963.2,NA
"3209","P02029_E",541381.9,NA,2856965.5,NA
"3210","P02029_N",541362.4,NA,2856968.1,NA
"3211","P02030_C",541325,0,2856958.2,0
"3212","P02030_E",541335.9,0,2856959.5,0
"3213","P02030_N",541321.7,0,2856985,0
"3214","P02031_C",541947,0,2856946.2,0
"3215","P02031_E",541954.9,0,2856947.1,0
"3216","P02031_N",541945.3,0,2856960.1,0
"3217","P02032_C",542342,NA,2857063.2,NA
"3218","P02032_E",542352.9,NA,2857064.5,NA
"3219","P02032_N",542339.3,NA,2857085,NA
"3220","P02033_C",542011,0,2856756.2,0
"3221","P02033_E",542023.9,0,2856757.8,0
"3222","P02033_N",542008,0,2856781,0
"3223","P02034_C",541892,0,2857101.2,0
"3224","P02034_E",541912.8,0,2857103.7,0
"3225","P02034_N",541889.7,0,2857120,0
"3226","P02035_C",541832,NA,2856821.2,NA
"3227","P02035_E",541843.9,NA,2856822.6,NA
"3228","P02035_N",541828,NA,2856853.9,NA
"3229","P02041_C",541052,0,2858295.2,0
"3230","P02041_E",541073.8,0,2858297.9,0
"3231","P02041_N",541050.2,0,2858310.1,0
"3232","P02042_C",541168,0,2858401.2,0
"3233","P02042_E",541185.9,0,2858403.4,0
"3234","P02042_N",541167.5,0,2858405.1,0
"3235","P02043_C",541075,NA,2858144.2,NA
"3236","P02043_E",541096.8,NA,2858146.9,NA
"3237","P02043_N",541073.3,NA,2858158.1,NA
"3238","P02044_C",540908,0,2858349.2,0
"3239","P02044_E",540918.9,0,2858350.5,0
"3240","P02044_N",540907,0,2858357.1,0
"3241","P02045_C",540923,NA,2858145.2,NA
"3242","P02045_E",540937.9,NA,2858147,NA
"3243","P02045_N",540919.1,NA,2858176.9,NA
"3244","P02046_C",541365,0,2858346.2,0
"3245","P02046_E",541381.9,0,2858348.2,0
"3246","P02046_N",541364.6,0,2858349.1,0
"3247","P02047_C",541433,0,2858491.2,0
"3248","P02047_E",541446.9,0,2858492.9,0
"3249","P02047_N",541431.2,0,2858506.1,0
"3250","P02048_C",541474,NA,2858275.2,NA
"3251","P02048_E",541504.8,NA,2858278.9,NA
"3252","P02048_N",541473.6,NA,2858278.1,NA
"3253","P02049_C",541356,NA,2858391.2,NA
"3254","P02049_E",541368.9,NA,2858392.8,NA
"3255","P02049_N",541353.1,NA,2858415,NA
"3256","P02050_C",541340,0,2858199.2,0
"3257","P02050_E",541368.8,0,2858202.7,0
"3258","P02050_N",541337.2,0,2858222,0
"3259","P02051_C",542170,NA,2857892.2,NA
"3260","P02051_E",542184.9,NA,2857894,NA
"3261","P02051_N",542167.4,NA,2857913,NA
"3262","P02052_C",542178,0,2857945.2,0
"3263","P02052_E",542202.8,0,2857948.2,0
"3264","P02052_N",542176.7,0,2857956.1,0
"3265","P02053_C",542342,NA,2857789.2,NA
"3266","P02053_E",542357.9,NA,2857791.1,NA
"3267","P02053_N",542340.1,NA,2857805.1,NA
"3268","P02054_C",542128,0,2858043.2,0
"3269","P02054_E",542145.9,0,2858045.4,0
"3270","P02054_N",542124.3,0,2858072.9,0
"3271","P02055_C",542098,0,2857716.2,0
"3272","P02055_E",542129.8,0,2857720.1,0
"3273","P02055_N",542096.7,0,2857727.1,0
"3274","P02056_C",542579,0,2858505.2,0
"3275","P02056_E",542588.9,0,2858506.4,0
"3276","P02056_N",542578.6,0,2858508.1,0
"3277","P02057_C",542701,0,2858662.2,0
"3278","P02057_E",542725.8,0,2858665.2,0
"3279","P02057_N",542699.4,0,2858675.1,0
"3280","P02058_C",542663,0,2858385.2,0
"3281","P02058_E",542669.9,0,2858386,0
"3282","P02058_N",542658.9,0,2858418.9,0
"3283","P02059_C",542523,NA,2858505.2,NA
"3284","P02059_E",542535.9,NA,2858506.8,NA
"3285","P02059_N",542522.4,NA,2858510.1,NA
"3286","P02060_C",542476,0,2858398.2,0
"3287","P02060_E",542498.8,0,2858401,0
"3288","P02060_N",542473.9,0,2858415,0
"3289","P02061_C",540784,NA,2859149.2,NA
"3290","P02061_E",540805.8,NA,2859151.8,NA
"3291","P02061_N",540783.5,NA,2859153.1,NA
"3292","P02062_C",540906,NA,2859166.2,NA
"3293","P02062_E",540929.8,NA,2859169.1,NA
"3294","P02062_N",540902.8,NA,2859192,NA
"3295","P02063_C",540853,NA,2859083.2,NA
"3296","P02063_E",540874.8,NA,2859085.8,NA
"3297","P02063_N",540849.7,NA,2859110,NA
"3298","P02064_C",540752,0,2859187.2,0
"3299","P02064_E",540755,0,2859187.5,0
"3300","P02064_N",540751.4,0,2859192.1,0
"3301","P02065_C",540756,NA,2859062.2,NA
"3302","P02065_E",540788.8,NA,2859066.2,NA
"3303","P02065_N",540753.3,NA,2859084,NA
"3304","P02066_C",541173,0,2859160.2,0
"3305","P02066_E",541198.8,0,2859163.3,0
"3306","P02066_N",541169.8,0,2859186,0
"3307","P02067_C",541273,NA,2859357.2,NA
"3308","P02067_E",541279.9,NA,2859358,NA
"3309","P02067_N",541270.9,NA,2859374,NA
"3310","P02068_C",541273,0,2859091.2,0
"3311","P02068_E",541290.9,0,2859093.4,0
"3312","P02068_N",541269.6,0,2859119,0
"3313","P02069_C",541154,NA,2859324.2,NA
"3314","P02069_E",541163.9,NA,2859325.4,NA
"3315","P02069_N",541152.8,NA,2859334.1,NA
"3316","P02070_C",541101,NA,2859109.2,NA
"3317","P02070_E",541125.8,NA,2859112.2,NA
"3318","P02070_N",541098.6,NA,2859129,NA
"3319","P02071_C",541969,0,2859134.2,0
"3320","P02071_E",542002.7,0,2859138.3,0
"3321","P02071_N",541967.1,0,2859150.1,0
"3322","P02072_C",542100,0,2859294.2,0
"3323","P02072_E",542108.9,0,2859295.3,0
"3324","P02072_N",542098.5,0,2859306.1,0
"3325","P02073_C",541983,0,2859082.2,0
"3326","P02073_E",542015.8,0,2859086.2,0
"3327","P02073_N",541980.1,0,2859106,0
"3328","P02074_C",541847,NA,2859198.2,NA
"3329","P02074_E",541874.8,NA,2859201.6,NA
"3330","P02074_N",541845.1,NA,2859214.1,NA
"3331","P02075_C",541948,0,2859032.2,0
"3332","P02075_E",541952,0,2859032.7,0
"3333","P02075_N",541944.1,0,2859063.9,0
"3334","P02076_C",542396,NA,2859158.2,NA
"3335","P02076_E",542413.9,NA,2859160.4,NA
"3336","P02076_N",542395.1,NA,2859165.1,NA
"3337","P02077_C",542393,0,2859262.2,0
"3338","P02077_E",542413.8,0,2859264.7,0
"3339","P02077_N",542391.9,0,2859271.1,0
"3340","P02078_C",542537,0,2859037.2,0
"3341","P02078_E",542551.9,0,2859039,0
"3342","P02078_N",542536.5,0,2859041.1,0
"3343","P02079_C",542266,0,2859323.2,0
"3344","P02079_E",542275.9,0,2859324.4,0
"3345","P02079_N",542265,0,2859331.1,0
"3346","P02080_C",542344,0,2859113.2,0
"3347","P02080_E",542360.9,0,2859115.2,0
"3348","P02080_N",542341.1,0,2859137,0
"3349","P02101_C",559949.133333333,0.11547005381104,2902290,0
"3350","P02101_E",559953,13.856406460551,2902291.66666667,1.44337567297406
"3351","P02101_N",559947.933333333,0.923760430689959,2902298.86666667,0.115470053945465
"3352","P02102_C",559984.666666667,0.288675134594813,2902212.4,0.346410161567545
"3353","P02102_E",559993.933333333,32.8512303169031,2902216.4,3.8105117767053
"3354","P02102_N",559980.266666667,4.0991869112329,2902243.93333333,0.0577350269727325
"3355","P02103_C",559736.666666667,0.288675134594813,2902280.06666667,0.0577350269727325
"3356","P02103_E",559746.266666667,34.0059308552824,2902284.26666667,3.69504172275983
"3357","P02103_N",559735.266666667,1.50111069987958,2902289.93333333,0.0577350269727325
"3358","P02104_C",559856.3,NA,2902089.1,NA
"3359","P02104_E",559865.1,NA,2902090.9,NA
"3360","P02104_N",559851.1,NA,2902113.5,NA
"3361","P02105_C",559984.133333333,0.11547005381104,2902287.93333333,0.0577350269727325
"3362","P02105_E",559987.933333333,13.7986714336455,2902289.6,1.38564064600133
"3363","P02105_N",559979.8,3.63730669592153,2902318.46666667,0.461880215244161
"3364","P02106_C",559967.933333333,0.0577350269055201,2902365.26666667,0.23094010762208
"3365","P02106_E",559975.2,26.1539671943169,2902368.4,2.94448637292086
"3366","P02106_N",559966.4,1.38564064606854,2902376.06666667,0.0577350269727325
"3367","P02107_C",559875.1,NA,2902546.6,NA
"3368","P02107_E",559882.9,NA,2902548.2,NA
"3369","P02107_N",559868.1,NA,2902579.8,NA
"3370","P02108_C",559893.266666667,0.230940107689293,2902489.06666667,0.0577350269727325
"3371","P02108_E",559902.8,34.4678110705938,2902493.2,3.6373066957871
"3372","P02108_N",559890.866666667,1.84752086137992,2902505.8,0.173205080649348
"3373","P02109_C",559971,NA,2902544.8,NA
"3374","P02109_E",559996.4,NA,2902550.2,NA
"3375","P02109_N",559969.8,NA,2902550.7,NA
"3376","P02110_C",559984.933333333,0.0577350269055201,2902349.93333333,0.0577350269727325
"3377","P02110_E",559988.133333333,11.3738003030087,2902351.33333333,1.15470053837925
"3378","P02110_N",559981.333333333,3.17542648054294,2902375.6,0.346410161567545
"3379","P02111_C",560664.5,NA,2902694.2,NA
"3380","P02111_E",560681.1,NA,2902697.8,NA
"3381","P02111_N",560659.9,NA,2902715.8,NA
"3382","P02112_C",560771.933333333,0.0577350269055201,2902579.4,0.346410161567545
"3383","P02112_E",560777.333333333,19.3412340178525,2902581.73333333,2.36713610373124
"3384","P02112_N",560768.333333333,3.17542648054294,2902605,0
"3385","P02113_C",560868.2,NA,2902691.9,NA
"3386","P02113_E",560879,NA,2902694.2,NA
"3387","P02113_N",560862.4,NA,2902719.3,NA
"3388","P02114_C",560850,0,2902525.76666667,0.208166599879504
"3389","P02114_E",560852.866666667,10.2768347916022,2902527,0.866025403784439
"3390","P02114_N",560847.533333333,2.13619599597473,2902543.53333333,0.404145188540278
"3391","P02115_C",560656.266666667,0.230940107689293,2902714.06666667,0.0577350269727325
"3392","P02115_E",560658.8,9.35307436084505,2902715.2,1.03923048443379
"3393","P02115_N",560652.666666667,2.88675134594813,2902739.73333333,0.23094010762208
"3394","P02116_C",561010,0,2902272.86666667,0.115470053945465
"3395","P02116_E",561015.466666667,19.4567040716635,2902275.2,1.90525588821823
"3396","P02116_N",561007.4,2.25166604985298,2902291.6,0.346410161567545
"3397","P02117_C",561143.2,NA,2902420.7,NA
"3398","P02117_E",561164.7,NA,2902425.3,NA
"3399","P02117_N",561136.9,NA,2902450.1,NA
"3400","P02118_C",561197.733333333,0.230940107689293,2902310.13333333,0.115470053945465
"3401","P02118_E",561199.666666667,6.6395280956807,2902311,0.866025403784439
"3402","P02118_N",561194,3.46410161513775,2902336.73333333,0.23094010762208
"3403","P02119_C",560934.7,NA,2902372.1,NA
"3404","P02119_E",560964,NA,2902378.3,NA
"3405","P02119_N",560931.1,NA,2902388.7,NA
"3406","P02120_C",560954.666666667,17.031832941094,2902179.33333333,0.288675134594813
"3407","P02120_E",560984.266666667,16.6854227795936,2902183.53333333,3.92598183038192
"3408","P02120_N",560962.333333333,2.3094010767585,2902196.13333333,0.115470053945465
"3409","P02121_C",559712.066666667,0.0577350269055201,2903469.33333333,0.288675134594813
"3410","P02121_E",559713.933333333,6.87046820336999,2903470.2,1.03923048443379
"3411","P02121_N",559707.6,3.81051177663809,2903500.86666667,0.115470053945465
"3412","P02122_C",559558.8,0.173205080783773,2903379.06666667,0.0577350269727325
"3413","P02122_E",559565.133333333,22.6321305522064,2903381.8,2.42487113070397
"3414","P02122_N",559556.733333333,1.96299091525817,2903393.86666667,0.115470053945465
"3415","P02123_C",559525.066666667,0.0577350269055201,2903511.86666667,0.115470053945465
"3416","P02123_E",559534,32.0429399400242,2903515.8,3.29089653448841
"3417","P02123_N",559522,2.59807621135332,2903533.6,0.346410161567545
"3418","P02124_C",559492.133333333,0.11547005381104,2903291.2,0.173205080649348
"3419","P02124_E",559495,10.3923048454133,2903292.46666667,1.27017059232472
"3420","P02124_N",559491,0.866025403784439,2903299.06666667,0.0577350269727325
"3421","P02125_C",559702.866666667,0.11547005381104,2903518.13333333,0.115470053945465
"3422","P02125_E",559710.2,26.1539671943169,2903521.33333333,2.88675134594813
"3423","P02125_N",559699.6,2.94448637285365,2903541.8,0.173205080649348
"3424","P02126_C",559909.266666667,0.230940107689293,2903126,0
"3425","P02126_E",559921.666666667,10.9696551146029,2903135.93333333,10.450039872386
"3426","P02126_N",559899.866666667,8.54478398403335,2903140.33333333,12.413030787577
"3427","P02127_C",559773,NA,2903241.6,NA
"3428","P02127_E",559792.6,NA,2903245.8,NA
"3429","P02127_N",559769.1,NA,2903260.2,NA
"3430","P02128_C",559776.8,0.173205080783773,2902759.8,577.465739243571
"3431","P02128_E",559779.666666667,10.1036297108185,2903094.4,1.21243556535198
"3432","P02128_N",559772.4,3.98371685742186,2903124.66666667,0.288675134594813
"3433","P02129_C",559901.266666667,0.230940107689293,2903334.13333333,0.115470053945465
"3434","P02129_E",559909.266666667,28.8097784325758,2903337.6,3.11769145357021
"3435","P02129_N",559897.4,3.11769145363742,2903361.66666667,0.288675134594813
"3436","P02130_C",559968.3,NA,2903136.2,NA
"3437","P02130_E",559991.8,NA,2903141.2,NA
"3438","P02130_N",559967,NA,2903142.1,NA
"3439","P02131_C",560456,0,2903712.13333333,0.115470053945465
"3440","P02131_E",560461.4,19.398969044758,2903714.46666667,2.13619599610916
"3441","P02131_N",560454.333333333,1.44337567297406,2903723.93333333,0.0577350269727325
"3442","P02132_C",560598.933333333,0.0577350269055201,2903683,0
"3443","P02132_E",560604.333333333,19.3412340178525,2903685.33333333,2.02072594216369
"3444","P02132_N",560598,0.866025403784439,2903689.86666667,0.115470053945465
"3445","P02133_C",560674.666666667,0.288675134594813,2903743.06666667,0.0577350269727325
"3446","P02133_E",560676.933333333,7.73649360715443,2903744.06666667,0.923760430757171
"3447","P02133_N",560669.866666667,4.44559707273323,2903777.6,0.346410161567545
"3448","P02134_C",560738,0,2903620.33333333,0.288675134594813
"3449","P02134_E",560740.266666667,8.02516874174924,2903621.26666667,1.09696551140652
"3450","P02134_N",560734.533333333,3.00222139975917,2903644.93333333,0.0577350269727325
"3451","P02135_C",560476,0,2903701.13333333,0.115470053945465
"3452","P02135_E",560482.066666667,21.7083701215165,2903703.8,2.42487113070397
"3453","P02135_N",560475,0.866025403784439,2903708.06666667,0.0577350269727325
"3454","P02136_C",560771.866666667,0.11547005381104,2903238.33333333,0.288675134594813
"3455","P02136_E",560783,39.8371685740842,2903243.2,4.50333209957154
"3456","P02136_N",560768.8,2.77128129213709,2903260.06666667,0.0577350269727325
"3457","P02137_C",560909.8,NA,2903414.2,NA
"3458","P02137_E",560919.6,NA,2903416.3,NA
"3459","P02137_N",560903.9,NA,2903441.6,NA
"3460","P02138_C",560973.666666667,0.288675134594813,2903241.8,0.173205080649348
"3461","P02138_E",560979.4,20.2649944485424,2903244.26666667,1.96299091519096
"3462","P02138_N",560969.666666667,3.75277674973257,2903270.4,0.519615242216893
"3463","P02139_C",560832.266666667,0.230940107689293,2903311.93333333,0.0577350269727325
"3464","P02139_E",560834.133333333,7.04367328408655,2903312.8,0.692820323135091
"3465","P02139_N",560829.066666667,2.5403411844478,2903334.6,0.346410161567545
"3466","P02140_C",560867.933333333,0.0577350269055201,2903179.13333333,0.115470053945465
"3467","P02140_E",560871.466666667,12.528500841388,2903180.66666667,1.44337567297406
"3468","P02140_N",560867,0.866025403784439,2903186,0
"3469","P02141_C",559535,NA,2904179.7,NA
"3470","P02141_E",559542.8,NA,2904181.4,NA
"3471","P02141_N",559531.3,NA,2904197.3,NA
"3472","P02142_C",559569.2,NA,2904132.3,NA
"3473","P02142_E",559598.5,NA,2904138.5,NA
"3474","P02142_N",559567.5,NA,2904140.1,NA
"3475","P02143_C",559448.2,0.173205080783773,2904138.2,0.173205080649348
"3476","P02143_E",559459.066666667,39.0288781972053,2904142.93333333,4.27239199194946
"3477","P02143_N",559445.6,2.07846096906921,2904156.93333333,0.0577350269727325
"3478","P02144_C",559500.8,0.173205080783773,2904036.8,0.173205080649348
"3479","P02144_E",559504.333333333,12.413030787577,2904038.33333333,1.15470053837925
"3480","P02144_N",559497.6,2.94448637285365,2904059.46666667,0.461880215244161
"3481","P02145_C",559551.6,NA,2904271.7,NA
"3482","P02145_E",559569.2,NA,2904275.5,NA
"3483","P02145_N",559546.2,NA,2904297.2,NA
"3484","P02146_C",559537.666666667,0.288675134594813,2904289.26666667,0.23094010762208
"3485","P02146_E",559548.8,39.6639634933004,2904294.13333333,4.44559707286766
"3486","P02146_N",559533.666666667,3.75277674973257,2904317.8,0.173205080649348
"3487","P02147_C",559356.333333333,0.288675134594813,2904351.8,0.173205080649348
"3488","P02147_E",559365.866666667,34.5255460975665,2904355.93333333,3.40636658816502
"3489","P02147_N",559354.533333333,1.27017059219029,2904364.6,0.346410161567545
"3490","P02148_C",559452.933333333,0.0577350269055201,2904220.2,0.173205080649348
"3491","P02148_E",559456.466666667,12.528500841388,2904221.73333333,1.5011106999468
"3492","P02148_N",559451.266666667,1.50111069987958,2904232.06666667,0.0577350269727325
"3493","P02149_C",559379.2,0.173205080783773,2904378.26666667,0.23094010762208
"3494","P02149_E",559385.6,23.0362757406795,2904381,2.59807621135332
"3495","P02149_N",559377.8,1.03923048456821,2904388.06666667,0.0577350269727325
"3496","P02150_C",559495.1,NA,2904180.6,NA
"3497","P02150_E",559511.7,NA,2904184.2,NA
"3498","P02150_N",559492.6,NA,2904192.4,NA
"3499","P02151_C",560291.733333333,0.230940107689293,2904477.86666667,0.115470053945465
"3500","P02151_E",560294.933333333,11.2005952222922,2904479.26666667,1.09696551140652
"3501","P02151_N",560288.666666667,2.88675134594813,2904499.6,0.346410161567545
"3502","P02152_C",560333.066666667,0.0577350269055201,2904349.4,0.346410161567545
"3503","P02152_E",560335,6.92820323027551,2904350.2,1.03923048443379
"3504","P02152_N",560331.466666667,1.32790561916302,2904361.2,0.173205080649348
"3505","P02153_C",560052.2,0.173205080783773,2904622.86666667,0.115470053945465
"3506","P02153_E",560071.866666667,0.11547005381104,2904627,0
"3507","P02153_N",560047.333333333,0.288675134594813,2904645.2,0.173205080649348
"3508","P02154_C",560336.1,NA,2904349.6,NA
"3509","P02154_E",560355.7,NA,2904353.7,NA
"3510","P02154_N",560330.1,NA,2904377.9,NA
"3511","P02155_C",560293.7,NA,2904451.3,NA
"3512","P02155_E",560306.4,NA,2904454,NA
"3513","P02155_N",560292.3,NA,2904458.1,NA
"3514","P02156_C",560608.733333333,0.230940107689293,2904392.93333333,0.0577350269727325
"3515","P02156_E",560616.333333333,27.1354626519124,2904396.26666667,2.8290163189754
"3516","P02156_N",560605.8,2.77128129213709,2904413.66666667,0.288675134594813
"3517","P02157_C",560483.9,NA,2904562.9,NA
"3518","P02157_E",560499.6,NA,2904566.2,NA
"3519","P02157_N",560482.1,NA,2904571.7,NA
"3520","P02158_C",560569.866666667,0.11547005381104,2904365.06666667,0.0577350269727325
"3521","P02158_E",560572.733333333,10.161364737724,2904366.26666667,1.09696551140652
"3522","P02158_N",560568.466666667,1.32790561916302,2904374.86666667,0.115470053945465
"3523","P02159_C",560499.2,0.173205080783773,2904475.33333333,0.288675134594813
"3524","P02159_E",560510.066666667,39.0288781972053,2904480.06666667,4.38786204589493
"3525","P02159_N",560494.533333333,3.86824680354361,2904508.8,0.173205080649348
"3526","P02160_C",560535.666666667,0.288675134594813,2904424.8,0.173205080649348
"3527","P02160_E",560537.266666667,5.42709253039592,2904425.46666667,0.404145188540278
"3528","P02160_N",560531.266666667,4.0991869112329,2904456.33333333,0.577350269189626
"3529","P02173_C",560181.133333333,0.11547005381104,2905445.2,0.173205080649348
"3530","P02173_E",560191.066666667,35.5647765820675,2905449.53333333,3.92598183038192
"3531","P02173_N",560179.333333333,1.44337567297406,2905458,0
"3532","P02175_C",560114.733333333,0.230940107689293,2905391.86666667,0.115470053945465
"3533","P02175_E",560125.266666667,37.4700324704202,2905396.46666667,3.86824680367803
"3534","P02175_N",560113.533333333,0.404145188405853,2905397.8,0.173205080649348
"3535","P02206_C",508592,0,2821976.1,0
"3536","P02206_E",508616.3,0,2821982.2,0
"3537","P02206_N",508589.3,0,2821986.8,0
"3538","P02207_C",508732,0,2822039.1,0
"3539","P02207_E",508752.4,0,2822044.2,0
"3540","P02207_N",508725,0,2822067.3,0
"3541","P02208_C",508545,0,2821897.1,0
"3542","P02208_E",508559.6,0,2821900.8,0
"3543","P02208_N",508542.1,0,2821908.8,0
"3544","P02209_C",508605,0,2822086.1,0
"3545","P02209_E",508608.9,0,2822087.1,0
"3546","P02209_N",508598.5,0,2822112.3,0
"3547","P02210_C",508433,0,2821955.1,0
"3548","P02210_E",508435.9,0,2821955.8,0
"3549","P02210_N",508428.4,0,2821973.6,0
"3550","P02211_C",509124,0,2821958.1,0
"3551","P02211_E",509136.6,0,2821961.3,0
"3552","P02211_N",509119.4,0,2821976.6,0
"3553","P02212_C",509252,0,2822065.1,0
"3554","P02212_E",509261.7,0,2822067.5,0
"3555","P02212_N",509248.6,0,2822078.7,0
"3556","P02213_C",509051,0,2821926.1,0
"3557","P02213_E",509083,0,2821934.1,0
"3558","P02213_N",509046.4,0,2821944.6,0
"3559","P02214_C",509240,0,2822008.1,0
"3560","P02214_E",509265.2,0,2822014.4,0
"3561","P02214_N",509232.3,0,2822039.2,0
"3562","P02215_C",508999,0,2821977.1,0
"3563","P02215_E",509029.1,0,2821984.6,0
"3564","P02215_N",508992.5,0,2822003.3,0
"3565","P02216_C",509628,0,2821624.1,0
"3566","P02216_E",509636.7,0,2821626.3,0
"3567","P02216_N",509626.8,0,2821629,0
"3568","P02217_C",509792,0,2821733.1,0
"3569","P02217_E",509799.8,0,2821735.1,0
"3570","P02217_N",509786,0,2821757.4,0
"3571","P02218_C",509607,0,2821893.1,0
"3572","P02218_E",509630.3,0,2821898.9,0
"3573","P02218_N",509598.8,0,2821926.1,0
"3574","P02219_C",509741,0,2821769.1,0
"3575","P02219_E",509774,0,2821777.3,0
"3576","P02219_N",509735.4,0,2821791.4,0
"3577","P02220_C",509536,0,2821666.1,0
"3578","P02220_E",509568,0,2821674.1,0
"3579","P02220_N",509533.1,0,2821677.8,0
"3580","P02226_C",509315,0,2822693.1,0
"3581","P02226_E",509326.6,0,2822696,0
"3582","P02226_N",509312.8,0,2822701.9,0
"3583","P02227_C",509475,0,2822745.1,0
"3584","P02227_E",509505.1,0,2822752.6,0
"3585","P02227_N",509473.8,0,2822750,0
"3586","P02228_C",509322,0,2822470.1,0
"3587","P02228_E",509343.3,0,2822475.4,0
"3588","P02228_N",509313.5,0,2822504.1,0
"3589","P02229_C",509265,0,2822774.1,0
"3590","P02229_E",509296,0,2822781.9,0
"3591","P02229_N",509260.9,0,2822790.6,0
"3592","P02230_C",509164,0,2822697.1,0
"3593","P02230_E",509184.4,0,2822702.2,0
"3594","P02230_N",509157.7,0,2822722.4,0
"3595","P02231_C",509992,0,2822671.1,0
"3596","P02231_E",510009.5,0,2822675.5,0
"3597","P02231_N",509987.6,0,2822688.6,0
"3598","P02232_C",510205,0,2822743.1,0
"3599","P02232_E",510212.8,0,2822745.1,0
"3600","P02232_N",510201.1,0,2822758.6,0
"3601","P02233_C",510081,0,2822585.1,0
"3602","P02233_E",510109.1,0,2822592.1,0
"3603","P02233_N",510079.1,0,2822592.9,0
"3604","P02234_C",509984,0,2822675.1,0
"3605","P02234_E",510006.3,0,2822680.7,0
"3606","P02234_N",509976.5,0,2822705.2,0
"3607","P02235_C",509877,0,2822726.1,0
"3608","P02235_E",509886.7,0,2822728.5,0
"3609","P02235_N",509871.9,0,2822746.5,0
"3610","P02236_C",510008,0,2822409.1,0
"3611","P02236_E",510028.4,0,2822414.2,0
"3612","P02236_N",510007,0,2822413,0
"3613","P02237_C",510216,0,2822475.1,0
"3614","P02237_E",510227.6,0,2822478,0
"3615","P02237_N",510212.6,0,2822488.7,0
"3616","P02238_C",509950,0,2822231.1,0
"3617","P02238_E",509982,0,2822239.1,0
"3618","P02238_N",509947.1,0,2822242.8,0
"3619","P02239_C",510009,0,2822486.1,0
"3620","P02239_E",510029.4,0,2822491.2,0
"3621","P02239_N",510003,0,2822510.4,0
"3622","P02240_C",509854,0,2822360.1,0
"3623","P02240_E",509864.7,0,2822362.8,0
"3624","P02240_N",509849.4,0,2822378.6,0
"3625","P02246_C",509735,NA,2823555.1,NA
"3626","P02246_E",509763.1,NA,2823562.1,NA
"3627","P02246_N",509729,NA,2823579.4,NA
"3628","P02247_C",509813,NA,2823616.1,NA
"3629","P02247_E",509816.9,NA,2823617.1,NA
"3630","P02247_N",509811.8,NA,2823621,NA
"3631","P02248_C",509813,0,2823432.1,0
"3632","P02248_E",509831.4,0,2823436.7,0
"3633","P02248_N",509807.4,0,2823454.4,0
"3634","P02249_C",509723,NA,2823611.1,NA
"3635","P02249_E",509750.2,NA,2823617.9,NA
"3636","P02249_N",509717,NA,2823635.4,NA
"3637","P02250_C",509703,NA,2823497.1,NA
"3638","P02250_E",509734,NA,2823504.9,NA
"3639","P02250_N",509694.5,NA,2823531.1,NA
"3640","P02251_C",510418,0,2823112.1,0
"3641","P02251_E",510438.4,0,2823117.2,0
"3642","P02251_N",510410.3,0,2823143.2,0
"3643","P02252_C",510596,0,2823101.1,0
"3644","P02252_E",510611.5,0,2823105,0
"3645","P02252_N",510592.1,0,2823116.6,0
"3646","P02253_C",510372,0,2822916.1,0
"3647","P02253_E",510396.3,0,2822922.2,0
"3648","P02253_N",510371,0,2822920,0
"3649","P02254_C",510396,0,2823184.1,0
"3650","P02254_E",510402.8,0,2823185.8,0
"3651","P02254_N",510390,0,2823208.4,0
"3652","P02255_C",510323,0,2823124.1,0
"3653","P02255_E",510356,0,2823132.4,0
"3654","P02255_N",510315.7,0,2823153.2,0
"3655","P02256_C",510930,0,2823343.1,0
"3656","P02256_E",510952.3,0,2823348.7,0
"3657","P02256_N",510928.8,0,2823348,0
"3658","P02257_C",511065,0,2823370.1,0
"3659","P02257_E",511082.5,0,2823374.5,0
"3660","P02257_N",511061.6,0,2823383.7,0
"3661","P02258_C",511044,0,2823249.1,0
"3662","P02258_E",511056.6,0,2823252.3,0
"3663","P02258_N",511036.7,0,2823278.2,0
"3664","P02259_C",511007,0,2823536.1,0
"3665","P02259_E",511019.6,0,2823539.3,0
"3666","P02259_N",511003.6,0,2823549.7,0
"3667","P02260_C",510795,0,2823222.1,0
"3668","P02260_E",510804.7,0,2823224.5,0
"3669","P02260_N",510786.8,0,2823255.1,0
"3670","P02281_C",511388,NA,2823521,NA
"3671","P02281_E",511405,NA,2823494,NA
"3672","P02281_N",511399,NA,2823528,NA
"3673","P02282_C",511480,NA,2823577,NA
"3674","P02282_E",511486,NA,2823567,NA
"3675","P02282_N",511504,NA,2823592,NA
"3676","P02283_C",511452,NA,2823625,NA
"3677","P02283_E",511465,NA,2823604,NA
"3678","P02283_N",511472,NA,2823639,NA
"3679","P02284_C",511266,NA,2823525,NA
"3680","P02284_E",511276,NA,2823509,NA
"3681","P02284_N",511278,NA,2823533,NA
"3682","P02302_C",527073,0,2874410.1,0
"3683","P02302_E",527081.6,0,2874412.9,0
"3684","P02302_N",527069.9,0,2874419.7,0
"3685","P02303_C",527128,0,2874232.1,0
"3686","P02303_E",527136.6,0,2874234.9,0
"3687","P02303_N",527124.6,0,2874242.6,0
"3688","P02304_C",526906,0,2874514.1,0
"3689","P02304_E",526937.4,0,2874524.3,0
"3690","P02304_N",526898.9,0,2874536,0
"3691","P02305_C",526878,NA,2874250.1,NA
"3692","P02305_E",526893.2,NA,2874255.1,NA
"3693","P02305_N",526874.3,NA,2874261.6,NA
"3694","P02306_C",527736,0,2874486.1,0
"3695","P02306_E",527741.7,0,2874488,0
"3696","P02306_N",527728.9,0,2874508,0
"3697","P02307_C",527781,NA,2874653.1,NA
"3698","P02307_E",527784.8,NA,2874654.4,NA
"3699","P02307_N",527770.8,NA,2874684.5,NA
"3700","P02308_C",527797,NA,2874325.1,NA
"3701","P02308_E",527817.9,NA,2874331.9,NA
"3702","P02308_N",527795.5,NA,2874329.9,NA
"3703","P02309_C",527622,NA,2874444.1,NA
"3704","P02309_E",527652.4,NA,2874454,NA
"3705","P02309_N",527618.3,NA,2874455.6,NA
"3706","P02310_C",527653,NA,2874423.1,NA
"3707","P02310_E",527672,NA,2874429.3,NA
"3708","P02310_N",527651.1,NA,2874428.9,NA
"3709","P02311_C",528132,0,2874897.1,0
"3710","P02311_E",528137.7,0,2874899,0
"3711","P02311_N",528121.5,0,2874929.5,0
"3712","P02312_C",528283,NA,2874809.1,NA
"3713","P02312_E",528313.4,NA,2874819,NA
"3714","P02312_N",528274.3,NA,2874835.8,NA
"3715","P02313_C",528317,0,2874710.1,0
"3716","P02313_E",528322.7,0,2874712,0
"3717","P02313_N",528314.5,0,2874717.8,0
"3718","P02314_C",528132,0,2874897.1,0
"3719","P02314_E",528146.3,0,2874901.8,0
"3720","P02314_N",528121.8,0,2874928.5,0
"3721","P02315_C",528214,0,2874704.1,0
"3722","P02315_E",528220.7,0,2874706.3,0
"3723","P02315_N",528203.2,0,2874737.4,0
"3724","P02316_C",528501,0,2874921.1,0
"3725","P02316_E",528521.9,0,2874927.9,0
"3726","P02316_N",528492,0,2874948.7,0
"3727","P02317_C",528521,NA,2875100.1,NA
"3728","P02317_E",528536.2,NA,2875105.1,NA
"3729","P02317_N",528512,NA,2875127.7,NA
"3730","P02318_C",528643,NA,2874921.1,NA
"3731","P02318_E",528651.6,NA,2874923.9,NA
"3732","P02318_N",528633.7,NA,2874949.7,NA
"3733","P02319_C",528365,NA,2875063.1,NA
"3734","P02319_E",528398.3,NA,2875074,NA
"3735","P02319_N",528358.5,NA,2875083.1,NA
"3736","P02320_C",528495,NA,2874785.1,NA
"3737","P02320_E",528498.8,NA,2874786.4,NA
"3738","P02320_N",528491.3,NA,2874796.6,NA
"3739","P02321_C",526740,NA,2875445.1,NA
"3740","P02321_E",526771.4,NA,2875455.3,NA
"3741","P02321_N",526738.5,NA,2875449.9,NA
"3742","P02322_C",526790,0,2875495.1,0
"3743","P02322_E",526803.3,0,2875499.5,0
"3744","P02322_N",526784.4,0,2875512.3,0
"3745","P02323_C",526854,NA,2875310.1,NA
"3746","P02323_E",526872.1,NA,2875316,NA
"3747","P02323_N",526847.8,NA,2875329.2,NA
"3748","P02324_C",526673,NA,2875628.1,NA
"3749","P02324_E",526681.6,NA,2875630.9,NA
"3750","P02324_N",526671.1,NA,2875633.9,NA
"3751","P02325_C",525541,NA,2875335.1,NA
"3752","P02325_E",525554.3,NA,2875339.5,NA
"3753","P02325_N",525530.8,NA,2875366.5,NA
"3754","P02326_C",527192,NA,2875786.1,NA
"3755","P02326_E",527199.6,NA,2875788.6,NA
"3756","P02326_N",527184.9,NA,2875808,NA
"3757","P02327_C",527180,NA,2875947.1,NA
"3758","P02327_E",527191.4,NA,2875950.9,NA
"3759","P02327_N",527169.5,NA,2875979.5,NA
"3760","P02328_C",527238,NA,2875672.1,NA
"3761","P02328_E",527249.4,NA,2875675.9,NA
"3762","P02328_N",527232.7,NA,2875688.3,NA
"3763","P02329_C",527122,0,2875953.1,0
"3764","P02329_E",527150.5,0,2875962.4,0
"3765","P02329_N",527115.5,0,2875973.1,0
"3766","P02330_C",527087,0,2875610.1,0
"3767","P02330_E",527104.1,0,2875615.7,0
"3768","P02330_N",527076.2,0,2875643.4,0
"3769","P02331_C",527723,0,2875764.1,0
"3770","P02331_E",527742,0,2875770.3,0
"3771","P02331_N",527715,0,2875788.9,0
"3772","P02332_C",527733,0,2875951.1,0
"3773","P02332_E",527762.5,0,2875960.7,0
"3774","P02332_N",527727.1,0,2875969.2,0
"3775","P02333_C",527764,NA,2875770.1,NA
"3776","P02333_E",527778.3,NA,2875774.8,NA
"3777","P02333_N",527760,NA,2875782.5,NA
"3778","P02334_C",527689,NA,2875818.1,NA
"3779","P02334_E",527699.5,NA,2875821.5,NA
"3780","P02334_N",527687.8,NA,2875821.9,NA
"3781","P02335_C",527667,NA,2875588.1,NA
"3782","P02335_E",527670.8,NA,2875589.4,NA
"3783","P02335_N",527665.1,NA,2875593.9,NA
"3784","P02336_C",528407,NA,2875756.1,NA
"3785","P02336_E",528432.7,NA,2875764.5,NA
"3786","P02336_N",528401.1,NA,2875774.2,NA
"3787","P02337_C",528531,NA,2875820.1,NA
"3788","P02337_E",528562.4,NA,2875830.3,NA
"3789","P02337_N",528530.1,NA,2875823,NA
"3790","P02338_C",528450,NA,2875704.1,NA
"3791","P02338_E",528459.5,NA,2875707.2,NA
"3792","P02338_N",528439.5,NA,2875736.5,NA
"3793","P02339_C",528283,NA,2875764.1,NA
"3794","P02339_E",528312.5,NA,2875773.7,NA
"3795","P02339_N",528275,NA,2875788.9,NA
"3796","P02340_C",528387,0,2875541.1,0
"3797","P02340_E",528411.7,0,2875549.2,0
"3798","P02340_N",528383.6,0,2875551.6,0
"3799","P02341_C",526617,0,2876191.1,0
"3800","P02341_E",526631.3,0,2876195.8,0
"3801","P02341_N",526612.4,0,2876205.4,0
"3802","P02342_C",526616,0,2876306.1,0
"3803","P02342_E",526641.7,0,2876314.5,0
"3804","P02342_N",526614.8,0,2876309.9,0
"3805","P02343_C",526637,0,2876131.1,0
"3806","P02343_E",526660.8,0,2876138.9,0
"3807","P02343_N",526627.1,0,2876161.6,0
"3808","P02344_C",526583,0,2876204.1,0
"3809","P02344_E",526606.8,0,2876211.9,0
"3810","P02344_N",526572.2,0,2876237.4,0
"3811","P02345_C",526522,0,2875977.1,0
"3812","P02345_E",526534.4,0,2875981.2,0
"3813","P02345_N",526513.7,0,2876002.8,0
"3814","P02346_C",526853,0,2876462.1,0
"3815","P02346_E",526865.4,0,2876466.2,0
"3816","P02346_N",526844.3,0,2876488.8,0
"3817","P02347_C",526886,0,2876573.1,0
"3818","P02347_E",526903.1,0,2876578.7,0
"3819","P02347_N",526876.7,0,2876601.7,0
"3820","P02348_C",527001,0,2876456.1,0
"3821","P02348_E",527025.7,0,2876464.2,0
"3822","P02348_N",526995.4,0,2876473.3,0
"3823","P02349_C",526696,NA,2876582.1,NA
"3824","P02349_E",526723.6,NA,2876591.1,NA
"3825","P02349_N",526688.6,NA,2876605,NA
"3826","P02350_C",526896,0,2876276.1,0
"3827","P02350_E",526916.9,0,2876282.9,0
"3828","P02350_N",526886.7,0,2876304.7,0
"3829","P02351_C",527457,NA,2876516.1,NA
"3830","P02351_E",527478.9,NA,2876523.3,NA
"3831","P02351_N",527446.5,NA,2876548.5,NA
"3832","P02352_C",527500,0,2876611.1,0
"3833","P02352_E",527522.8,0,2876618.6,0
"3834","P02352_N",527496,0,2876623.5,0
"3835","P02353_C",527503,0,2876389.1,0
"3836","P02353_E",527518.2,0,2876394.1,0
"3837","P02353_N",527492.2,0,2876422.4,0
"3838","P02354_C",527295,0,2876505.1,0
"3839","P02354_E",527297.9,0,2876506.1,0
"3840","P02354_N",527291.9,0,2876514.7,0
"3841","P02355_C",527475,0,2876357.1,0
"3842","P02355_E",527482.6,0,2876359.6,0
"3843","P02355_N",527470.1,0,2876372.4,0
"3844","P02356_C",527780,0,2876842.1,0
"3845","P02356_E",527795.2,0,2876847.1,0
"3846","P02356_N",527775.4,0,2876856.4,0
"3847","P02357_C",527763,0,2876991.1,0
"3848","P02357_E",527771.6,0,2876993.9,0
"3849","P02357_N",527752.8,0,2877022.5,0
"3850","P02358_C",527863,NA,2876771.1,NA
"3851","P02358_E",527873.5,NA,2876774.5,NA
"3852","P02358_N",527860.8,NA,2876777.8,NA
"3853","P02359_C",527681,NA,2876954.1,NA
"3854","P02359_E",527696.2,NA,2876959.1,NA
"3855","P02359_N",527676.7,NA,2876967.5,NA
"3856","P02360_C",527701,NA,2876661.1,NA
"3857","P02360_E",527729.5,NA,2876670.4,NA
"3858","P02360_N",527691.1,NA,2876691.6,NA
"3859","P02361_C",526297,0,2876986.1,0
"3860","P02361_E",526315.1,0,2876992,0
"3861","P02361_N",526287.7,0,2877014.7,0
"3862","P02362_C",526332,0,2877132.1,0
"3863","P02362_E",526352,0,2877138.6,0
"3864","P02362_N",526326.7,0,2877148.3,0
"3865","P02363_C",526387,0,2876955.1,0
"3866","P02363_E",526391.8,0,2876956.7,0
"3867","P02363_N",526385.1,0,2876960.9,0
"3868","P02364_C",526188,0,2876982.1,0
"3869","P02364_E",526211.8,0,2876989.9,0
"3870","P02364_N",526186.1,0,2876987.86666667,0.0577350269727325
"3871","P02365_C",526204,NA,2876926.1,NA
"3872","P02365_E",526219.2,NA,2876931.1,NA
"3873","P02365_N",526197.2,NA,2876947.1,NA
"3874","P02366_C",526726,0,2877532.1,0
"3875","P02366_E",526750.7,0,2877540.2,0
"3876","P02366_N",526724.5,0,2877536.9,0
"3877","P02367_C",526852,NA,2877607.1,NA
"3878","P02367_E",526880.5,NA,2877616.4,NA
"3879","P02367_N",526843.7,NA,2877632.8,NA
"3880","P02368_C",526786,0,2877487.1,0
"3881","P02368_E",526795.5,0,2877490.2,0
"3882","P02368_N",526780.4,0,2877504.3,0
"3883","P02369_C",526674,NA,2877621.1,NA
"3884","P02369_E",526694,NA,2877627.6,NA
"3885","P02369_N",526666.3,NA,2877644.9,NA
"3886","P02370_C",526743,0,2877454.1,0
"3887","P02370_E",526763,0,2877460.6,0
"3888","P02370_N",526739.3,0,2877465.6,0
"3889","P02371_C",526997,0,2877842.1,0
"3890","P02371_E",527026.5,0,2877851.7,0
"3891","P02371_N",526994.8,0,2877848.8,0
"3892","P02372_C",526990,0,2877930.1,0
"3893","P02372_E",527002.4,0,2877934.2,0
"3894","P02372_N",526987.2,0,2877938.7,0
"3895","P02373_C",527028,0,2877800.1,0
"3896","P02373_E",527046.1,0,2877806,0
"3897","P02373_N",527025.8,0,2877806.8,0
"3898","P02374_C",526934,NA,2877857.1,NA
"3899","P02374_E",526966.3,NA,2877867.7,NA
"3900","P02374_N",526928.4,NA,2877874.3,NA
"3901","P02375_C",527039,0,2877680.1,0
"3902","P02375_E",527051.4,0,2877684.2,0
"3903","P02375_N",527030.3,0,2877706.8,0
"3904","P02376_C",527558,0,2877558.1,0
"3905","P02376_E",527563.7,0,2877560,0
"3906","P02376_N",527552.4,0,2877575.3,0
"3907","P02377_C",527558,0,2877686.1,0
"3908","P02377_E",527578,0,2877692.6,0
"3909","P02377_N",527555.8,0,2877692.8,0
"3910","P02378_C",527699,NA,2877498.1,NA
"3911","P02378_E",527732.3,NA,2877509,NA
"3912","P02378_N",527696.8,NA,2877504.8,NA
"3913","P02379_C",527522,0,2877645.1,0
"3914","P02379_E",527555.3,0,2877656,0
"3915","P02379_N",527519.5,0,2877652.8,0
"3916","P02380_C",527526,0,2877465.1,0
"3917","P02380_E",527538.4,0,2877469.2,0
"3918","P02380_N",527523.8,0,2877471.8,0
"3919","P02406_C",542485,0,2841390.2,0
"3920","P02406_E",542502.5,0,2841386.1,0
"3921","P02406_N",542492.6,0,2841423.3,0
"3922","P02407_C",542615,0,2841528.2,0
"3923","P02407_E",542618.9,0,2841527.3,0
"3924","P02407_N",542619.7,0,2841548.6,0
"3925","P02408_C",542515,0,2841303.2,0
"3926","P02408_E",542518.9,0,2841302.3,0
"3927","P02408_N",542516.1,0,2841308,0
"3928","P02409_C",542381,0,2841477.2,0
"3929","P02409_E",542404.4,0,2841471.8,0
"3930","P02409_N",542384.1,0,2841490.8,0
"3931","P02410_C",542463,0,2841327.2,0
"3932","P02410_E",542468.8,0,2841325.8,0
"3933","P02410_N",542466.4,0,2841341.8,0
"3934","P02411_C",542938,0,2841430.2,0
"3935","P02411_E",542960.4,0,2841425,0
"3936","P02411_N",542941.4,0,2841444.8,0
"3937","P02412_C",542960,0,2841512.2,0
"3938","P02412_E",542992.2,0,2841504.7,0
"3939","P02412_N",542962.2,0,2841521.9,0
"3940","P02413_C",543024,0,2841263.2,0
"3941","P02413_E",543055.2,0,2841256,0
"3942","P02413_N",543029.8,0,2841288.5,0
"3943","P02414_C",542877.8,13.5099962990507,2841488.4,3.11769145383906
"3944","P02414_E",542885.6,13.5099962990507,2841486.6,3.11769145383906
"3945","P02414_N",542877,0,2841520.4,0
"3946","P02416_C",543105,0,2841551.2,0
"3947","P02416_E",543125.5,0,2841546.4,0
"3948","P02416_N",543108.4,0,2841565.8,0
"3949","P02417_C",543197,0,2841635.2,0
"3950","P02417_E",543208.7,0,2841632.5,0
"3951","P02417_N",543198.6,0,2841642,0
"3952","P02418_C",543024,0,2841483.2,0
"3953","P02418_E",543048.4,0,2841477.5,0
"3954","P02418_N",543025.3,0,2841489,0
"3955","P02419_C",543037,0,2841630.2,0
"3956","P02419_E",543058.4,0,2841625.2,0
"3957","P02419_N",543041,0,2841647.7,0
"3958","P02420_C",542976,0,2841463.2,0
"3959","P02420_E",543001.3,0,2841457.3,0
"3960","P02420_N",542982.7,0,2841492.4,0
"3961","P02426_C",542557,0,2842680.2,0
"3962","P02426_E",542572.6,0,2842676.6,0
"3963","P02426_N",542559,0,2842688.9,0
"3964","P02427_C",542581,0,2842775.2,0
"3965","P02427_E",542613.2,0,2842767.7,0
"3966","P02427_N",542588,0,2842805.4,0
"3967","P02428_C",542613,0,2842527.2,0
"3968","P02428_E",542647.1,0,2842519.3,0
"3969","P02428_N",542620.4,0,2842559.3,0
"3970","P02429_C",542487,0,2842861.2,0
"3971","P02429_E",542521.1,0,2842853.3,0
"3972","P02429_N",542494.4,0,2842893.3,0
"3973","P02430_C",542448,0,2842561.2,0
"3974","P02430_E",542452.9,0,2842560,0
"3975","P02430_N",542452.9,0,2842582.6,0
"3976","P02431_C",542826,0,2842440.2,0
"3977","P02431_E",542845.5,0,2842435.7,0
"3978","P02431_N",542828.7,0,2842451.9,0
"3979","P02432_C",542916,0,2842553.2,0
"3980","P02432_E",542934.5,0,2842548.9,0
"3981","P02432_N",542917.3,0,2842559,0
"3982","P02433_C",542923,0,2842352.2,0
"3983","P02433_E",542949.3,0,2842346.1,0
"3984","P02433_N",542929.3,0,2842379.5,0
"3985","P02434_C",542810,0,2842489.2,0
"3986","P02434_E",542821.7,0,2842486.5,0
"3987","P02434_N",542815.4,0,2842512.6,0
"3988","P02435_C",542686,0,2842309.2,0
"3989","P02435_E",542709.4,0,2842303.8,0
"3990","P02435_N",542688.9,0,2842321.8,0
"3991","P02436_C",543546,0,2842695.2,0
"3992","P02436_E",543550.9,0,2842694,0
"3993","P02436_N",543549.1,0,2842708.8,0
"3994","P02437_C",543655,0,2842700.2,0
"3995","P02437_E",543687.2,0,2842692.8,0
"3996","P02437_N",543658.1,0,2842713.8,0
"3997","P02438_C",543614,0,2842647.2,0
"3998","P02438_E",543629.6,0,2842643.6,0
"3999","P02438_N",543616.5,0,2842657.9,0
"4000","P02439_C",543504,0,2842716.2,0
"4001","P02439_E",543534.2,0,2842709.2,0
"4002","P02439_N",543508,0,2842733.7,0
"4003","P02440_C",543502,0,2842623.2,0
"4004","P02440_E",543533.2,0,2842616,0
"4005","P02440_N",543506.5,0,2842642.7,0
"4006","P02446_C",542890,0,2844249.2,0
"4007","P02446_E",542919.2,0,2844242.4,0
"4008","P02446_N",542893.8,0,2844265.7,0
"4009","P02447_C",542903.333333333,28.8675134594813,2844309.86666667,8.08290376865476
"4010","P02447_E",542948.3,0,2844298.6,0
"4011","P02447_N",542927.2,0,2844336.4,0
"4012","P02448_C",542874,0,2844104.2,0
"4013","P02448_E",542877.9,0,2844103.3,0
"4014","P02448_N",542877.4,0,2844118.8,0
"4015","P02449_C",542886.666666667,28.8675134594813,2844314.53333333,8.08290376865476
"4016","P02449_E",542897.3,0,2844312.9,0
"4017","P02449_N",542871.8,0,2844327,0
"4018","P02450_C",542800,0,2844150.2,0
"4019","P02450_E",542817.5,0,2844146.1,0
"4020","P02450_N",542804.5,0,2844169.7,0
"4021","P02451_C",543216,0,2844122.2,0
"4022","P02451_E",543227.7,0,2844119.5,0
"4023","P02451_N",543218.5,0,2844132.9,0
"4024","P02452_C",543237,0,2844151.2,0
"4025","P02452_E",543258.4,0,2844146.2,0
"4026","P02452_N",543244.6,0,2844184.3,0
"4027","P02453_C",543206,0,2843978.2,0
"4028","P02453_E",543208.9,0,2843977.5,0
"4029","P02453_N",543208.9,0,2843990.8,0
"4030","P02454_C",543125,0,2844222.2,0
"4031","P02454_E",543145.5,0,2844217.4,0
"4032","P02454_N",543130.6,0,2844246.5,0
"4033","P02455_C",543077,0,2844053.2,0
"4034","P02455_E",543096.5,0,2844048.7,0
"4035","P02455_N",543078.8,0,2844061,0
"4036","P02456_C",543882,0,2844145.2,0
"4037","P02456_E",543894.7,0,2844142.2,0
"4038","P02456_N",543886.3,0,2844163.7,0
"4039","P02457_C",543921,0,2844251.2,0
"4040","P02457_E",543930.7,0,2844248.9,0
"4041","P02457_N",543927.7,0,2844280.4,0
"4042","P02458_C",543887,0,2843974.2,0
"4043","P02458_E",543915.3,0,2843967.7,0
"4044","P02458_N",543891.9,0,2843995.6,0
"4045","P02459_C",543809,0,2844211.2,0
"4046","P02459_E",543830.4,0,2844206.2,0
"4047","P02459_N",543815.5,0,2844239.4,0
"4048","P02460_C",543808,0,2844065.2,0
"4049","P02460_E",543815.8,0,2844063.4,0
"4050","P02460_N",543810.9,0,2844077.8,0
"4051","P02481_C",543196.1,NA,2841584,NA
"4052","P02481_E",543199.5,NA,2841583.2,NA
"4053","P02481_N",543201.6,NA,2841607.6,NA
"4054","P02501_C",556702.3,NA,2939542.3,NA
"4055","P02501_E",556731.8,NA,2939551.9,NA
"4056","P02501_N",556696.7,NA,2939559.4,NA
"4057","P02502_C",556697.9,NA,2939417.1,NA
"4058","P02502_E",556727.4,NA,2939426.7,NA
"4059","P02502_N",556696,NA,2939422.8,NA
"4060","P02503_C",556513.1,NA,2939541.5,NA
"4061","P02503_E",556527.3,NA,2939546.1,NA
"4062","P02503_N",556503.5,NA,2939571,NA
"4063","P02504_C",556417.8,NA,2939464.6,NA
"4064","P02504_E",556437.8,NA,2939471.1,NA
"4065","P02504_N",556412.9,NA,2939479.8,NA
"4066","P02505_C",556655.5,NA,2939544.3,NA
"4067","P02505_E",556668.8,NA,2939548.6,NA
"4068","P02505_N",556649.3,NA,2939563.3,NA
"4069","P02506_C",556986.2,NA,2939533.6,NA
"4070","P02506_E",557009.9,NA,2939541.3,NA
"4071","P02506_N",556975.7,NA,2939565.9,NA
"4072","P02507_C",556637.2,NA,2939634,NA
"4073","P02507_E",556648.6,NA,2939637.7,NA
"4074","P02507_N",556632.5,NA,2939648.2,NA
"4075","P02508_C",556752.4,NA,2939468.3,NA
"4076","P02508_E",556761,NA,2939471.1,NA
"4077","P02508_N",556746.5,NA,2939486.4,NA
"4078","P02509_C",556837,NA,2939702.4,NA
"4079","P02509_E",556850.3,NA,2939706.7,NA
"4080","P02509_N",556826.5,NA,2939734.7,NA
"4081","P02510_C",556934.8,NA,2939432.6,NA
"4082","P02510_E",556953.8,NA,2939438.8,NA
"4083","P02510_N",556929.9,NA,2939447.8,NA
"4084","P02511_C",557475.5,NA,2939448.3,NA
"4085","P02511_E",557493.6,NA,2939454.2,NA
"4086","P02511_N",557473.7,NA,2939454,NA
"4087","P02512_C",557519.1,NA,2939281.3,NA
"4088","P02512_E",557541,NA,2939288.4,NA
"4089","P02512_N",557512.3,NA,2939302.2,NA
"4090","P02513_C",557634.6,NA,2939518.8,NA
"4091","P02513_E",557660.2,NA,2939527.2,NA
"4092","P02513_N",557624.1,NA,2939551.1,NA
"4093","P02514_C",557694.2,NA,2939333,NA
"4094","P02514_E",557710.3,NA,2939338.3,NA
"4095","P02514_N",557689.5,NA,2939347.3,NA
"4096","P02515_C",557445.5,NA,2939490.3,NA
"4097","P02515_E",557471.1,NA,2939498.6,NA
"4098","P02515_N",557438.4,NA,2939512.1,NA
"4099","P02516_C",557705.7,NA,2939641,NA
"4100","P02516_E",557721.9,NA,2939646.2,NA
"4101","P02516_N",557700.2,NA,2939658.1,NA
"4102","P02517_C",557826.7,NA,2939753.4,NA
"4103","P02517_E",557839.1,NA,2939757.4,NA
"4104","P02517_N",557823.9,NA,2939761.9,NA
"4105","P02518_C",557833.4,NA,2939589.5,NA
"4106","P02518_E",557862.9,NA,2939599.1,NA
"4107","P02518_N",557826.6,NA,2939610.4,NA
"4108","P02519_C",557546.9,NA,2939744.4,NA
"4109","P02519_E",557556.4,NA,2939747.4,NA
"4110","P02519_N",557542.6,NA,2939757.7,NA
"4111","P02520_C",557621.5,NA,2939554.2,NA
"4112","P02520_E",557654.7,NA,2939565,NA
"4113","P02520_N",557611.6,NA,2939584.6,NA
"4114","P02521_C",557053.1,NA,2941036.9,NA
"4115","P02521_E",557075,NA,2941044,NA
"4116","P02521_N",557047.9,NA,2941053.1,NA
"4117","P02522_C",556418.9,NA,2940337.4,NA
"4118","P02522_E",556440.8,NA,2940344.5,NA
"4119","P02522_N",556415.2,NA,2940348.8,NA
"4120","P02523_C",556206.4,NA,2940440.6,NA
"4121","P02523_E",556236.8,NA,2940450.5,NA
"4122","P02523_N",556200.8,NA,2940457.7,NA
"4123","P02524_C",556245.8,NA,2940305.6,NA
"4124","P02524_E",556261,NA,2940310.6,NA
"4125","P02524_N",556242.1,NA,2940317,NA
"4126","P02525_C",556424.3,NA,2940462.6,NA
"4127","P02525_E",556436.7,NA,2940466.6,NA
"4128","P02525_N",556420.3,NA,2940475,NA
"4129","P02526_C",556567.7,NA,2940257.2,NA
"4130","P02526_E",556591.4,NA,2940264.9,NA
"4131","P02526_N",556559.6,NA,2940281.9,NA
"4132","P02527_C",556444.8,NA,2940330.9,NA
"4133","P02527_E",556476.2,NA,2940341.1,NA
"4134","P02527_N",556435.6,NA,2940359.4,NA
"4135","P02528_C",556381.9,NA,2940146.7,NA
"4136","P02528_E",556388.6,NA,2940148.9,NA
"4137","P02528_N",556373.9,NA,2940171.5,NA
"4138","P02529_C",556512.2,NA,2940413.1,NA
"4139","P02529_E",556540.7,NA,2940422.4,NA
"4140","P02529_N",556507.6,NA,2940427.4,NA
"4141","P02530_C",556558,NA,2940190.7,NA
"4142","P02530_E",556588.4,NA,2940200.6,NA
"4143","P02530_N",556549.3,NA,2940217.3,NA
"4144","P02531_C",556741.4,NA,2941724.4,NA
"4145","P02531_E",556749,NA,2941726.9,NA
"4146","P02531_N",556735.5,NA,2941742.5,NA
"4147","P02532_C",557100.4,NA,2940721.5,NA
"4148","P02532_E",557108.9,NA,2940724.2,NA
"4149","P02532_N",557094.8,NA,2940738.6,NA
"4150","P02533_C",557269,NA,2941093.2,NA
"4151","P02533_E",557287,NA,2941099.1,NA
"4152","P02533_N",557263.7,NA,2941109.4,NA
"4153","P02534_C",557133.2,NA,2940501.2,NA
"4154","P02534_E",557144.6,NA,2940504.9,NA
"4155","P02534_N",557129.2,NA,2940513.6,NA
"4156","P02535_C",557715,NA,2940679.9,NA
"4157","P02535_E",557734.9,NA,2940686.4,NA
"4158","P02535_N",557713.1,NA,2940685.6,NA
"4159","P02536_C",556996.5,NA,2940781.9,NA
"4160","P02536_E",557005.1,NA,2940784.7,NA
"4161","P02536_N",556991,NA,2940799,NA
"4162","P02537_C",557477,NA,2940890.4,NA
"4163","P02537_E",557503.6,NA,2940899,NA
"4164","P02537_N",557470.5,NA,2940910.4,NA
"4165","P02538_C",556753.4,NA,2940824,NA
"4166","P02538_E",556759.1,NA,2940825.9,NA
"4167","P02538_N",556746.2,NA,2940845.9,NA
"4168","P02539_C",556008,NA,2942302.7,NA
"4169","P02539_E",556022.2,NA,2942307.3,NA
"4170","P02539_N",556005.2,NA,2942311.2,NA
"4171","P02540_C",557366.8,NA,2940600.8,NA
"4172","P02540_E",557394.4,NA,2940609.8,NA
"4173","P02540_N",557362.8,NA,2940613.2,NA
"4174","P02541_C",556953.6,NA,2941239.1,NA
"4175","P02541_E",556979.3,NA,2941247.5,NA
"4176","P02541_N",556944.4,NA,2941267.7,NA
"4177","P02542_C",556093.2,NA,2941271.9,NA
"4178","P02542_E",556116,NA,2941279.3,NA
"4179","P02542_N",556085.7,NA,2941294.7,NA
"4180","P02543_C",556860.6,NA,2941330.7,NA
"4181","P02543_E",556869.2,NA,2941333.4,NA
"4182","P02543_N",556856,NA,2941344.9,NA
"4183","P02544_C",556769.4,NA,2941254.9,NA
"4184","P02544_E",556799.8,NA,2941264.8,NA
"4185","P02544_N",556764.7,NA,2941269.2,NA
"4186","P02546_C",556349.9,NA,2941315.1,NA
"4187","P02546_E",556356.5,NA,2941317.3,NA
"4188","P02546_N",556339.1,NA,2941348.4,NA
"4189","P02547_C",556151.5,NA,2941366.3,NA
"4190","P02547_E",556167.7,NA,2941371.5,NA
"4191","P02547_N",556141,NA,2941398.6,NA
"4192","P02548_C",556194.3,NA,2941363.1,NA
"4193","P02548_E",556201,NA,2941365.3,NA
"4194","P02548_N",556189.4,NA,2941378.4,NA
"4195","P02549_C",556179.7,NA,2941513.7,NA
"4196","P02549_E",556204.4,NA,2941521.7,NA
"4197","P02549_N",556175.4,NA,2941527,NA
"4198","P02562_C",556084.4,NA,2942129.1,NA
"4199","P02562_E",556112.9,NA,2942138.4,NA
"4200","P02562_N",556078.5,NA,2942147.2,NA
"4201","P02564_C",556033.8,NA,2942082.4,NA
"4202","P02564_E",556043.3,NA,2942085.5,NA
"4203","P02564_N",556029.8,NA,2942094.7,NA
"4204","P02565_C",557054.1,NA,2941038,NA
"4205","P02565_E",557061.7,NA,2941040.5,NA
"4206","P02565_N",557048.3,NA,2941056.1,NA
"4207","P02567_C",557421.9,NA,2941175.9,NA
"4208","P02567_E",557452.4,NA,2941185.8,NA
"4209","P02567_N",557416.4,NA,2941193,NA
"4210","P02568_C",556675.6,NA,2941747.4,NA
"4211","P02568_E",556691.7,NA,2941752.6,NA
"4212","P02568_N",556672.8,NA,2941756,NA
"4213","P02569_C",556482.8,NA,2941651.3,NA
"4214","P02569_E",556487.6,NA,2941652.8,NA
"4215","P02569_N",556475.4,NA,2941674.1,NA
"4216","P02570_C",556392.1,NA,2941460.4,NA
"4217","P02570_E",556418.7,NA,2941469,NA
"4218","P02570_N",556389.9,NA,2941467,NA
"4219","P02571_C",556399.1,NA,2941221.2,NA
"4220","P02571_E",556403.8,NA,2941222.7,NA
"4221","P02571_N",556388.3,NA,2941254.5,NA
"4222","P02572_C",556546,NA,2941097.8,NA
"4223","P02572_E",556577.4,NA,2941108,NA
"4224","P02572_N",556542.3,NA,2941109.2,NA
"4225","P02573_C",556781.1,NA,2941086.6,NA
"4226","P02573_E",556805.8,NA,2941094.7,NA
"4227","P02573_N",556772.1,NA,2941114.2,NA
"4228","P02574_C",556958.5,NA,2940828.3,NA
"4229","P02574_E",556989.9,NA,2940838.5,NA
"4230","P02574_N",556952.6,NA,2940846.3,NA
"4231","P02575_C",556997.9,NA,2940691.1,NA
"4232","P02575_E",557004.6,NA,2940693.3,NA
"4233","P02575_N",556991.4,NA,2940711.1,NA
"4234","P02576_C",556989.4,NA,2940583.6,NA
"4235","P02576_E",557009.4,NA,2940590.1,NA
"4236","P02576_N",556981.7,NA,2940607.4,NA
"4237","P02577_C",556723.6,NA,2940357.6,NA
"4238","P02577_E",556754.9,NA,2940367.8,NA
"4239","P02577_N",556718.3,NA,2940373.8,NA
"4240","P02578_C",556900.4,NA,2940224.4,NA
"4241","P02578_E",556928,NA,2940233.3,NA
"4242","P02578_N",556896.1,NA,2940237.7,NA
"4243","P02580_C",557495.6,NA,2939850.5,NA
"4244","P02580_E",557514.7,NA,2939856.6,NA
"4245","P02580_N",557485.7,NA,2939880.9,NA
"4246","P02601_C",519475.6,NA,2864897.9,NA
"4247","P02601_E",519490.2,NA,2864901.5,NA
"4248","P02601_N",519474.2,NA,2864903.7,NA
"4249","P02602_C",519553.1,0,2865205.6,0
"4250","P02602_E",519569.5,0,2865209.7,0
"4251","P02602_N",519551.4,0,2865212.4,0
"4252","P02603_C",519703.7,NA,2864910.5,NA
"4253","P02603_E",519717.3,NA,2864913.9,NA
"4254","P02603_N",519698.6,NA,2864930.9,NA
"4255","P02604_C",519386.5,0,2864953.1,0
"4256","P02604_E",519398.1,0,2864956,0
"4257","P02604_N",519384.3,0,2864961.9,0
"4258","P02605_C",519409.3,0,2864581,0
"4259","P02605_E",519432.6,0,2864586.8,0
"4260","P02605_N",519404.9,0,2864598.4,0
"4261","P02606_C",518966.8,NA,2864688,NA
"4262","P02606_E",518976.5,NA,2864690.4,NA
"4263","P02606_N",518958.3,NA,2864721.9,NA
"4264","P02607_C",520029.2,0,2864941.8,0
"4265","P02607_E",520055.4,0,2864948.3,0
"4266","P02607_N",520024.6,0,2864960.2,0
"4267","P02608_C",519022.6,0,2864574.2,0
"4268","P02608_E",519032.3,0,2864576.7,0
"4269","P02608_N",519016.8,0,2864597.5,0
"4270","P02609_C",519973.5,0,2864972.5,0
"4271","P02609_E",519987.1,0,2864975.9,0
"4272","P02609_N",519971.1,0,2864982.2,0
"4273","P02610_C",518925.5,0,2864371.1,0
"4274","P02610_E",518957.5,0,2864379,0
"4275","P02610_N",518918.7,0,2864398.2,0
"4276","P02611_C",519614,NA,2865402.6,NA
"4277","P02611_E",519635.3,NA,2865407.9,NA
"4278","P02611_N",519612.3,NA,2865409.4,NA
"4279","P02612_C",519811.3,0,2865544.4,0
"4280","P02612_E",519832.6,0,2865549.7,0
"4281","P02612_N",519808.6,0,2865555.1,0
"4282","P02613_C",519881.2,0,2865301.5,0
"4283","P02613_E",519909.3,0,2865308.5,0
"4284","P02613_N",519877.8,0,2865315.1,0
"4285","P02614_C",519418.8,NA,2865679.2,NA
"4286","P02614_E",519433.4,NA,2865682.8,NA
"4287","P02614_N",519415.2,NA,2865693.7,NA
"4288","P02615_C",519558.6,NA,2865224.1,NA
"4289","P02615_E",519592.6,NA,2865232.6,NA
"4290","P02615_N",519552.8,NA,2865247.4,NA
"4291","P02616_C",521145.1,0,2864829.7,0
"4292","P02616_E",521151.9,0,2864831.4,0
"4293","P02616_N",521141,0,2864846.2,0
"4294","P02617_C",521253,0,2865165.2,0
"4295","P02617_E",521276.3,0,2865171,0
"4296","P02617_N",521248.4,0,2865183.6,0
"4297","P02618_C",521289.7,0,2864860.7,0
"4298","P02618_E",521300.4,0,2864863.4,0
"4299","P02618_N",521283.2,0,2864886.9,0
"4300","P02619_C",520933.6,0,2864869.4,0
"4301","P02619_E",520965.6,0,2864877.4,0
"4302","P02619_N",520932.1,0,2864875.2,0
"4303","P02620_C",521134,0,2864765.1,0
"4304","P02620_E",521137.9,0,2864766.1,0
"4305","P02620_N",521126.5,0,2864795.2,0
"4306","P02621_C",518865.7,0,2865318.4,0
"4307","P02621_E",518875.4,0,2865320.9,0
"4308","P02621_N",518860.4,0,2865339.8,0
"4309","P02622_C",519007.3,0,2865487.8,0
"4310","P02622_E",519011.2,0,2865488.8,0
"4311","P02622_N",518999.1,0,2865520.8,0
"4312","P02623_C",519021.8,0,2865075.7,0
"4313","P02623_E",519052.9,0,2865083.4,0
"4314","P02623_N",519018,0,2865091.2,0
"4315","P02624_C",518654,0,2865496.6,0
"4316","P02624_E",518656.9,0,2865497.3,0
"4317","P02624_N",518645.8,0,2865529.6,0
"4318","P02625_C",518788.2,0,2865053.8,0
"4319","P02625_E",518809.5,0,2865059.1,0
"4320","P02625_N",518784.5,0,2865068.3,0
"4321","P02626_C",519717.05,0.0707106781021911,2865258.1,0.141421356369018
"4322","P02626_E",519743.15,0.212132034347732,2865264.85,0.212132034224255
"4323","P02626_N",519714,0,2865270.9,0.141421356369018
"4324","P02627_C",519716.85,0.212132034347732,2865559.8,0.282842712408765
"4325","P02627_E",519724.2,0.282842712491083,2865561.8,0.282842712408765
"4326","P02627_N",519709.1,0.141421356245541,2865589.85,0.212132034224255
"4327","P02628_C",519942.5,NA,2865252.4,NA
"4328","P02628_E",519947.3,NA,2865253.6,NA
"4329","P02628_N",519941.5,NA,2865256.2,NA
"4330","P02629_C",519661.2,0.282842712491083,2865282.85,0.212132034224255
"4331","P02629_E",519677.95,0.0707106781021911,2865286.9,0.141421356369018
"4332","P02629_N",519660.85,0.212132034347732,2865285.8,0.282842712408765
"4333","P02630_C",519650.7,NA,2865027.4,NA
"4334","P02630_E",519655.5,NA,2865028.6,NA
"4335","P02630_N",519645.4,NA,2865048.7,NA
"4336","P02631_C",519514.8,0.282842712491083,2864858,0
"4337","P02631_E",519525.15,0.212132034347732,2864860.8,0.282842712408765
"4338","P02631_N",519509.15,0.212132034347732,2864879.15,0.212132034224255
"4339","P02632_C",519633.9,0,2865082.7,0
"4340","P02632_E",519639.7,0,2865084.2,0
"4341","P02632_N",519630.5,0,2865096.3,0
"4342","P02633_C",519734.6,0,2864732.2,0
"4343","P02633_E",519743.3,0,2864734.3,0
"4344","P02633_N",519728.3,0,2864757.4,0
"4345","P02634_C",519205.5,0,2865075.9,0
"4346","P02634_E",519238.5,0,2865084.1,0
"4347","P02634_N",519201.8,0,2865090.5,0
"4348","P02635_C",519381.15,0.212132034347732,2864725.25,0.353553390593274
"4349","P02635_E",519395.9,0.141421356245541,2864729.05,0.0707106781845092
"4350","P02635_N",519373.15,0.212132034347732,2864757.75,0.353553390593274
"4351","P02636_C",520222.7,0,2865781.9,0
"4352","P02636_E",520234.3,0,2865784.8,0
"4353","P02636_N",520221.5,0,2865786.7,0
"4354","P02637_C",520222.4,NA,2865972.6,NA
"4355","P02637_E",520252.5,NA,2865980.1,NA
"4356","P02637_N",520219.5,NA,2865984.3,NA
"4357","P02638_C",520331.75,0.353553390593274,2865554.2,0.282842712408765
"4358","P02638_E",520343.1,0.141421356245541,2865557.15,0.212132034224255
"4359","P02638_N",520324,0,2865584.75,0.353553390593274
"4360","P02639_C",520141.6,0,2866037.1,0
"4361","P02639_E",520175.6,0,2866045.6,0
"4362","P02639_N",520140.1,0,2866042.9,0
"4363","P02640_C",520078.1,NA,2865729.4,NA
"4364","P02640_E",520091.7,NA,2865732.8,NA
"4365","P02640_N",520071.3,NA,2865756.5,NA
"4366","P02641_C",518268.2,NA,2866868,NA
"4367","P02641_E",518275,NA,2866869.7,NA
"4368","P02641_N",518263.1,NA,2866888.4,NA
"4369","P02642_C",518245.5,NA,2867191,NA
"4370","P02642_E",518261,NA,2867194.8,NA
"4371","P02642_N",518241.6,NA,2867206.5,NA
"4372","P02643_C",518315.4,0,2866880.4,0
"4373","P02643_E",518318.3,0,2866881.1,0
"4374","P02643_N",518312.3,0,2866893,0
"4375","P02644_C",518062,NA,2867083,NA
"4376","P02644_E",518082.4,NA,2867088.1,NA
"4377","P02644_N",518056.2,NA,2867106.3,NA
"4378","P02645_C",518262.7,NA,2866800.3,NA
"4379","P02645_E",518273.4,NA,2866803,NA
"4380","P02645_N",518255.9,NA,2866827.5,NA
"4381","P02646_C",519489.6,NA,2866719,NA
"4382","P02646_E",519520.6,NA,2866726.8,NA
"4383","P02646_N",519488.1,NA,2866724.8,NA
"4384","P02647_C",519436.4,0,2866943.5,0
"4385","P02647_E",519451.9,0,2866947.4,0
"4386","P02647_N",519431.6,0,2866962.9,0
"4387","P02648_C",519581.6,0,2866593,0
"4388","P02648_E",519591.3,0,2866595.5,0
"4389","P02648_N",519579.7,0,2866600.8,0
"4390","P02649_C",519281,0,2866694.1,0
"4391","P02649_E",519313,0,2866702.1,0
"4392","P02649_N",519279.1,0,2866701.9,0
"4393","P02650_C",519358.9,0,2866678.8,0
"4394","P02650_E",519373.5,0,2866682.5,0
"4395","P02650_N",519357.5,0,2866684.7,0
"4396","P02651_C",518985.2,0.282842712491083,2867225.95,0.0707106781845092
"4397","P02651_E",519013.25,0.353553390593274,2867232.95,0.0707106781845092
"4398","P02651_N",518981.25,0.353553390593274,2867241.2,0.282842712408765
"4399","P02652_C",518957.1,0,2867555,0
"4400","P02652_E",518960.9,0,2867555.9,0
"4401","P02652_N",518952.5,0,2867573.4,0
"4402","P02653_C",519177.5,0,2867115.4,0
"4403","P02653_E",519195.9,0,2867120,0
"4404","P02653_N",519174.6,0,2867127,0
"4405","P02654_C",519872.8,0.282842712491083,2867319.25,0.353553390593274
"4406","P02654_E",519884.1,0.141421356245541,2867322.2,0.282842712408765
"4407","P02654_N",519869,0,2867334,0
"4408","P02655_C",518999.75,0.353553390593274,2867056.85,0.212132034224255
"4409","P02655_E",519031.75,0.353553390593274,2867064.85,0.212132034224255
"4410","P02655_N",518993.25,0.353553390593274,2867080.95,0.0707106781845092
"4411","P02656_C",520193,NA,2866978.5,NA
"4412","P02656_E",520210.5,NA,2866982.8,NA
"4413","P02656_N",520185.5,NA,2867008.6,NA
"4414","P02657_C",520298.4,0,2867154,0
"4415","P02657_E",520325.6,0,2867160.8,0
"4416","P02657_N",520296.8,0,2867160.8,0
"4417","P02658_C",520393.6,0,2866757.3,0
"4418","P02658_E",520419.8,0,2866763.8,0
"4419","P02658_N",520390.7,0,2866769,0
"4420","P02659_C",519964.9,NA,2866999.7,NA
"4421","P02659_E",519973.6,NA,2867001.9,NA
"4422","P02659_N",519958.8,NA,2867023.9,NA
"4423","P02660_C",519976.2,0,2866858.2,0
"4424","P02660_E",519998.5,0,2866863.7,0
"4425","P02660_N",519971.6,0,2866876.6,0
"4426","P02661_C",518349,0,2866723.5,0
"4427","P02661_E",518367.5,0,2866728.1,0
"4428","P02661_N",518345.9,0,2866736.1,0
"4429","P02662_C",518323.6,0,2866975.7,0
"4430","P02662_E",518332.4,0,2866977.9,0
"4431","P02662_N",518320.7,0,2866987.4,0
"4432","P02663_C",518456.2,0,2867686.5,0
"4433","P02663_E",518475.6,0,2867691.4,0
"4434","P02663_N",518454.2,0,2867694.3,0
"4435","P02664_C",518062.2,0,2866935.4,0
"4436","P02664_E",518066.1,0,2866936.4,0
"4437","P02664_N",518058.8,0,2866949,0
"4438","P02665_C",518243.6,NA,2866517.3,NA
"4439","P02665_E",518249.4,NA,2866518.7,NA
"4440","P02665_N",518242.6,NA,2866521.2,NA
"4441","P02666_C",519093.8,0,2867259.9,0
"4442","P02666_E",519120,0,2867266.4,0
"4443","P02666_N",519089.4,0,2867277.3,0
"4444","P02667_C",519271.25,0.353553390593274,2867503.05,0.0707106781845092
"4445","P02667_E",519296.85,0.212132034347732,2867509.2,0.282842712408765
"4446","P02667_N",519264,0,2867533.1,0.141421356369018
"4447","P02668_C",519302.8,NA,2867007.9,NA
"4448","P02668_E",519322.2,NA,2867012.7,NA
"4449","P02668_N",519301.1,NA,2867014.7,NA
"4450","P02669_C",519071.5,NA,2867318.3,NA
"4451","P02669_E",519084.1,NA,2867321.4,NA
"4452","P02669_N",519065.9,NA,2867340.6,NA
"4453","P02670_C",519138.7,0,2867007.7,0
"4454","P02670_E",519149.3,0,2867010.3,0
"4455","P02670_N",519131.9,0,2867034.8,0
"4456","P02671_C",519597.2,0,2867343.7,0
"4457","P02671_E",519626.3,0,2867350.9,0
"4458","P02671_N",519593.8,0,2867357.2,0
"4459","P02672_C",519566.15,0.212132034347732,2867518.5,0.707106781186548
"4460","P02672_E",519582.9,0.141421356245541,2867523.05,0.0707106781845092
"4461","P02672_N",519561,0,2867540.15,0.212132034224255
"4462","P02673_C",519302.6,0,2867164.8,0
"4463","P02673_E",519314.2,0,2867167.7,0
"4464","P02673_N",519301.1,0,2867170.6,0
"4465","P02674_C",519458,0,2867389.8,0.282842712408765
"4466","P02674_E",519461.95,0.0707106781021911,2867390.8,0.282842712408765
"4467","P02674_N",519450.85,0.212132034347732,2867418.85,0.212132034224255
"4468","P02675_C",519539,NA,2867155.9,NA
"4469","P02675_E",519565.2,NA,2867162.5,NA
"4470","P02675_N",519537.1,NA,2867163.7,NA
"4471","P02676_C",519791.1,0,2867870,0
"4472","P02676_E",519801.8,0,2867872.6,0
"4473","P02676_N",519789.2,0,2867877.7,0
"4474","P02677_C",519968.8,NA,2868057.9,NA
"4475","P02677_E",520001.8,NA,2868066.1,NA
"4476","P02677_N",519961.1,NA,2868088.9,NA
"4477","P02678_C",520008.15,0.212132034347732,2867731.95,0.0707106781845092
"4478","P02678_E",520036.2,0.282842712491083,2867738.95,0.0707106781845092
"4479","P02678_N",520005.9,0.141421356245541,2867741.8,0.282842712408765
"4480","P02679_C",519640.8,0,2867900.5,0
"4481","P02679_E",519658.3,0,2867904.9,0
"4482","P02679_N",519638.9,0,2867908.3,0
"4483","P02680_C",519705.1,0,2867737.6,0
"4484","P02680_E",519718.6,0,2867741,0
"4485","P02680_N",519698.8,0,2867762.8,0
"4486","P02701_C",539768,NA,2910172.1,NA
"4487","P02701_E",539779,NA,2910172.9,NA
"4488","P02701_N",539767,NA,2910186,NA
"4489","P02702_C",539900,NA,2910187.1,NA
"4490","P02702_E",539921.9,NA,2910188.6,NA
"4491","P02702_N",539899.1,NA,2910200.1,NA
"4492","P02703_C",539906,NA,2910153.1,NA
"4493","P02703_E",539917,NA,2910153.9,NA
"4494","P02703_N",539904,NA,2910181,NA
"4495","P02704_C",539716,NA,2910435.1,NA
"4496","P02704_E",539733,NA,2910436.3,NA
"4497","P02704_N",539713.7,NA,2910468,NA
"4498","P02705_C",539737,NA,2910056.1,NA
"4499","P02705_E",539758.9,NA,2910057.6,NA
"4500","P02705_N",539735.7,NA,2910075,NA
"4501","P02706_C",540551,NA,2910098.1,NA
"4502","P02706_E",540559,NA,2910098.6,NA
"4503","P02706_N",540550,NA,2910113,NA
"4504","P02707_C",540552,NA,2910210.1,NA
"4505","P02707_E",540556,NA,2910210.4,NA
"4506","P02707_N",540551.4,NA,2910219.1,NA
"4507","P02708_C",540697,NA,2910028.1,NA
"4508","P02708_E",540701,NA,2910028.4,NA
"4509","P02708_N",540696.2,NA,2910040.1,NA
"4510","P02709_C",540446,NA,2910263.1,NA
"4511","P02709_E",540466.9,NA,2910264.5,NA
"4512","P02709_N",540444.7,NA,2910282,NA
"4513","P02710_C",540543,NA,2910090.1,NA
"4514","P02710_E",540554,NA,2910090.9,NA
"4515","P02710_N",540541.3,NA,2910115,NA
"4516","P02711_C",540903,NA,2910652.1,NA
"4517","P02711_E",540914,NA,2910652.9,NA
"4518","P02711_N",540901,NA,2910680,NA
"4519","P02712_C",540923,NA,2910670.1,NA
"4520","P02712_E",540954.9,NA,2910672.3,NA
"4521","P02712_N",540921,NA,2910698,NA
"4522","P02713_C",541058,NA,2910515.1,NA
"4523","P02713_E",541078,NA,2910516.5,NA
"4524","P02713_N",541057,NA,2910530,NA
"4525","P02714_C",540804,NA,2910668.1,NA
"4526","P02714_E",540823,NA,2910669.4,NA
"4527","P02714_N",540803.2,NA,2910679.1,NA
"4528","P02715_C",540908,NA,2910523.1,NA
"4529","P02715_E",540936.9,NA,2910525.1,NA
"4530","P02715_N",540906.9,NA,2910539,NA
"4531","P02716_C",541221,NA,2910710.1,NA
"4532","P02716_E",541228,NA,2910710.6,NA
"4533","P02716_N",541219.6,NA,2910730,NA
"4534","P02717_C",541315,NA,2910773.1,NA
"4535","P02717_E",541344.9,NA,2910775.2,NA
"4536","P02717_N",541312.6,NA,2910808,NA
"4537","P02718_C",541356,NA,2910522.1,NA
"4538","P02718_E",541376.9,NA,2910523.6,NA
"4539","P02718_N",541355.4,NA,2910530.1,NA
"4540","P02719_C",541097,NA,2910822.1,NA
"4541","P02719_E",541122.9,NA,2910823.9,NA
"4542","P02719_N",541096.5,NA,2910829.1,NA
"4543","P02720_C",541180,NA,2910692.1,NA
"4544","P02720_E",541185,NA,2910692.4,NA
"4545","P02720_N",541177.8,NA,2910724,NA
"4546","P02721_C",539658,NA,2911605.1,NA
"4547","P02721_E",539671,NA,2911606,NA
"4548","P02721_N",539657.6,NA,2911611.1,NA
"4549","P02722_C",539674,NA,2911682.1,NA
"4550","P02722_E",539679,NA,2911682.4,NA
"4551","P02722_N",539672.5,NA,2911703,NA
"4552","P02723_C",539672,NA,2911487.1,NA
"4553","P02723_E",539686,NA,2911488.1,NA
"4554","P02723_N",539670,NA,2911515,NA
"4555","P02724_C",539535,NA,2911593.1,NA
"4556","P02724_E",539554,NA,2911594.4,NA
"4557","P02724_N",539534.4,NA,2911602.1,NA
"4558","P02725_C",539645,NA,2911558.1,NA
"4559","P02725_E",539668.9,NA,2911559.8,NA
"4560","P02725_N",539643.1,NA,2911585,NA
"4561","P02726_C",540205,NA,2911120.1,NA
"4562","P02726_E",540234.9,NA,2911122.2,NA
"4563","P02726_N",540204.5,NA,2911127.1,NA
"4564","P02727_C",540218,NA,2911202.1,NA
"4565","P02727_E",540223,NA,2911202.4,NA
"4566","P02727_N",540215.9,NA,2911232,NA
"4567","P02728_C",540365,NA,2911110.1,NA
"4568","P02728_E",540374,NA,2911110.7,NA
"4569","P02728_N",540364.7,NA,2911114.1,NA
"4570","P02729_C",540075,NA,2911226.1,NA
"4571","P02729_E",540098.9,NA,2911227.8,NA
"4572","P02729_N",540073.5,NA,2911248,NA
"4573","P02730_C",540075,NA,2911037.1,NA
"4574","P02730_E",540094,NA,2911038.4,NA
"4575","P02730_N",540074.7,NA,2911041.1,NA
"4576","P02731_C",540881,NA,2911094.1,NA
"4577","P02731_E",540905.9,NA,2911095.8,NA
"4578","P02731_N",540879.3,NA,2911118,NA
"4579","P02732_C",540996,NA,2911135.1,NA
"4580","P02732_E",541011,NA,2911136.1,NA
"4581","P02732_N",540995.4,NA,2911143.1,NA
"4582","P02733_C",540961,NA,2911011.1,NA
"4583","P02733_E",540984.9,NA,2911012.8,NA
"4584","P02733_N",540960.4,NA,2911020.1,NA
"4585","P02734_C",540764,NA,2911086.1,NA
"4586","P02734_E",540797.9,NA,2911088.5,NA
"4587","P02734_N",540761.7,NA,2911119,NA
"4588","P02735_C",540865,NA,2911011.1,NA
"4589","P02735_E",540889.9,NA,2911012.8,NA
"4590","P02735_N",540863,NA,2911039,NA
"4591","P02736_C",541504,NA,2911572.1,NA
"4592","P02736_E",541511,NA,2911572.6,NA
"4593","P02736_N",541503.5,NA,2911579.1,NA
"4594","P02737_C",541530,NA,2911715.1,NA
"4595","P02737_E",541558.9,NA,2911717.1,NA
"4596","P02737_N",541528.3,NA,2911740,NA
"4597","P02738_C",541583,NA,2911551.1,NA
"4598","P02738_E",541608.9,NA,2911552.9,NA
"4599","P02738_N",541581.2,NA,2911577,NA
"4600","P02739_C",541443,NA,2911744.1,NA
"4601","P02739_E",541466.9,NA,2911745.8,NA
"4602","P02739_N",541442.3,NA,2911754.1,NA
"4603","P02740_C",541410,NA,2911516.1,NA
"4604","P02740_E",541436.9,NA,2911518,NA
"4605","P02740_N",541407.8,NA,2911548,NA
"4606","P02746_C",540409,NA,2912090.1,NA
"4607","P02746_E",540423,NA,2912091.1,NA
"4608","P02746_N",540407.2,NA,2912116,NA
"4609","P02747_C",540524,NA,2912112.1,NA
"4610","P02747_E",540533,NA,2912112.7,NA
"4611","P02747_N",540523.7,NA,2912117.1,NA
"4612","P02748_C",540433,NA,2911901.1,NA
"4613","P02748_E",540446,NA,2911902,NA
"4614","P02748_N",540432.5,NA,2911908.1,NA
"4615","P02750_C",540321,NA,2912057.1,NA
"4616","P02750_E",540342.9,NA,2912058.6,NA
"4617","P02750_N",540319.8,NA,2912074,NA
"4618","P02753_C",540989,NA,2912120.1,NA
"4619","P02753_E",541004,NA,2912121.1,NA
"4620","P02753_N",540987.4,NA,2912143,NA
"4621","P02755_C",540804,NA,2912109.1,NA
"4622","P02755_E",540815,NA,2912109.9,NA
"4623","P02755_N",540802.1,NA,2912136,NA
"4624","P02801_C",546533.2,0,2861635.1,0
"4625","P02801_E",546547,0,2861637.5,0
"4626","P02801_N",546530.5,0,2861650.8,0
"4627","P02802_C",546654.9,NA,2861719.3,NA
"4628","P02802_E",546669.6,NA,2861721.9,NA
"4629","P02802_N",546653.1,NA,2861729.1,NA
"4630","P02803_C",546539.9,NA,2861620.9,NA
"4631","P02803_E",546544.8,NA,2861621.7,NA
"4632","P02803_N",546538,NA,2861631.7,NA
"4633","P02804_C",546494.3,0,2861794.5,0
"4634","P02804_E",546508.1,0,2861796.9,0
"4635","P02804_N",546492.2,0,2861806.3,0
"4636","P02805_C",546550.9,NA,2861467.4,NA
"4637","P02805_E",546573.6,NA,2861471.4,NA
"4638","P02805_N",546546.6,NA,2861492,NA
"4639","P02806_C",547014.6,0,2861506.3,0
"4640","P02806_E",547023.5,0,2861507.8,0
"4641","P02806_N",547009.4,0,2861535.8,0
"4642","P02807_C",547143.8,0,2861546.3,0
"4643","P02807_E",547176.3,0,2861552.1,0
"4644","P02807_N",547143.2,0,2861550.3,0
"4645","P02808_C",547029.1,0,2861441.1,0
"4646","P02808_E",547039,0,2861442.8,0
"4647","P02808_N",547023.9,0,2861470.6,0
"4648","P02809_C",546866.8,0,2861618.4,0
"4649","P02809_E",546900.3,0,2861624.3,0
"4650","P02809_N",546865.1,0,2861628.3,0
"4651","P02810_C",546974.9,NA,2861401.4,NA
"4652","P02810_E",546979.9,NA,2861402.3,NA
"4653","P02810_N",546972.9,NA,2861413.3,NA
"4654","P02811_C",547698.9,0,2861616.9,0
"4655","P02811_E",547719.6,0,2861620.6,0
"4656","P02811_N",547695.7,0,2861634.6,0
"4657","P02812_C",547693.3,0,2861767.7,0
"4658","P02812_E",547704.2,0,2861769.7,0
"4659","P02812_N",547689.5,0,2861789.4,0
"4660","P02813_C",547788.7,0,2861573.1,0
"4661","P02813_E",547817.3,0,2861578.1,0
"4662","P02813_N",547785.8,0,2861589.8,0
"4663","P02814_C",547563.4,0,2861640.7,0
"4664","P02814_E",547594,0,2861646.1,0
"4665","P02814_N",547557.5,0,2861674.2,0
"4666","P02815_C",547676.7,0,2861590.1,0
"4667","P02815_E",547683.6,0,2861591.3,0
"4668","P02815_N",547671.8,0,2861617.6,0
"4669","P02816_C",548257,NA,2862021.5,NA
"4670","P02816_E",548286.5,NA,2862026.7,NA
"4671","P02816_N",548254.7,NA,2862034.3,NA
"4672","P02817_C",548361,0,2862040.5,0
"4673","P02817_E",548378.7,0,2862043.6,0
"4674","P02817_N",548355.5,0,2862072,0
"4675","P02818_C",548412.7,NA,2861941.6,NA
"4676","P02818_E",548428.5,NA,2861944.4,NA
"4677","P02818_N",548411.9,NA,2861946.6,NA
"4678","P02819_C",548188.3,NA,2862036.5,NA
"4679","P02819_E",548221.7,NA,2862042.4,NA
"4680","P02819_N",548185.5,NA,2862052.2,NA
"4681","P02820_C",548155.8,0,2861849.7,0
"4682","P02820_E",548188.3,0,2861855.4,0
"4683","P02820_N",548151.8,0,2861872.4,0
"4684","P02821_C",546401.5,0,2862299.8,0
"4685","P02821_E",546413.3,0,2862301.9,0
"4686","P02821_N",546397.5,0,2862322.5,0
"4687","P02822_C",546503,0,2862343.5,0
"4688","P02822_E",546508.9,0,2862344.6,0
"4689","P02822_N",546500.1,0,2862360.3,0
"4690","P02823_C",546529.3,NA,2862171.6,NA
"4691","P02823_E",546558.8,NA,2862176.8,NA
"4692","P02823_N",546525.3,NA,2862194.3,NA
"4693","P02824_C",546338.1,0,2862423.9,0
"4694","P02824_E",546343,0,2862424.8,0
"4695","P02824_N",546335.1,0,2862440.6,0
"4696","P02825_C",546279.7,0,2862131.8,0
"4697","P02825_E",546282.7,0,2862132.3,0
"4698","P02825_N",546278.4,0,2862139.7,0
"4699","P02826_C",546972.6,NA,2862789.3,NA
"4700","P02826_E",546989.3,NA,2862792.3,NA
"4701","P02826_N",546971.7,NA,2862794.2,NA
"4702","P02827_C",547058.6,0,2862968.7,0
"4703","P02827_E",547074.4,0,2862971.5,0
"4704","P02827_N",547057.1,0,2862977.6,0
"4705","P02828_C",547048.1,0,2862650.6,0
"4706","P02828_E",547079.6,0,2862656.2,0
"4707","P02828_N",547043,0,2862679.2,0
"4708","P02829_C",546943.8,0,2862863.5,0
"4709","P02829_E",546957.6,0,2862865.9,0
"4710","P02829_N",546937.7,0,2862898,0
"4711","P02830_C",546906.9,NA,2862702.3,NA
"4712","P02830_E",546941.4,NA,2862708.4,NA
"4713","P02830_N",546904.8,NA,2862714.2,NA
"4714","P02831_C",547241.2,0,2862887.7,0
"4715","P02831_E",547252,0,2862889.6,0
"4716","P02831_N",547240.5,0,2862891.6,0
"4717","P02832_C",547280.4,NA,2863014.9,NA
"4718","P02832_E",547293.2,NA,2863017.2,NA
"4719","P02832_N",547279,NA,2863022.8,NA
"4720","P02833_C",547346.7,0,2862724.8,0
"4721","P02833_E",547380.1,0,2862730.7,0
"4722","P02833_N",547344.8,0,2862735.6,0
"4723","P02834_C",547214.1,0,2862913.7,0
"4724","P02834_E",547222,0,2862915.1,0
"4725","P02834_N",547209.4,0,2862940.3,0
"4726","P02835_C",547147.7,0,2862730.2,0
"4727","P02835_E",547162.5,0,2862732.8,0
"4728","P02835_N",547145.4,0,2862743,0
"4729","P02836_C",547860.4,NA,2862723.5,NA
"4730","P02836_E",547868.3,NA,2862724.9,NA
"4731","P02836_N",547856.6,NA,2862745.2,NA
"4732","P02837_C",547901.7,NA,2862799.1,NA
"4733","P02837_E",547912.6,NA,2862801,NA
"4734","P02837_N",547898.6,NA,2862816.8,NA
"4735","P02838_C",547912.7,0,2862624.5,0
"4736","P02838_E",547937.3,0,2862628.8,0
"4737","P02838_N",547909.9,0,2862640.2,0
"4738","P02839_C",547741.6,0,2862729.7,0
"4739","P02839_E",547756.4,0,2862732.3,0
"4740","P02839_N",547736.2,0,2862760.2,0
"4741","P02840_C",547757.2,0,2862590.9,0
"4742","P02840_E",547766.1,0,2862592.4,0
"4743","P02840_N",547751.5,0,2862623.4,0
"4744","P02841_C",546191,NA,2863772.5,NA
"4745","P02841_E",546201.9,NA,2863774.4,NA
"4746","P02841_N",546187.7,NA,2863791.2,NA
"4747","P02842_C",546288.3,0,2863862.9,0
"4748","P02842_E",546312.9,0,2863867.3,0
"4749","P02842_N",546283.8,0,2863888.5,0
"4750","P02843_C",546294.9,0,2863775.8,0
"4751","P02843_E",546313.7,0,2863779.1,0
"4752","P02843_N",546293.7,0,2863782.7,0
"4753","P02844_C",546063.2,NA,2863782,NA
"4754","P02844_E",546071.1,NA,2863783.4,NA
"4755","P02844_N",546062.7,NA,2863785,NA
"4756","P02845_C",546075.4,NA,2863630.1,NA
"4757","P02845_E",546101,NA,2863634.6,NA
"4758","P02845_N",546072.6,NA,2863645.8,NA
"4759","P02846_C",546605.1,0,2863733.3,0
"4760","P02846_E",546638.6,0,2863739.2,0
"4761","P02846_N",546604.2,0,2863738.2,0
"4762","P02847_C",546627.6,NA,2863859.7,NA
"4763","P02847_E",546653.2,NA,2863864.2,NA
"4764","P02847_N",546622,NA,2863891.2,NA
"4765","P02848_C",546677.6,NA,2863631.9,NA
"4766","P02848_E",546696.3,NA,2863635.2,NA
"4767","P02848_N",546675.5,NA,2863643.7,NA
"4768","P02849_C",546582,NA,2863784.4,NA
"4769","P02849_E",546589.9,NA,2863785.8,NA
"4770","P02849_N",546576.1,NA,2863817.9,NA
"4771","P02850_C",546514.9,NA,2863680.7,NA
"4772","P02850_E",546523.8,NA,2863682.3,NA
"4773","P02850_N",546513.7,NA,2863687.6,NA
"4774","P02851_C",547318.1,NA,2863668.4,NA
"4775","P02851_E",547328,NA,2863670.2,NA
"4776","P02851_N",547314,NA,2863692.1,NA
"4777","P02852_C",547377,NA,2863775.8,NA
"4778","P02852_E",547403.6,NA,2863780.5,NA
"4779","P02852_N",547373.7,NA,2863794.5,NA
"4780","P02853_C",547469.9,0,2863538,0
"4781","P02853_E",547492.5,0,2863542,0
"4782","P02853_N",547464.6,0,2863567.5,0
"4783","P02854_C",547253.1,0,2863711,0
"4784","P02854_E",547262.9,0,2863712.8,0
"4785","P02854_N",547251,0,2863722.8,0
"4786","P02855_C",547241.3,0,2863580,0
"4787","P02855_E",547252.2,0,2863581.9,0
"4788","P02855_N",547238.2,0,2863597.7,0
"4789","P02856_C",547574.8,0,2863923.3,0
"4790","P02856_E",547601.3,0,2863928,0
"4791","P02856_N",547570.9,0,2863945,0
"4792","P02857_C",547584.1,NA,2863965.3,NA
"4793","P02857_E",547590.1,NA,2863966.4,NA
"4794","P02857_N",547581.4,NA,2863981.1,NA
"4795","P02858_C",547619,0,2863871.1,0.141421356369018
"4796","P02858_E",547640.35,0.494974746797656,2863874.5,0.707106781186548
"4797","P02858_N",547613.25,0.353553390593274,2863902.35,0.494974746962292
"4798","P02859_C",547512,0,2864072.4,0
"4799","P02859_E",547515.9,0,2864073.1,0
"4800","P02859_N",547509.9,0,2864084.3,0
"4801","P02860_C",547494.8,0,2863864.7,0
"4802","P02860_E",547505.7,0,2863866.7,0
"4803","P02860_N",547489.4,0,2863895.3,0
"4804","P02861_C",546136.3,0,2864525,0
"4805","P02861_E",546152.1,0,2864527.7,0
"4806","P02861_N",546135.5,0,2864529.9,0
"4807","P02863_C",546224.7,NA,2864492.2,NA
"4808","P02863_E",546239.5,NA,2864494.8,NA
"4809","P02863_N",546223.3,NA,2864500,NA
"4810","P02866_C",546526.2,NA,2864547.7,NA
"4811","P02866_E",546549.8,NA,2864551.9,NA
"4812","P02866_N",546521.5,NA,2864574.3,NA
"4813","P02867_C",546593.6,NA,2864603.1,NA
"4814","P02867_E",546612.3,NA,2864606.4,NA
"4815","P02867_N",546589.6,NA,2864625.8,NA
"4816","P02868_C",546618.7,0,2864470.4,0
"4817","P02868_E",546632.4,0,2864472.9,0
"4818","P02868_N",546614.1,0,2864496.1,0
"4819","P02869_C",546497,0,2864640.5,0
"4820","P02869_E",546531.4,0,2864646.6,0
"4821","P02869_N",546495.1,0,2864651.3,0
"4822","P02870_C",546489.7,0,2864459.6,0
"4823","P02870_E",546503.4,0,2864462.1,0
"4824","P02870_N",546488.8,0,2864464.6,0
"4825","P02871_C",546982.6,NA,2864521.5,NA
"4826","P02871_E",547017,NA,2864527.6,NA
"4827","P02871_N",546979.3,NA,2864540.2,NA
"4828","P02872_C",547000,0,2864533.6,0
"4829","P02872_E",547018.7,0,2864536.9,0
"4830","P02872_N",546997.7,0,2864546.4,0
"4831","P02873_C",547017.3,0.424264068695465,2864352.5,0.707106781186548
"4832","P02873_E",547042.1,0.141421356204382,2864357.15,0.212132034224255
"4833","P02873_N",547012.45,0.636396103084356,2864379.25,0.353553390593274
"4834","P02874_C",546899.1,NA,2864550.7,NA
"4835","P02874_E",546916.9,NA,2864553.8,NA
"4836","P02874_N",546893.2,NA,2864584.2,NA
"4837","P02875_C",546863.7,0,2864357.2,0
"4838","P02875_E",546872.6,0,2864358.8,0
"4839","P02875_N",546862.4,0,2864365.1,0
"4840","P02876_C",547629,0,2864755.4,0
"4841","P02876_E",547644.8,0,2864758.2,0
"4842","P02876_N",547623.5,0,2864786.9,0
"4843","P02877_C",547711.7,0,2864967.3,0
"4844","P02877_E",547714.7,0,2864967.8,0
"4845","P02877_N",547705.8,0,2865000.8,0
"4846","P02878_C",547767.1,NA,2864692.4,NA
"4847","P02878_E",547795.6,NA,2864697.4,NA
"4848","P02878_N",547764.5,NA,2864707.1,NA
"4849","P02879_C",547540.6,NA,2864743.5,NA
"4850","P02879_E",547568.2,NA,2864748.3,NA
"4851","P02879_N",547539.5,NA,2864749.4,NA
"4852","P02880_C",547589.5,0,2864558.7,0
"4853","P02880_E",547620.1,0,2864564.1,0
"4854","P02880_N",547589,0,2864561.6,0
"4855","P02901_C",551577,NA,2901608.2,NA
"4856","P02901_E",551594.7,NA,2901611.6,NA
"4857","P02901_N",551575.1,NA,2901618,NA
"4858","P02902_C",551600,NA,2901820.2,NA
"4859","P02902_E",551613.7,NA,2901822.9,NA
"4860","P02902_N",551597.9,NA,2901831,NA
"4861","P02903_C",551682,NA,2901635.2,NA
"4862","P02903_E",551711.4,NA,2901640.9,NA
"4863","P02903_N",551681,NA,2901640.1,NA
"4864","P02904_C",551541,NA,2901790.2,NA
"4865","P02904_E",551544.9,NA,2901791,NA
"4866","P02904_N",551536.8,NA,2901811.8,NA
"4867","P02905_C",551474,NA,2901452.2,NA
"4868","P02905_E",551493.6,NA,2901456,NA
"4869","P02905_N",551470.9,NA,2901467.9,NA
"4870","P02906_C",552088,NA,2901592.2,NA
"4871","P02906_E",552102.7,NA,2901595.1,NA
"4872","P02906_N",552081.7,NA,2901624.6,NA
"4873","P02907_C",552100,NA,2901695.2,NA
"4874","P02907_E",552131.4,NA,2901701.3,NA
"4875","P02907_N",552097.9,NA,2901706,NA
"4876","P02908_C",552246,NA,2901424.2,NA
"4877","P02908_E",552271.5,NA,2901429.2,NA
"4878","P02908_N",552241.4,NA,2901447.8,NA
"4879","P02909_C",551966,NA,2901767.2,NA
"4880","P02909_E",551997.4,NA,2901773.3,NA
"4881","P02909_N",551961.4,NA,2901790.8,NA
"4882","P02910_C",552025,NA,2901469.2,NA
"4883","P02910_E",552035.8,NA,2901471.3,NA
"4884","P02910_N",552019.1,NA,2901499.6,NA
"4885","P02921_C",551392,NA,2902090.2,NA
"4886","P02921_E",551395.9,NA,2902091,NA
"4887","P02921_N",551390.7,NA,2902097.1,NA
"4888","P02922_C",551399,NA,2902155.2,NA
"4889","P02922_E",551417.7,NA,2902158.8,NA
"4890","P02922_N",551395.9,NA,2902170.9,NA
"4891","P02923_C",551462,NA,2901997.2,NA
"4892","P02923_E",551488.5,NA,2902002.3,NA
"4893","P02923_N",551457,NA,2902022.7,NA
"4894","P02924_C",551326,NA,2902215.2,NA
"4895","P02924_E",551348.6,NA,2902219.6,NA
"4896","P02924_N",551321.2,NA,2902239.7,NA
"4897","P02925_C",551346,NA,2901896.2,NA
"4898","P02925_E",551370.5,NA,2901901,NA
"4899","P02925_N",551343.1,NA,2901910.9,NA
"4900","P02926_C",551944,NA,2902279.2,NA
"4901","P02926_E",551972.5,NA,2902284.7,NA
"4902","P02926_N",551938.5,NA,2902307.7,NA
"4903","P02927_C",551924,NA,2902310.2,NA
"4904","P02927_E",551953.4,NA,2902315.9,NA
"4905","P02927_N",551923.4,NA,2902313.1,NA
"4906","P02928_C",552063,NA,2902219.2,NA
"4907","P02928_E",552081.7,NA,2902222.8,NA
"4908","P02928_N",552059.8,NA,2902235.9,NA
"4909","P02929_C",551810,NA,2902317.2,NA
"4910","P02929_E",551825.7,NA,2902320.2,NA
"4911","P02929_N",551808.3,NA,2902326,NA
"4912","P02930_C",551848,NA,2902244.2,NA
"4913","P02930_E",551882.4,NA,2902250.9,NA
"4914","P02930_N",551847.4,NA,2902247.1,NA
"4915","P02941_C",551242,NA,2903661.2,NA
"4916","P02941_E",551261.6,NA,2903665,NA
"4917","P02941_N",551237.6,NA,2903683.8,NA
"4918","P02942_C",551263,NA,2903839.2,NA
"4919","P02942_E",551266.9,NA,2903840,NA
"4920","P02942_N",551258.6,NA,2903861.8,NA
"4921","P02943_C",551304,NA,2903522.2,NA
"4922","P02943_E",551329.5,NA,2903527.2,NA
"4923","P02943_N",551298.1,NA,2903552.6,NA
"4924","P02944_C",551165,NA,2903777.2,NA
"4925","P02944_E",551175.8,NA,2903779.3,NA
"4926","P02944_N",551161.8,NA,2903793.9,NA
"4927","P02945_C",551206,NA,2903457.2,NA
"4928","P02945_E",551235.4,NA,2903462.9,NA
"4929","P02945_N",551201.6,NA,2903479.8,NA
"4930","P02965_C",550878,NA,2904379.2,NA
"4931","P02965_E",550899.6,NA,2904383.4,NA
"4932","P02965_N",550874.2,NA,2904398.8,NA
"4933","P03001_C",523452,NA,2828098.1,NA
"4934","P03001_E",523465,NA,2828090.6,NA
"4935","P03001_N",523456,NA,2828105.1,NA
"4936","P03002_C",523580,NA,2828199.1,NA
"4937","P03002_E",523583.5,NA,2828197.1,NA
"4938","P03002_N",523586.5,NA,2828210.4,NA
"4939","P03003_C",523551,0,2827997.1,0
"4940","P03003_E",523570.9,0,2827985.6,0
"4941","P03003_N",523563,0,2828017.9,0
"4942","P03004_C",523407,NA,2828275.1,NA
"4943","P03004_E",523413.1,NA,2828271.6,NA
"4944","P03004_N",523413.5,NA,2828286.4,NA
"4945","P03005_C",523374,0,2827971.1,0
"4946","P03005_E",523398.2,0,2827957.1,0
"4947","P03005_N",523386.5,0,2827992.8,0
"4948","P03006_C",524214,NA,2828057.1,NA
"4949","P03006_E",524231.3,NA,2828047.1,NA
"4950","P03006_N",524226,NA,2828077.9,NA
"4951","P03007_C",524314,0,2828142.1,0
"4952","P03007_E",524322.7,0,2828137.1,0
"4953","P03007_N",524329,0,2828168.1,0
"4954","P03008_C",524214,0,2827914.1,0
"4955","P03008_E",524225.3,0,2827907.6,0
"4956","P03008_N",524229,0,2827940.1,0
"4957","P03009_C",524201,NA,2828131.1,NA
"4958","P03009_E",524224.4,NA,2828117.6,NA
"4959","P03009_N",524217,NA,2828158.9,NA
"4960","P03010_C",524149,0,2828043.1,0
"4961","P03010_E",524162,0,2828035.6,0
"4962","P03010_N",524151.5,0,2828047.5,0
"4963","P03011_C",524509,NA,2827696.1,NA
"4964","P03011_E",524538.4,NA,2827679.1,NA
"4965","P03011_N",524515.5,NA,2827707.4,NA
"4966","P03012_C",524639,0,2827624.1,0
"4967","P03012_E",524648.5,0,2827618.6,0
"4968","P03012_N",524642.5,0,2827630.2,0
"4969","P03013_C",524566,0,2827607.1,0
"4970","P03013_E",524571.2,0,2827604.1,0
"4971","P03013_N",524580,0,2827631.4,0
"4972","P03014_C",524482,0,2827914.1,0
"4973","P03014_E",524487.2,0,2827911.1,0
"4974","P03014_N",524495.5,0,2827937.5,0
"4975","P03015_C",524456,0,2827627.1,0
"4976","P03015_E",524469,0,2827619.6,0
"4977","P03015_N",524458,0,2827630.6,0
"4978","P03016_C",525049,0,2827396.1,0
"4979","P03016_E",525059.4,0,2827390.1,0
"4980","P03016_N",525058,0,2827411.7,0
"4981","P03017_C",525114,0,2827401.1,0
"4982","P03017_E",525140,0,2827386.1,0
"4983","P03017_N",525129.5,0,2827428,0
"4984","P03018_C",525047,0,2827319.1,0
"4985","P03018_E",525055.7,0,2827314.1,0
"4986","P03018_N",525052,0,2827327.8,0
"4987","P03019_C",525030,0,2827463.1,0
"4988","P03019_E",525037.8,0,2827458.6,0
"4989","P03019_N",525042.5,0,2827484.8,0
"4990","P03020_C",524957,NA,2827435.1,NA
"4991","P03020_E",524974.3,NA,2827425.1,NA
"4992","P03020_N",524961,NA,2827442.1,NA
"4993","P03021_C",523970,0,2828808.1,0
"4994","P03021_E",523993.4,0,2828794.6,0
"4995","P03021_N",523976.5,0,2828819.4,0
"4996","P03022_C",524026,NA,2828842.1,NA
"4997","P03022_E",524049.4,NA,2828828.6,NA
"4998","P03022_N",524042.5,NA,2828870.7,NA
"4999","P03023_C",523949,0,2828733.1,0
"5000","P03023_E",523978.4,0,2828716.1,0
"5001","P03023_N",523953.5,0,2828740.9,0
"5002","P03024_C",523959,NA,2828834.1,NA
"5003","P03024_E",523987.6,NA,2828817.6,NA
"5004","P03024_N",523971.5,NA,2828855.8,NA
"5005","P03025_C",523885,0,2828759.1,0
"5006","P03025_E",523894.5,0,2828753.6,0
"5007","P03025_N",523890,0,2828767.8,0
"5008","P03026_C",524817,0,2828876.1,0
"5009","P03026_E",524829.1,0,2828869.1,0
"5010","P03026_N",524824.5,0,2828889.1,0
"5011","P03027_C",524868.333333333,16.1658075373095,2828855.76666667,9.23760430703401
"5012","P03027_E",524877.466666667,15.9926024565257,2828850.43333333,9.23760430703401
"5013","P03027_N",524874.5,0,2828888,0
"5014","P03028_C",524834,0,2828684.1,0
"5015","P03028_E",524838.3,0,2828681.6,0
"5016","P03028_N",524849,0,2828710.1,0
"5017","P03029_C",524805,0,2829050.1,0
"5018","P03029_E",524824.1,0,2829039.1,0
"5019","P03029_N",524809.5,0,2829057.9,0
"5020","P03030_C",524698,0,2828894.1,0
"5021","P03030_E",524705.8,0,2828889.6,0
"5022","P03030_N",524708.5,0,2828912.3,0
"5023","P03031_C",525285,0,2828643.1,0
"5024","P03031_E",525314.4,0,2828626.1,0
"5025","P03031_N",525288.5,0,2828649.2,0
"5026","P03032_C",525415,0,2828719.1,0
"5027","P03032_E",525428,0,2828711.6,0
"5028","P03032_N",525432,0,2828748.6,0
"5029","P03033_C",525292,0,2828489.1,0
"5030","P03033_E",525298.1,0,2828485.6,0
"5031","P03033_N",525307,0,2828515.1,0
"5032","P03034_C",525224,0,2828703.1,0
"5033","P03034_E",525237,0,2828695.6,0
"5034","P03034_N",525237,0,2828725.7,0
"5035","P03035_C",525214,0,2828540.1,0
"5036","P03035_E",525229.6,0,2828531.1,0
"5037","P03035_N",525215.5,0,2828542.7,0
"5038","P03036_C",525360,0,2827967.1,0
"5039","P03036_E",525380.8,0,2827955.1,0
"5040","P03036_N",525371,0,2827986.2,0
"5041","P03037_C",525485,NA,2827932.1,NA
"5042","P03037_E",525512.7,NA,2827916.1,NA
"5043","P03037_N",525501,NA,2827959.9,NA
"5044","P03038_C",525289,NA,2827825.1,NA
"5045","P03038_E",525302,NA,2827817.6,NA
"5046","P03038_N",525292,NA,2827830.3,NA
"5047","P03039_C",525312,0,2828126.1,0
"5048","P03039_E",525326.7,0,2828117.6,0
"5049","P03039_N",525323,0,2828145.2,0
"5050","P03040_C",525286,NA,2827895.1,NA
"5051","P03040_E",525291.2,NA,2827892.1,NA
"5052","P03040_N",525300,NA,2827919.4,NA
"5053","P03041_C",524904,NA,2829973.1,NA
"5054","P03041_E",524906.6,NA,2829971.6,NA
"5055","P03041_N",524915,NA,2829992.2,NA
"5056","P03042_C",525035,0,2830112.1,0
"5057","P03042_E",525065.3,0,2830094.6,0
"5058","P03042_N",525040.5,0,2830121.7,0
"5059","P03043_C",524838,NA,2829820.1,NA
"5060","P03043_E",524858.8,NA,2829808.1,NA
"5061","P03043_N",524842,NA,2829827.1,NA
"5062","P03044_C",524822,NA,2830069.1,NA
"5063","P03044_E",524825.5,NA,2830067.1,NA
"5064","P03044_N",524825,NA,2830074.3,NA
"5065","P03045_C",524828,NA,2830001.1,NA
"5066","P03045_E",524841.9,NA,2829993.1,NA
"5067","P03045_N",524837,NA,2830016.7,NA
"5068","P03046_C",525217,0,2829595.1,0
"5069","P03046_E",525229.1,0,2829588.1,0
"5070","P03046_N",525227,0,2829612.5,0
"5071","P03047_C",525290,0,2829716.1,0
"5072","P03047_E",525293.5,0,2829714.1,0
"5073","P03047_N",525294,0,2829723.1,0
"5074","P03048_C",525194,0,2829443.1,0
"5075","P03048_E",525213.9,0,2829431.6,0
"5076","P03048_N",525199,0,2829451.8,0
"5077","P03049_C",525125,0,2829689.1,0
"5078","P03049_E",525147.5,0,2829676.1,0
"5079","P03049_N",525128.5,0,2829695.2,0
"5080","P03050_C",525138,0,2829478.1,0
"5081","P03050_E",525157.9,0,2829466.6,0
"5082","P03050_N",525147.5,0,2829494.6,0
"5083","P03051_C",525560,0,2829235.1,0
"5084","P03051_E",525574.7,0,2829226.6,0
"5085","P03051_N",525569,0,2829250.7,0
"5086","P03052_C",525699,0,2829341.1,0
"5087","P03052_E",525727.6,0,2829324.6,0
"5088","P03052_N",525712,0,2829363.7,0
"5089","P03053_C",525601,NA,2829075.1,NA
"5090","P03053_E",525630.4,NA,2829058.1,NA
"5091","P03053_N",525615.5,NA,2829100.3,NA
"5092","P03054_C",525522,NA,2829348.1,NA
"5093","P03054_E",525540.2,NA,2829337.6,NA
"5094","P03054_N",525535.5,NA,2829371.5,NA
"5095","P03055_C",525430,0,2829129.1,0
"5096","P03055_E",525440.4,0,2829123.1,0
"5097","P03055_N",525437,0,2829141.3,0
"5098","P03056_C",526018,0,2829412.1,0
"5099","P03056_E",526021.5,0,2829410.1,0
"5100","P03056_N",526025.5,0,2829425.1,0
"5101","P03057_C",526111,0,2829473.1,0
"5102","P03057_E",526114.5,0,2829471.1,0
"5103","P03057_N",526118,0,2829485.3,0
"5104","P03058_C",525967,0,2829227.1,0
"5105","P03058_E",525974.8,0,2829222.6,0
"5106","P03058_N",525972,0,2829235.8,0
"5107","P03059_C",525988,0,2829601.1,0
"5108","P03059_E",525993.2,0,2829598.1,0
"5109","P03059_N",525998.5,0,2829619.3,0
"5110","P03060_C",525864,0,2829433.1,0
"5111","P03060_E",525880.5,0,2829423.6,0
"5112","P03060_N",525870,0,2829443.5,0
"5113","P03061_C",525268,0,2830795.1,0
"5114","P03061_E",525277.5,0,2830789.6,0
"5115","P03061_N",525271,0,2830800.3,0
"5116","P03062_C",525423,0,2830784.1,0
"5117","P03062_E",525433.4,0,2830778.1,0
"5118","P03062_N",525428.5,0,2830793.7,0
"5119","P03063_C",525275,0,2830585.1,0
"5120","P03063_E",525281.1,0,2830581.6,0
"5121","P03063_N",525288,0,2830607.7,0
"5122","P03064_C",525209,0,2830979.1,0
"5123","P03064_E",525214.2,0,2830976.1,0
"5124","P03064_N",525211.5,0,2830983.5,0
"5125","P03065_C",525123,0,2830698.1,0
"5126","P03065_E",525126.5,0,2830696.1,0
"5127","P03065_N",525128.5,0,2830707.7,0
"5128","P03066_C",525649,0,2830451.1,0
"5129","P03066_E",525658.5,0,2830445.6,0
"5130","P03066_N",525661.5,0,2830472.8,0
"5131","P03067_C",525813,0,2830492.1,0
"5132","P03067_E",525818.2,0,2830489.1,0
"5133","P03067_N",525816.5,0,2830498.2,0
"5134","P03068_C",525654,0,2830313.1,0
"5135","P03068_E",525667.9,0,2830305.1,0
"5136","P03068_N",525670.5,0,2830341.7,0
"5137","P03069_C",525625.2,9.00666419934472,2830489.1,5.19615242270663
"5138","P03069_E",525630.4,9.00666419934472,2830486.1,5.19615242270663
"5139","P03069_N",525635.5,0,2830519,0
"5140","P03070_C",525549,NA,2830435.1,NA
"5141","P03070_E",525565.5,NA,2830425.6,NA
"5142","P03070_N",525553,NA,2830442.1,NA
"5143","P03101_C",535509,NA,2880265.2,NA
"5144","P03101_E",535525.9,NA,2880271.3,NA
"5145","P03101_N",535503.2,NA,2880281.1,NA
"5146","P03102_C",535522,NA,2880436.2,NA
"5147","P03102_E",535541.7,NA,2880443.3,NA
"5148","P03102_N",535517.9,NA,2880447.4,NA
"5149","P03103_C",535708,0,2880213.2,0
"5150","P03103_E",535721.2,0,2880217.9,0
"5151","P03103_N",535704.2,0,2880223.5,0
"5152","P03104_C",535385,0,2880264.2,0
"5153","P03104_E",535409.4,0,2880273.1,0
"5154","P03104_N",535379.5,0,2880279.2,0
"5155","P03105_C",535501,0,2880228.2,0
"5156","P03105_E",535523.6,0,2880236.4,0
"5157","P03105_N",535493.8,0,2880247.9,0
"5158","P03106_C",536325,0,2880399.2,0
"5159","P03106_E",536333.5,0,2880402.2,0
"5160","P03106_N",536317.5,0,2880419.8,0
"5161","P03108_C",536520,0,2880283.1,0.141421356369018
"5162","P03108_E",536527.75,0.353553390593274,2880285.95,0.0707106781845092
"5163","P03108_N",536515.95,0.0707106781021911,2880294.2,0.282842712408765
"5164","P03109_C",536256,0,2880487.2,0
"5165","P03109_E",536274.8,0,2880494,0
"5166","P03109_N",536248.8,0,2880506.9,0
"5167","P03110_C",536268,0,2880260.2,0
"5168","P03110_E",536277.4,0,2880263.6,0
"5169","P03110_N",536257.1,0,2880290.2,0
"5170","P03114_C",536631,0,2880274.2,0
"5171","P03114_E",536646,0,2880279.6,0
"5172","P03114_N",536628.6,0,2880280.7,0
"5173","P03116_C",537226,NA,2880771.2,NA
"5174","P03116_E",537231.6,NA,2880773.2,NA
"5175","P03116_N",537220.5,NA,2880786.2,NA
"5176","P03117_C",537262,0,2880894.2,0
"5177","P03117_E",537265.8,0,2880895.5,0
"5178","P03117_N",537250.7,0,2880925.2,0
"5179","P03118_C",537266,0,2880697.2,0
"5180","P03118_E",537297,0,2880708.4,0
"5181","P03118_N",537264.6,0,2880700.9,0
"5182","P03119_C",537170,NA,2880789.2,NA
"5183","P03119_E",537198.2,NA,2880799.4,NA
"5184","P03119_N",537161.8,NA,2880811.7,NA
"5185","P03120_C",537226,0,2880758.2,0
"5186","P03120_E",537235.4,0,2880761.6,0
"5187","P03120_N",537222.2,0,2880768.5,0
"5188","P03121_C",535561,NA,2881068.2,NA
"5189","P03121_E",535586.4,NA,2881077.4,NA
"5190","P03121_N",535550.7,NA,2881096.4,NA
"5191","P03122_C",535652,0,2881257.2,0
"5192","P03122_E",535658.6,0,2881259.6,0
"5193","P03122_N",535648.9,0,2881265.6,0
"5194","P03123_C",535708,0,2881058.2,0
"5195","P03123_E",535734.3,0,2881067.7,0
"5196","P03123_N",535703.9,0,2881069.4,0
"5197","P03124_C",535411,0,2881132.2,0
"5198","P03124_E",535414.8,0,2881133.5,0
"5199","P03124_N",535409.3,0,2881136.9,0
"5200","P03125_C",535576,NA,2880980.2,NA
"5201","P03125_E",535605.1,NA,2880990.8,NA
"5202","P03125_N",535568.5,NA,2881000.8,NA
"5203","P03126_C",535845,0,2881014.2,0
"5204","P03126_E",535872.3,0,2881024.1,0
"5205","P03126_N",535840.6,0,2881026.4,0
"5206","P03127_C",535892,NA,2881216.2,NA
"5207","P03127_E",535908,NA,2881222,NA
"5208","P03127_N",535883.8,NA,2881238.7,NA
"5209","P03128_C",535873,0,2881005.2,0
"5210","P03128_E",535898.4,0,2881014.4,0
"5211","P03128_N",535868.2,0,2881018.3,0
"5212","P03129_C",535729,NA,2881071.2,NA
"5213","P03129_E",535760,NA,2881082.4,NA
"5214","P03129_N",535720.4,NA,2881094.7,NA
"5215","P03130_C",535800,NA,2880989.2,NA
"5216","P03130_E",535808.5,NA,2880992.2,NA
"5217","P03130_N",535797.6,NA,2880995.7,NA
"5218","P03131_C",536210,0,2881320.2,0
"5219","P03131_E",536235.4,0,2881329.4,0
"5220","P03131_N",536205.2,0,2881333.3,0
"5221","P03132_C",536237,NA,2881373.2,NA
"5222","P03132_E",536268.9,NA,2881384.8,NA
"5223","P03132_N",536225.7,NA,2881404.2,NA
"5224","P03133_C",536254,NA,2881219.2,NA
"5225","P03133_E",536266.2,NA,2881223.6,NA
"5226","P03133_N",536245.4,NA,2881242.7,NA
"5227","P03134_C",536117,NA,2881302.2,NA
"5228","P03134_E",536138.6,NA,2881310,NA
"5229","P03134_N",536107.1,NA,2881329.4,NA
"5230","P03135_C",536055,0,2881239.2,0
"5231","P03135_E",536071,0,2881245,0
"5232","P03135_N",536053.3,0,2881243.9,0
"5233","P03136_C",536773,0,2881273.2,0
"5234","P03136_E",536801.2,0,2881283.4,0
"5235","P03136_N",536766.8,0,2881290.1,0
"5236","P03137_C",536796,NA,2881446.2,NA
"5237","P03137_E",536822.3,NA,2881455.7,NA
"5238","P03137_N",536792.9,NA,2881454.6,NA
"5239","P03138_C",536899,0,2881248.1,0.141421356369018
"5240","P03138_E",536930.45,0.636396103084356,2881259.4,0.565685424817529
"5241","P03138_N",536891.25,0.353553390593274,2881268.4,0.565685424817529
"5242","P03139_C",536600,0,2881326.2,0
"5243","P03139_E",536625.4,0,2881335.4,0
"5244","P03139_N",536590.8,0,2881351.5,0
"5245","P03140_C",536732,0,2881153.2,0
"5246","P03140_E",536754.6,0,2881161.4,0
"5247","P03140_N",536730.3,0,2881157.9,0
"5248","P03141_C",535216,NA,2882006.2,NA
"5249","P03141_E",535239.5,NA,2882014.7,NA
"5250","P03141_N",535207.8,NA,2882028.7,NA
"5251","P03142_C",535279,0,2882077.2,0
"5252","P03142_E",535305.3,0,2882086.7,0
"5253","P03142_N",535272.5,0,2882095,0
"5254","P03143_C",535259,NA,2881912.2,NA
"5255","P03143_E",535270.3,NA,2881916.3,NA
"5256","P03143_N",535258,NA,2881915,NA
"5257","P03144_C",535070,0,2882145.2,0
"5258","P03144_E",535076.6,0,2882147.6,0
"5259","P03144_N",535061.8,0,2882167.7,0
"5260","P03145_C",535145,NA,2881920.2,NA
"5261","P03145_E",535174.1,NA,2881930.8,NA
"5262","P03145_N",535134.4,NA,2881949.3,NA
"5263","P03146_C",535602,0,2882528.2,0
"5264","P03146_E",535618.9,0,2882534.3,0
"5265","P03146_N",535596.9,0,2882542.3,0
"5266","P03147_C",535589,NA,2882692.2,NA
"5267","P03147_E",535600.3,NA,2882696.3,NA
"5268","P03147_N",535583.5,NA,2882707.2,NA
"5269","P03148_C",535775,0,2882412.2,0
"5270","P03148_E",535804.1,0,2882422.8,0
"5271","P03148_N",535773.3,0,2882416.9,0
"5272","P03149_C",535510,NA,2882575.2,NA
"5273","P03149_E",535518.5,NA,2882578.2,NA
"5274","P03149_N",535500.1,NA,2882602.4,NA
"5275","P03150_C",535555,0,2882359.2,0
"5276","P03150_E",535580.4,0,2882368.4,0
"5277","P03150_N",535543.7,0,2882390.2,0
"5278","P03151_C",536075,NA,2882554.2,NA
"5279","P03151_E",536087.2,NA,2882558.6,NA
"5280","P03151_N",536065.8,NA,2882579.5,NA
"5281","P03152_C",536166,0,2882594.2,0
"5282","P03152_E",536180.1,0,2882599.3,0
"5283","P03152_N",536154.7,0,2882625.2,0
"5284","P03153_C",536249,NA,2882482.2,NA
"5285","P03153_E",536252.8,NA,2882483.5,NA
"5286","P03153_N",536241.1,NA,2882503.8,NA
"5287","P03154_C",536002,0,2882579.2,0
"5288","P03154_E",536015.2,0,2882583.9,0
"5289","P03154_N",536001,0,2882582,0
"5290","P03155_C",536166,0,2882465.2,0
"5291","P03155_E",536192.3,0,2882474.7,0
"5292","P03155_N",536163.3,0,2882472.7,0
"5293","P03156_C",536556,NA,2882319.2,NA
"5294","P03156_E",536567.3,NA,2882323.3,NA
"5295","P03156_N",536552.6,NA,2882328.6,NA
"5296","P03157_C",536670,NA,2882396.2,NA
"5297","P03157_E",536702.9,NA,2882408.1,NA
"5298","P03157_N",536658.7,NA,2882427.2,NA
"5299","P03158_C",536720,0,2882298.2,0
"5300","P03158_E",536738.8,0,2882305,0
"5301","P03158_N",536713.5,0,2882316,0
"5302","P03159_C",536478,0,2882306.2,0
"5303","P03159_E",536499.6,0,2882314,0
"5304","P03159_N",536474.2,0,2882316.5,0
"5305","P03160_C",536508,0,2882158.2,0
"5306","P03160_E",536516.5,0,2882161.2,0
"5307","P03160_N",536496.7,0,2882189.2,0
"5308","P03161_C",534689,0,2882690.2,0
"5309","P03161_E",534707.8,0,2882697,0
"5310","P03161_N",534679.1,0,2882717.4,0
"5311","P03162_C",534756,0,2882737.2,0
"5312","P03162_E",534786.1,0,2882748.1,0
"5313","P03162_N",534747.8,0,2882759.7,0
"5314","P03163_C",534825,0,2882618.2,0
"5315","P03163_E",534858.8,0,2882630.5,0
"5316","P03163_N",534822.9,0,2882623.8,0
"5317","P03164_C",534573,0,2882727.2,0
"5318","P03164_E",534582.4,0,2882730.6,0
"5319","P03164_N",534566.2,0,2882746,0
"5320","P03165_C",534694,NA,2882632.2,NA
"5321","P03165_E",534711.9,NA,2882638.7,NA
"5322","P03165_N",534692.6,NA,2882635.9,NA
"5323","P03166_C",535289,NA,2883302.2,NA
"5324","P03166_E",535318.1,NA,2883312.8,NA
"5325","P03166_N",535285.9,NA,2883310.6,NA
"5326","P03167_C",535266,NA,2883402.2,NA
"5327","P03167_E",535288.6,NA,2883410.4,NA
"5328","P03167_N",535258.5,NA,2883422.8,NA
"5329","P03168_C",535340,0,2883149.2,0
"5330","P03168_E",535368.2,0,2883159.4,0
"5331","P03168_N",535328.7,0,2883180.2,0
"5332","P03169_C",535246,0,2883382.2,0
"5333","P03169_E",535276.1,0,2883393.1,0
"5334","P03169_N",535245,0,2883385,0
"5335","P03170_C",535320,0,2883136.2,0
"5336","P03170_E",535332.2,0,2883140.6,0
"5337","P03170_N",535316.6,0,2883145.6,0
"5338","P03171_C",535733,0,2883283.2,0
"5339","P03171_E",535763.1,0,2883294.1,0
"5340","P03171_N",535727.5,0,2883298.2,0
"5341","P03172_C",535857,NA,2883306.2,NA
"5342","P03172_E",535860.8,NA,2883307.5,NA
"5343","P03172_N",535848.8,NA,2883328.7,NA
"5344","P03173_C",535897,0,2883163.2,0
"5345","P03173_E",535913,0,2883169,0
"5346","P03173_N",535893.9,0,2883171.6,0
"5347","P03174_C",535701,0,2883308.2,0
"5348","P03174_E",535733.9,0,2883320.1,0
"5349","P03174_N",535698.9,0,2883313.8,0
"5350","P03175_C",535691,NA,2883251.2,NA
"5351","P03175_E",535701.3,NA,2883254.9,NA
"5352","P03175_N",535682.8,NA,2883273.7,NA
"5353","P03176_C",535942,0,2883756.2,0
"5354","P03176_E",535958,0,2883762,0
"5355","P03176_N",535931.1,0,2883786.2,0
"5356","P03177_C",536053,0,2883891.2,0
"5357","P03177_E",536058.6,0,2883893.2,0
"5358","P03177_N",536042.1,0,2883921.2,0
"5359","P03178_C",536042,0,2883753.2,0
"5360","P03178_E",536058,0,2883759,0
"5361","P03178_N",536039.3,0,2883760.7,0
"5362","P03179_C",535924,0,2883803.2,0
"5363","P03179_E",535952.2,0,2883813.4,0
"5364","P03179_N",535918.2,0,2883819.1,0
"5365","P03180_C",535968,0,2883653.2,0
"5366","P03180_E",535989.6,0,2883661,0
"5367","P03180_N",535958.1,0,2883680.4,0
"5368","P03201_C",533495,0,2837004,0
"5369","P03201_E",533504,0,2837001,0
"5370","P03201_N",533498,0,2837012,0
"5371","P03204_C",533514,0,2837124,0
"5372","P03204_E",533522,0,2837120,0
"5373","P03204_N",533518,0,2837131,0
"5374","P03205_C",533350,0,2836927,0
"5375","P03205_E",533376,0,2836916,0
"5376","P03205_N",533357,0,2836945,0
"5377","P03206_C",534090,0,2836712,0
"5378","P03206_E",534103,0,2836708,0
"5379","P03206_N",534096,0,2836725,0
"5380","P03207_C",534151,0,2836719,0
"5381","P03207_E",534158,0,2836717,0
"5382","P03207_N",534153,0,2836726,0
"5383","P03208_C",534127,0,2836598,0
"5384","P03208_E",534155,0,2836586,0
"5385","P03208_N",534129,0,2836609,0
"5386","P03211_C",534055,0,2836334,0
"5387","P03211_E",534060,0,2836331,0
"5388","P03211_N",534060,0,2836345,0
"5389","P03212_C",534132,0,2836358,0
"5390","P03212_E",534150,0,2836350,0
"5391","P03212_N",534142,0,2836380,0
"5392","P03213_C",534066,0,2836244,0
"5393","P03213_E",534080,0,2836237,0
"5394","P03213_N",534078,0,2836269,0
"5395","P03216_C",534679,0,2836164,0
"5396","P03216_E",534684,0,2836162,0
"5397","P03216_N",534683,0,2836172,0
"5398","P03217_C",534817,0,2836226,0
"5399","P03217_E",534825,0,2836224,0
"5400","P03217_N",534829,0,2836252,0
"5401","P03219_C",534606,0,2836300,0
"5402","P03219_E",534613,0,2836296,0
"5403","P03219_N",534616,0,2836316,0
"5404","P03222_C",533862,0,2837813,0
"5405","P03222_E",533870,0,2837807,0
"5406","P03222_N",533866,0,2837820,0
"5407","P03223_C",533873,0,2837736,0
"5408","P03223_E",533890,0,2837727,0
"5409","P03223_N",533881,0,2837756,0
"5410","P03224_C",533699,0,2837884,0
"5411","P03224_E",533716,0,2837879,0
"5412","P03224_N",533705,0,2837898,0
"5413","P03226_C",534116,0,2837741,0
"5414","P03226_E",534143,0,2837728,0
"5415","P03226_N",534122,0,2837756,0
"5416","P03228_C",534067,0,2837594,0
"5417","P03228_E",534090,0,2837585,0
"5418","P03228_N",534074,0,2837606,0
"5419","P03230_C",534056,0,2837729,0
"5420","P03230_E",534077,0,2837720,0
"5421","P03230_N",534068,0,2837760,0
"5422","P03231_C",534978,0,2837893,0
"5423","P03231_E",534990,0,2837890,0
"5424","P03231_N",534987,0,2837914,0
"5425","P03232_C",535048,0,2837945,0
"5426","P03232_E",535059,0,2837940,0
"5427","P03232_N",535051,0,2837953,0
"5428","P03235_C",534940,0,2837876,0
"5429","P03235_E",534972,0,2837862,0
"5430","P03235_N",534951,0,2837900,0
"5431","P03237_C",535559,0,2838168,0
"5432","P03237_E",535578,0,2838159,0
"5433","P03237_N",535569,0,2838194,0
"5434","P03239_C",535360,0,2838101,0
"5435","P03239_E",535378,0,2838092,0
"5436","P03239_N",535370,0,2838128,0
"5437","P03240_C",535338,0,2837965,0
"5438","P03240_E",535341,0,2837963,0
"5439","P03240_N",535330,0,2837994,0
"5440","P03241_C",534582,0,2839418,0
"5441","P03241_E",534595,0,2839412,0
"5442","P03241_N",534593,NA,2839444,NA
"5443","P03242_C",534689,0,2839490,0
"5444","P03242_E",534708,0,2839481,0
"5445","P03242_N",534693,0,2839494,0
"5446","P03245_C",534473,0,2839438,0
"5447","P03245_E",534480,0,2839433,0
"5448","P03245_N",534476,0,2839445,0
"5449","P03246_C",534819,NA,2839112,NA
"5450","P03246_E",534835,NA,2839104,NA
"5451","P03246_N",534830,NA,2839138,NA
"5452","P03249_C",534824,0,2839243,0
"5453","P03249_E",534850,0,2839231,0
"5454","P03249_N",534829,0,2839251,0
"5455","P03250_C",534746,NA,2839056,NA
"5456","P03250_E",534762,NA,2839047,NA
"5457","P03250_N",534751,NA,2839067,NA
"5458","P03251_C",535729,0,2839332,0
"5459","P03251_E",535739,0,2839325,0
"5460","P03251_N",535732,0,2839340,0
"5461","P03253_C",535779,0,2839143,0
"5462","P03253_E",535787,0,2839139,0
"5463","P03253_N",535788,0,2839163,0
"5464","P03255_C",535619,0,2839256,0
"5465","P03255_E",535639,0,2839246,0
"5466","P03255_N",535621,0,2839264,0
"5467","P03257_C",535787,0,2838616,0
"5468","P03257_E",535797,0,2838612,0
"5469","P03257_N",535790,0,2838624,0
"5470","P03258_C",535648,0,2838463,0
"5471","P03258_E",535652,0,2838461,0
"5472","P03258_N",535650,0,2838466,0
"5473","P03259_C",535581,0,2838621,0
"5474","P03259_E",535601,0,2838609,0
"5475","P03259_N",535591,0,2838642,0
"5476","P03263_C",535093,0,2840446,0
"5477","P03263_E",535117,0,2840436,0
"5478","P03263_N",535101,0,2840467,0
"5479","P03264_C",535000,NA,2840774,NA
"5480","P03264_E",535029,NA,2840762,NA
"5481","P03264_N",535013,NA,2840806,NA
"5482","P03265_C",534986,0,2840472,0
"5483","P03265_E",535008,0,2840463,0
"5484","P03265_N",534999,0,2840499,0
"5485","P03266_C",535223,0,2839647,0
"5486","P03266_E",535241,0,2839639,0
"5487","P03266_N",535236,0,2839657,0
"5488","P03269_C",535172,0,2839760,0
"5489","P03269_E",535177,0,2839758,0
"5490","P03269_N",535181,0,2839778,0
"5491","P03270_C",535072,0,2839574,0
"5492","P03270_E",535103,0,2839559,0
"5493","P03270_N",535073,0,2839578,0
"5494","P03271_C",536005,0,2839601,0
"5495","P03271_E",536020,0,2839599,0
"5496","P03271_N",536010,0,2839625,0
"5497","P03272_C",535085,0,2839577,0
"5498","P03272_E",535094,0,2839569,0
"5499","P03272_N",535096,0,2839604,0
"5500","P03275_C",535959,0,2839552,0
"5501","P03275_E",535962,0,2839551,0
"5502","P03275_N",535963,0,2839562,0
"5503","P03276_C",536325,0,2840029,0
"5504","P03276_E",536335,0,2840023,0
"5505","P03276_N",536329,0,2840039,0
"5506","P03277_C",536365,0,2840107,0
"5507","P03277_E",536385,0,2840098,0
"5508","P03277_N",536376,0,2840133,0
"5509","P03278_C",536338,0,2839953,0
"5510","P03278_E",536343,0,2839951,0
"5511","P03278_N",536347,0,2839973,0
"5512","P03401_C",529280,0,2850561,0
"5513","P03401_E",529314,0,2850560,0
"5514","P03401_N",529280,0,2850593,0
"5515","P03403_C",529361,0,2850407,0
"5516","P03403_E",529377,0,2850409,0
"5517","P03403_N",529361,0,2850435,0
"5518","P03404_C",529243,0,2850701,0
"5519","P03404_E",529254,0,2850701,0
"5520","P03404_N",529244,0,2850712,0
"5521","P03407_C",529973,0,2850857,0
"5522","P03407_E",529993,0,2850856,0
"5523","P03407_N",529975,0,2850856,0
"5524","P03409_C",529806,0,2850747,0
"5525","P03409_E",529820,0,2850748,0
"5526","P03409_N",529805,0,2850769,0
"5527","P03410_C",529782,NA,2850677,NA
"5528","P03410_E",529815,NA,2850677,NA
"5529","P03410_N",529782,NA,2850702,NA
"5530","P03411_C",530118,0,2850512,0
"5531","P03411_E",530128,0,2850512,0
"5532","P03411_N",530119,0,2850525,0
"5533","P03412_C",530225,0,2850552,0
"5534","P03412_E",530235,0,2850553,0
"5535","P03412_N",530224,0,2850559,0
"5536","P03415_C",530106,0,2850469,0
"5537","P03415_E",530127,0,2850471,0
"5538","P03415_N",530105,0,2850483,0
"5539","P03417_C",530781,0,2850048,0
"5540","P03417_E",530812,0,2850048,0
"5541","P03417_N",530780,0,2850075,0
"5542","P03418_C",530750,0,2850012,0
"5543","P03418_E",530786,0,2850010,0
"5544","P03418_N",530752,0,2850044,0
"5545","P03420_C",530672,0,2849991,0
"5546","P03420_E",530698,0,2849992,0
"5547","P03420_N",530669,0,2850016,0
"5548","P03421_C",529251,0,2852198,0
"5549","P03421_E",529276,0,2852198,0
"5550","P03421_N",529250,0,2852221,0
"5551","P03423_C",529342,0,2852083,0
"5552","P03423_E",529377,0,2852083,0
"5553","P03423_N",529342,0,2852117,0
"5554","P03424_C",529235,0,2852365,0
"5555","P03424_E",529241,0,2852366,0
"5556","P03424_N",529234,0,2852374,0
"5557","P03426_C",529567,0,2851026,0
"5558","P03426_E",529598,0,2851025,0
"5559","P03426_N",529567,0,2851053,0
"5560","P03428_C",529644,0,2850862,0
"5561","P03428_E",529668,0,2850866,0
"5562","P03428_N",529643,0,2850878,0
"5563","P03429_C",529471,0,2851143,0
"5564","P03429_E",529484,0,2851143,0
"5565","P03429_N",529470,0,2851159,0
"5566","P03431_C",530346,0,2851455,0
"5567","P03431_E",530359,0,2851455,0
"5568","P03431_N",530348,0,2851477,0
"5569","P03433_C",530463,0,2851296,0
"5570","P03433_E",530493,0,2851305,0
"5571","P03433_N",530462,0,2851311,0
"5572","P03435_C",530268,0,2851347,0
"5573","P03435_E",530301,0,2851348,0
"5574","P03435_N",530270,0,2851364,0
"5575","P03437_C",530920,0,2851364,0
"5576","P03437_E",530951,0,2851361,0
"5577","P03437_N",530919,0,2851380,0
"5578","P03438_C",530900,0,2851293,0
"5579","P03438_E",530915,0,2851292,0
"5580","P03438_N",530900,0,2851299,0
"5581","P03439_C",530778,0,2851476,0
"5582","P03439_E",530808,0,2851475,0
"5583","P03439_N",530778,0,2851492,0
"5584","P03441_C",529309,0,2853236,0
"5585","P03441_E",529336,0,2853237,0
"5586","P03441_N",529309,0,2853254,0
"5587","P03443_C",529349,0,2853192,0
"5588","P03443_E",529383,0,2853192,0
"5589","P03443_N",529348,0,2853217,0
"5590","P03444_C",529230,0,2853327,0
"5591","P03444_E",529232,0,2853329,0
"5592","P03444_N",529228,0,2853344,0
"5593","P03446_C",529628,0,2852605,0
"5594","P03446_E",529643,0,2852604,0
"5595","P03446_N",529629,0,2852635,0
"5596","P03448_C",529668,0,2852481,0
"5597","P03448_E",529694,0,2852481,0
"5598","P03448_N",529669,0,2852515,0
"5599","P03450_C",529510,0,2852468,0
"5600","P03450_E",529530,0,2852468,0
"5601","P03450_N",529510,0,2852481,0
"5602","P03451_C",530172,0,2853356,0
"5603","P03451_E",530178,0,2853355,0
"5604","P03451_N",530168,0,2853370,0
"5605","P03453_C",530283,0,2853333,0
"5606","P03453_E",530298,0,2853333,0
"5607","P03453_N",530284,0,2853340,0
"5608","P03454_C",530088,0,2853404,0
"5609","P03454_E",530119,0,2853403,0
"5610","P03454_N",530089,0,2853415,0
"5611","P03456_C",530747,0,2852544,0
"5612","P03456_E",530756,0,2852544,0
"5613","P03456_N",530746,0,2852555,0
"5614","P03459_C",530708,0,2852666,0
"5615","P03459_E",530729,0,2852668,0
"5616","P03459_N",530706,0,2852678,0
"5617","P03460_C",530624,0,2852382,0
"5618","P03460_E",530636,0,2852382,0
"5619","P03460_N",530623,0,2852391,0
"5620","P03462_C",529577,0,2853953,0
"5621","P03462_E",529592,0,2853953,0
"5622","P03462_N",529577,0,2853978,0
"5623","P03463_C",529602,0,2853650,0
"5624","P03463_E",529631,0,2853650,0
"5625","P03463_N",529601,0,2853680,0
"5626","P03464_C",529427,0,2853877,0
"5627","P03464_E",529435,0,2853878,0
"5628","P03464_N",529425,0,2853885,0
"5629","P03467_C",530080,0,2854031,0
"5630","P03467_E",530104,0,2854032,0
"5631","P03467_N",530080,0,2854043,0
"5632","P03469_C",529956,0,2854008,0
"5633","P03469_E",529963,0,2854008,0
"5634","P03469_N",529955,0,2854033,0
"5635","P03470_C",529956,0,2853895,0
"5636","P03470_E",529985,0,2853895,0
"5637","P03470_N",529956,0,2853916,0
"5638","P03471_C",530288,0,2853459,0
"5639","P03471_E",530302,0,2853458,0
"5640","P03471_N",530285,0,2853485,0
"5641","P03472_C",530362,0,2853461,0
"5642","P03472_E",530382,0,2853461,0
"5643","P03472_N",530361,1.4142135623731,2853465,0
"5644","P03474_C",530171,0,2853496,0
"5645","P03474_E",530175,0,2853496,0
"5646","P03474_N",530172,0,2853501,0
"5647","P03476_C",530749,0,2853923,0
"5648","P03476_E",530758,0,2853922,0
"5649","P03476_N",530747,0,2853931,0
"5650","P03477_C",530805,0,2854077,0
"5651","P03477_E",530822,0,2854076,0
"5652","P03477_N",530805,0,2854084,0
"5653","P03480_C",530716,0,2853877,0
"5654","P03480_E",530741,0,2853878,0
"5655","P03480_N",530717,0,2853895,0
"5656","P03503_C",523000,NA,2903408,NA
"5657","P03503_E",523012,NA,2903410,NA
"5658","P03503_N",522998,NA,2903421,NA
"5659","P03505_C",522603,0,2904345,0
"5660","P03505_E",522631,0,2904346,0
"5661","P03505_N",522604,0,2904378,0
"5662","P03506_C",523071,NA,2903948,NA
"5663","P03506_E",523103,NA,2903953,NA
"5664","P03506_N",523066,NA,2903977,NA
"5665","P03507_C",523096,NA,2903982,NA
"5666","P03507_E",523117,NA,2903986,NA
"5667","P03507_N",523094,NA,2903999,NA
"5668","P03509_C",522945,NA,2903952,NA
"5669","P03509_E",522977,NA,2903958,NA
"5670","P03509_N",522942,NA,2903970,NA
"5671","P03512_C",523821,NA,2903974,NA
"5672","P03512_E",523846,NA,2903978,NA
"5673","P03512_N",523819,NA,2903988,NA
"5674","P03513_C",523798,NA,2903937,NA
"5675","P03513_E",523805,NA,2903938,NA
"5676","P03513_N",523795,NA,2903955,NA
"5677","P03516_C",524238,0,2904500,0
"5678","P03516_E",524258,0,2904500,0
"5679","P03516_N",524239,0,2904525,0
"5680","P03517_C",524300,0,2904549,0
"5681","P03517_E",524325,0,2904548,0
"5682","P03517_N",524300,0,2904558,0
"5683","P03518_C",524327,NA,2904235,NA
"5684","P03518_E",524338,NA,2904237,NA
"5685","P03518_N",524324,NA,2904254,NA
"5686","P03519_C",524134,0,2904659,0
"5687","P03519_E",524149,0,2904659,0
"5688","P03519_N",524134,0,2904680,0
"5689","P03520_C",524176,NA,2904318,NA
"5690","P03520_E",524198,NA,2904321,NA
"5691","P03520_N",524175,NA,2904321,NA
"5692","P03523_C",522814,NA,2905034,NA
"5693","P03523_E",522829,NA,2905036,NA
"5694","P03523_N",522811,NA,2905055,NA
"5695","P03524_C",522674,NA,2905194,NA
"5696","P03524_E",522705,NA,2905199,NA
"5697","P03524_N",522671,NA,2905213,NA
"5698","P03525_C",522737,NA,2904955,NA
"5699","P03525_E",522743,NA,2904956,NA
"5700","P03525_N",522734,NA,2904969,NA
"5701","P03526_C",523340,NA,2904994,NA
"5702","P03526_E",523350,NA,2904996,NA
"5703","P03526_N",523334,NA,2905028,NA
"5704","P03527_C",523365,NA,2905031,NA
"5705","P03527_E",523387,NA,2905034,NA
"5706","P03527_N",523363,NA,2905045,NA
"5707","P03528_C",523450,NA,2904965,NA
"5708","P03528_E",523474,NA,2904969,NA
"5709","P03528_N",523447,NA,2904985,NA
"5710","P03529_C",523268,NA,2905114,NA
"5711","P03529_E",523293,NA,2905118,NA
"5712","P03529_N",523265,NA,2905132,NA
"5713","P03533_C",523570,NA,2904732,NA
"5714","P03533_E",523599,NA,2904737,NA
"5715","P03533_N",523564,NA,2904765,NA
"5716","P03535_C",523389,NA,2904569,NA
"5717","P03535_E",523415,NA,2904573,NA
"5718","P03535_N",523385,NA,2904596,NA
"5719","P03537_C",524100,NA,2905406,NA
"5720","P03537_E",524116,NA,2905408,NA
"5721","P03537_N",524099,NA,2905417,NA
"5722","P03539_C",523996,NA,2905322,NA
"5723","P03539_E",524008,NA,2905324,NA
"5724","P03539_N",523995,NA,2905332,NA
"5725","P03541_C",522272,NA,2906628,NA
"5726","P03541_E",522288,NA,2906631,NA
"5727","P03541_N",522271,NA,2906631,NA
"5728","P03542_C",522309,NA,2906680,NA
"5729","P03542_E",522342,NA,2906685,NA
"5730","P03542_N",522308,NA,2906691,NA
"5731","P03543_C",522356,NA,2906516,NA
"5732","P03543_E",522370,NA,2906518,NA
"5733","P03543_N",522351,NA,2906549,NA
"5734","P03546_C",522924,NA,2905866,NA
"5735","P03546_E",522938,NA,2905869,NA
"5736","P03546_N",522920,NA,2905895,NA
"5737","P03547_C",522961,NA,2905892,NA
"5738","P03547_E",522979,NA,2905895,NA
"5739","P03547_N",522960,NA,2905896,NA
"5740","P03548_C",523023,NA,2905849,NA
"5741","P03548_E",523052,NA,2905853,NA
"5742","P03548_N",523020,NA,2905865,NA
"5743","P03551_C",523610,0,2906543,0
"5744","P03551_E",523632,0,2906545,0
"5745","P03551_N",523611,0,2906579,0
"5746","P03552_C",523668,NA,2906119,NA
"5747","P03552_E",523679,NA,2906120,NA
"5748","P03552_N",523665,NA,2906136,NA
"5749","P03554_C",523597,0,2906611,0
"5750","P03554_E",523628,0,2906612,0
"5751","P03554_N",523596,0,2906625,0
"5752","P03555_C",523595,0,2906365,0
"5753","P03555_E",523620,0,2906364,0
"5754","P03555_N",523594,0,2906391,0
"5755","P03557_C",523861,0,2906443,0
"5756","P03557_E",523879,0,2906442,0
"5757","P03557_N",523861,0,2906471,0
"5758","P03558_C",523773,NA,2906343,NA
"5759","P03558_E",523794,NA,2906347,NA
"5760","P03558_N",523770,NA,2906363,NA
"5761","P03559_C",523782,0,2906418,0
"5762","P03559_E",523792,0,2906419,0
"5763","P03559_N",523783,0,2906428,0
"5764","P03560_C",523787,0,2906200,0
"5765","P03560_E",523821,0,2906200,0
"5766","P03560_N",523786,0,2906229,0
"5767","P03562_C",522451,NA,2907618,NA
"5768","P03562_E",522485,NA,2907624,NA
"5769","P03562_N",522449,NA,2907633,NA
"5770","P03563_C",522555,NA,2907456,NA
"5771","P03563_E",522585,NA,2907461,NA
"5772","P03563_N",522550,NA,2907489,NA
"5773","P03565_C",522318,NA,2907461,NA
"5774","P03565_E",522343,NA,2907465,NA
"5775","P03565_N",522314,NA,2907486,NA
"5776","P03566_C",522686,NA,2907492,NA
"5777","P03566_E",522690,NA,2907493,NA
"5778","P03566_N",522685,NA,2907498,NA
"5779","P03567_C",522777,NA,2907541,NA
"5780","P03567_E",522788,NA,2907543,NA
"5781","P03567_N",522775,NA,2907558,NA
"5782","P03570_C",522607,NA,2907351,NA
"5783","P03570_E",522611,NA,2907352,NA
"5784","P03570_N",522606,NA,2907362,NA
"5785","P03571_C",523096,NA,2907638,NA
"5786","P03571_E",523124,NA,2907643,NA
"5787","P03571_N",523093,NA,2907651,NA
"5788","P03576_C",523444,NA,2907966,NA
"5789","P03576_E",523478,NA,2907971,NA
"5790","P03576_N",523439,NA,2907997,NA
"5791","P03602_C",540601,0,2871729.33333333,0.577350269189626
"5792","P03602_E",540623.333333333,1.15470053837925,2871729.66666667,1.15470053837925
"5793","P03602_N",540600.666666667,0.577350269189626,2871756.33333333,0.577350269189626
"5794","P03603_C",540698.666666667,0.577350269189626,2871558.33333333,0.577350269189626
"5795","P03603_E",540703.666666667,0.577350269189626,2871558.33333333,0.577350269189626
"5796","P03603_N",540698.666666667,0.577350269189626,2871562.66666667,1.15470053837925
"5797","P03604_C",540555.333333333,0.577350269189626,2871674.33333333,0.577350269189626
"5798","P03604_E",540560,0,2871674.66666667,1.15470053837925
"5799","P03604_N",540555.666666667,1.15470053837925,2871688,0
"5800","P03606_C",540940.666666667,0.577350269189626,2871205.66666667,0.577350269189626
"5801","P03606_E",540955.666666667,0.577350269189626,2871206.33333333,0.577350269189626
"5802","P03606_N",540941,0,2871218,0
"5803","P03608_C",541036.666666667,0.577350269189626,2871093.33333333,0.577350269189626
"5804","P03608_E",541046.666666667,0.577350269189626,2871093.66666667,1.15470053837925
"5805","P03608_N",541037.333333333,0.577350269189626,2871123.66666667,1.15470053837925
"5806","P03610_C",540851,0,2871179.66666667,0.577350269189626
"5807","P03610_E",540877.333333333,0.577350269189626,2871183,5.19615242270663
"5808","P03610_N",540850.666666667,0.577350269189626,2871189.33333333,0.577350269189626
"5809","P03612_C",541606.666666667,0.577350269189626,2871327.33333333,0.577350269189626
"5810","P03612_E",541640.666666667,0.577350269189626,2871327.33333333,0.577350269189626
"5811","P03612_N",541607,0,2871356,0
"5812","P03614_C",541467.333333333,0.577350269189626,2871284.66666667,0.577350269189626
"5813","P03614_E",541502,0,2871285.66666667,1.15470053837925
"5814","P03614_N",541467,0,2871308.66666667,1.15470053837925
"5815","P03615_C",541553,0,2871027.33333333,0.577350269189626
"5816","P03615_E",541575,0,2871027,0
"5817","P03615_N",541553,0,2871034.33333333,0.577350269189626
"5818","P03618_C",542239.333333333,0.577350269189626,2871333,0
"5819","P03618_E",542272,0,2871333,0
"5820","P03618_N",542238.333333333,1.15470053837925,2871352.33333333,0.577350269189626
"5821","P03619_C",542051,0,2871489,0
"5822","P03619_E",542062.333333333,0.577350269189626,2871489.66666667,1.15470053837925
"5823","P03619_N",542051.333333333,0.577350269189626,2871522.33333333,1.15470053837925
"5824","P03620_C",542032.666666667,0.577350269189626,2871373.66666667,1.15470053837925
"5825","P03620_E",542042.666666667,0.577350269189626,2871373,0
"5826","P03620_N",542033,0,2871397.66666667,1.15470053837925
"5827","P03622_C",540513,0,2872143.33333333,0.577350269189626
"5828","P03622_E",540527.333333333,1.15470053837925,2872143,0
"5829","P03622_N",540513,0,2872172.66666667,1.15470053837925
"5830","P03623_C",540610,0,2871999.33333333,0.577350269189626
"5831","P03623_E",540644.666666667,0.577350269189626,2871999.33333333,0.577350269189626
"5832","P03623_N",540610,0,2872022.66666667,1.15470053837925
"5833","P03625_C",540419,0,2871972,0
"5834","P03625_E",540453,0,2871972,0
"5835","P03625_N",540419,0,2871982.66666667,1.15470053837925
"5836","P03627_C",540943,0,2872540,0
"5837","P03627_E",540969.666666667,0.577350269189626,2872540.66666667,1.15470053837925
"5838","P03627_N",540942.333333333,1.15470053837925,2872552,1.73205080756888
"5839","P03628_C",541047,0,2872448.33333333,0.577350269189626
"5840","P03628_E",541073.666666667,0.577350269189626,2872448,0
"5841","P03628_N",541047,0,2872468.33333333,0.577350269189626
"5842","P03629_C",540874.666666667,0.577350269189626,2872576,0
"5843","P03629_E",540878.666666667,0.577350269189626,2872576,0
"5844","P03629_N",540875.333333333,0.577350269189626,2872590.33333333,0.577350269189626
"5845","P03632_C",541018,0,2872660.66666667,1.15470053837925
"5846","P03632_E",541047.333333333,0.577350269189626,2872660,0
"5847","P03632_N",541018.333333333,0.577350269189626,2872674.33333333,0.577350269189626
"5848","P03633_C",541141.666666667,0.577350269189626,2872593.66666667,1.15470053837925
"5849","P03633_E",541169.666666667,0.577350269189626,2872593.33333333,0.577350269189626
"5850","P03633_N",541141.666666667,0.577350269189626,2872608,0
"5851","P03634_C",540944,0,2872657,0
"5852","P03634_E",540949.666666667,0.577350269189626,2872657.66666667,1.15470053837925
"5853","P03634_N",540943.333333333,1.15470053837925,2872663.33333333,0.577350269189626
"5854","P03636_C",541928,NA,2872243,NA
"5855","P03636_E",541931,NA,2872245,NA
"5856","P03636_N",541927,NA,2872251,NA
"5857","P03638_C",542015,NA,2872123,NA
"5858","P03638_E",542028,NA,2872124,NA
"5859","P03638_N",542015,NA,2872134,NA
"5860","P03640_C",541820,NA,2872172,NA
"5861","P03640_E",541849,NA,2872172,NA
"5862","P03640_N",541817,NA,2872206,NA
"5863","P03642_C",539984.666666667,0.577350269189626,2873109.33333333,0.577350269189626
"5864","P03642_E",540001.666666667,0.577350269189626,2873109.66666667,1.15470053837925
"5865","P03642_N",539984.666666667,0.577350269189626,2873126.33333333,0.577350269189626
"5866","P03643_C",540041,0,2872878,0
"5867","P03643_E",540058,0,2872876,0
"5868","P03643_N",540041,0,2872912,0
"5869","P03644_C",539916,0,2873032,0
"5870","P03644_E",539947,0,2873033,0
"5871","P03644_N",539916,0,2873048,0
"5872","P03647_C",540825,0,2873555,0
"5873","P03647_E",540834,0,2873555.33333333,0.577350269189626
"5874","P03647_N",540825,0,2873571.33333333,0.577350269189626
"5875","P03649_C",540679,0,2873430,0
"5876","P03649_E",540687.666666667,0.577350269189626,2873430.33333333,0.577350269189626
"5877","P03649_N",540678.666666667,0.577350269189626,2873439,0
"5878","P03650_C",540709.666666667,0.577350269189626,2873215,0
"5879","P03650_E",540728,0,2873215.33333333,0.577350269189626
"5880","P03650_N",540709.666666667,0.577350269189626,2873222.33333333,0.577350269189626
"5881","P03652_C",541068,0,2874436.33333333,0.577350269189626
"5882","P03652_E",541087.666666667,0.577350269189626,2874436.33333333,0.577350269189626
"5883","P03652_N",541068,0,2874455,0
"5884","P03653_C",541042,1.73205080756888,2874341,1.73205080756888
"5885","P03653_E",541066.333333333,0.577350269189626,2874340.33333333,0.577350269189626
"5886","P03653_N",541043.333333333,0.577350269189626,2874362,0
"5887","P03655_C",540933.666666667,0.577350269189626,2874268.33333333,0.577350269189626
"5888","P03655_E",540942,0,2874268,0
"5889","P03655_N",540934,0,2874273,0
"5890","P03656_C",541417.666666667,0.577350269189626,2873826,0
"5891","P03656_E",541421,1.73205080756888,2873826.33333333,0.577350269189626
"5892","P03656_N",541417.666666667,0.577350269189626,2873841,0
"5893","P03658_C",541502.666666667,0.577350269189626,2873668.33333333,0.577350269189626
"5894","P03658_E",541518,0,2873668.33333333,0.577350269189626
"5895","P03658_N",541502.666666667,0.577350269189626,2873695,0
"5896","P03659_C",541347,0,2873880,0
"5897","P03659_E",541352,0,2873880,0
"5898","P03659_N",541347,0,2873905.33333333,0.577350269189626
"5899","P03661_C",539786.333333333,10.9696551146029,2874947,0
"5900","P03661_E",539812.333333333,0.577350269189626,2874947,0
"5901","P03661_N",539779.333333333,1.15470053837925,2874969,0
"5902","P03663_C",539885,0,2874813,0
"5903","P03663_E",539896.666666667,0.577350269189626,2874813,0
"5904","P03663_N",539885,0,2874822.33333333,0.577350269189626
"5905","P03664_C",539667,0,2875037.33333333,0.577350269189626
"5906","P03664_E",539695.666666667,0.577350269189626,2875037.33333333,0.577350269189626
"5907","P03664_N",539666.666666667,0.577350269189626,2875045,0
"5908","P03668_C",540317.666666667,0.577350269189626,2874731.33333333,0.577350269189626
"5909","P03668_E",540346.666666667,1.15470053837925,2874731.33333333,0.577350269189626
"5910","P03668_N",540318,0,2874759.33333333,0.577350269189626
"5911","P03669_C",540217.666666667,0.577350269189626,2874873,0
"5912","P03669_E",540241,0,2874873.33333333,0.577350269189626
"5913","P03669_N",540217.666666667,0.577350269189626,2874884.33333333,0.577350269189626
"5914","P03670_C",540291.666666667,0.577350269189626,2874738.33333333,0.577350269189626
"5915","P03670_E",540312,0,2874738.66666667,1.15470053837925
"5916","P03670_N",540291.333333333,1.15470053837925,2874743.33333333,0.577350269189626
"5917","P03672_C",540576,0,2875151,0
"5918","P03672_E",540590,0,2875151.66666667,1.15470053837925
"5919","P03672_N",540576.333333333,0.577350269189626,2875182.66666667,1.15470053837925
"5920","P03673_C",540628.333333333,1.15470053837925,2874960,0
"5921","P03673_E",540660.666666667,0.577350269189626,2874960.33333333,0.577350269189626
"5922","P03673_N",540629,0,2874969.33333333,0.577350269189626
"5923","P03675_C",540464,0,2874931.33333333,0.577350269189626
"5924","P03675_E",540476.666666667,0.577350269189626,2874931.66666667,1.15470053837925
"5925","P03675_N",540463.666666667,0.577350269189626,2874943.66666667,1.15470053837925
"5926","P03676_C",540908,0,2875457.33333333,0.577350269189626
"5927","P03676_E",540930.333333333,1.15470053837925,2875457.33333333,0.577350269189626
"5928","P03676_N",540908.333333333,0.577350269189626,2875482,1.73205080756888
"5929","P03677_C",541016.666666667,0.577350269189626,2875493.66666667,1.15470053837925
"5930","P03677_E",541043.666666667,0.577350269189626,2875493.33333333,0.577350269189626
"5931","P03677_N",541017,0,2875517.33333333,0.577350269189626
"5932","P03678_C",540981.666666667,0.577350269189626,2875466.33333333,0.577350269189626
"5933","P03678_E",540985.666666667,0.577350269189626,2875466,0
"5934","P03678_N",540982,0,2875495.33333333,0.577350269189626
"5935","P03701_C",562920,0,2907692,0
"5936","P03701_E",562925,0,2907691,0
"5937","P03701_N",562918,0,2907708,0
"5938","P03704_C",562840,0,2907728,0
"5939","P03704_E",562865,0,2907728,0
"5940","P03704_N",562840,0,2907743,0
"5941","P03705_C",562856,0,2907624,0
"5942","P03705_E",562865,0,2907624,0
"5943","P03705_N",562855,0,2907635,0
"5944","P03707_C",563342,0,2908426,0
"5945","P03707_E",563374,0,2908424,0
"5946","P03707_N",563342,0,2908446,0
"5947","P03708_C",563400,0,2908114,0
"5948","P03708_E",563427,0,2908114,0
"5949","P03708_N",563402,0,2908135,0
"5950","P03710_C",563197,0,2908080,0
"5951","P03710_E",563208,0,2908081,0
"5952","P03710_N",563197,0,2908085,0
"5953","P03712_C",563671,0,2908546,0
"5954","P03712_E",563704,0,2908547,0
"5955","P03712_N",563670,0,2908552,0
"5956","P03713_C",563697,0,2908435,0
"5957","P03713_E",563729,0,2908432,0
"5958","P03713_N",563695,0,2908437,0
"5959","P03715_C",563651,0,2908341,0
"5960","P03715_E",563667,0,2908340,0
"5961","P03715_N",563651,0,2908345,0
"5962","P03716_C",564165,0,2908548,0
"5963","P03716_E",564172,0,2908549,0
"5964","P03716_N",564164,0,2908558,0
"5965","P03718_C",564185,0,2908497,0
"5966","P03718_E",564198,0,2908497,0
"5967","P03718_N",564185,0,2908522,0
"5968","P03719_C",564107,0,2908635,0
"5969","P03719_E",564134,0,2908634,0
"5970","P03719_N",564109,0,2908656,0
"5971","P03721_C",562470,0,2909240,0
"5972","P03721_E",562500,0,2909241,0
"5973","P03721_N",562470,0,2909251,0
"5974","P03728_C",563130,0,2909261,0
"5975","P03728_E",563159,0,2909261,0
"5976","P03728_N",563131,0,2909287,0
"5977","P03732_C",563390,0,2909428,0
"5978","P03732_E",563402,0,2909437,0
"5979","P03732_N",563391,0,2909446,0
"5980","P03737_C",563784,0,2909477,0
"5981","P03737_E",563793,0,2909476,0
"5982","P03737_N",563784,0,2909506,0
"5983","P03738_C",563816,0,2909328,0
"5984","P03738_E",563832,0,2909326,0
"5985","P03738_N",563815,0,2909356,0
"5986","P03740_C",563725,0,2909228,0
"5987","P03740_E",563736,0,2909226,0
"5988","P03740_N",563725,0,2909253,0
"5989","P03745_C",562369,0,2909791,0
"5990","P03745_E",562395,0,2909790,0
"5991","P03745_N",562366,0,2909810,0
"5992","P03746_C",562845,0,2910068,0
"5993","P03746_E",562869,0,2910069,0
"5994","P03746_N",562845,0,2910101,0
"5995","P03748_C",562887,0,2910005,0
"5996","P03748_E",562912,0,2910003,0
"5997","P03748_N",562887,0,2910025,0
"5998","P03750_C",562757,0,2909881,0
"5999","P03750_E",562783,0,2909882,0
"6000","P03750_N",562757,0,2909901,0
"6001","P03751_C",563118,0,2910896,0
"6002","P03751_E",563144,0,2910896,0
"6003","P03751_N",563118,0,2910906,0
"6004","P03753_C",563200,0,2910740,0
"6005","P03753_E",563233,0,2910738,0
"6006","P03753_N",563199,0,2910757,0
"6007","P03755_C",563074,0,2910720,0
"6008","P03755_E",563094,0,2910720,0
"6009","P03755_N",563073,0,2910738,0
"6010","P03756_C",563720,0,2910879,0
"6011","P03756_E",563739,0,2910878,0
"6012","P03756_N",563719,0,2910885,0
"6013","P03757_C",563786,0,2910898,0
"6014","P03757_E",563803,0,2910895,0
"6015","P03757_N",563784,0,2910909,0
"6016","P03759_C",563693,0,2910996,0
"6017","P03759_E",563725,0,2910997,0
"6018","P03759_N",563694,0,2911010,0
"6019","P03768_C",562778,0,2911621,0
"6020","P03768_E",562798,0,2911620,0
"6021","P03768_N",562780,0,2911634,0
"6022","P03769_C",562640,0,2911853,0
"6023","P03769_E",562664,0,2911851,0
"6024","P03769_N",562641,0,2911875,0
"6025","P03770_C",562678,0,2911676,0
"6026","P03770_E",562703,0,2911675,0
"6027","P03770_N",562677,0,2911688,0
"6028","P03771_C",563048,0,2911303,0
"6029","P03771_E",563081,0,2911303,0
"6030","P03771_N",563045,0,2911319,0
"6031","P03772_C",563159,0,2911378,0
"6032","P03772_E",563182,0,2911377,0
"6033","P03772_N",563159,0,2911396,0
"6034","P03775_C",563041,0,2911274,0
"6035","P03775_E",563073,0,2911276,0
"6036","P03775_N",563041,0,2911298,0
"6037","P03777_C",563417,0,2911400,0
"6038","P03777_E",563440,0,2911399,0
"6039","P03777_N",563417,0,2911407,0
"6040","P03778_C",563434,0,2911255,0
"6041","P03778_E",563448,0,2911256,0
"6042","P03778_N",563435,0,2911277,0
"6043","P03780_C",563355,0,2911327,0
"6044","P03780_E",563372,0,2911327,0
"6045","P03780_N",563356,0,2911332,0
"6046","P03781_C",562231,NA,2911314,NA
"6047","P03781_E",562242,NA,2911315,NA
"6048","P03781_N",562229,NA,2911328,NA
"6049","P03782_C",562821,NA,2908461,NA
"6050","P03782_E",562854,NA,2908467,NA
"6051","P03782_N",562816,NA,2908491,NA
"6052","P03783_C",563778,NA,2910381,NA
"6053","P03783_E",563809,NA,2910386,NA
"6054","P03783_N",563777,NA,2910392,NA
"6055","P03784_C",563222,NA,2911898,NA
"6056","P03784_E",563255,NA,2911904,NA
"6057","P03784_N",563221,NA,2911906,NA
"6058","P03785_C",562745,NA,2908545,NA
"6059","P03785_E",562760,NA,2908548,NA
"6060","P03785_N",562742,NA,2908561,NA
"6061","P03786_C",562401,NA,2910085,NA
"6062","P03786_E",562408,NA,2910086,NA
"6063","P03786_N",562400,NA,2910092,NA
"6064","P03787_C",562040,NA,2911348,NA
"6065","P03787_E",562066,NA,2911352,NA
"6066","P03787_N",562038,NA,2911359,NA
"6067","P03788_C",562460,NA,2910204,NA
"6068","P03788_E",562488,NA,2910209,NA
"6069","P03788_N",562457,NA,2910221,NA
"6070","P03901_C",520256,0,2888398,0
"6071","P03901_E",520263,0,2888398,0
"6072","P03901_N",520256,0,2888405,0
"6073","P03904_C",520117,0,2888475,0
"6074","P03904_E",520146,0,2888475,0
"6075","P03904_N",520118,0,2888501,0
"6076","P03905_C",520160,0,2888360,0
"6077","P03905_E",520177,0,2888360,0
"6078","P03905_N",520160,0,2888390,0
"6079","P03906_C",520469,0,2888725,0
"6080","P03906_E",520477,0,2888725,0
"6081","P03906_N",520470,0,2888738,0
"6082","P03908_C",520544,0,2888643,0
"6083","P03908_E",520552,0,2888644,0
"6084","P03908_N",520544,0,2888652,0
"6085","P03909_C",520370,0,2888770,0
"6086","P03909_E",520382,0,2888770,0
"6087","P03909_N",520369,0,2888801,0
"6088","P03912_C",520862,0,2888532,0
"6089","P03912_E",520895,0,2888532,0
"6090","P03912_N",520861,0,2888561,0
"6091","P03913_C",520946,0,2888342,0
"6092","P03913_E",520965,0,2888340,0
"6093","P03913_N",520946,0,2888366,0
"6094","P03915_C",520857,0,2888289,0
"6095","P03915_E",520888,0,2888290,0
"6096","P03915_N",520857,0,2888319,0
"6097","P03916_C",521607,NA,2888637,NA
"6098","P03916_E",521612,NA,2888637,NA
"6099","P03916_N",521606,NA,2888670,NA
"6100","P03918_C",521621,NA,2888633,NA
"6101","P03918_E",521622,NA,2888635,NA
"6102","P03918_N",521620,NA,2888654,NA
"6103","P03919_C",521463,NA,2888704,NA
"6104","P03919_E",521477,NA,2888705,NA
"6105","P03919_N",521464,NA,2888729,NA
"6106","P03922_C",519684,0,2890392,0
"6107","P03922_E",519690,0,2890393,0
"6108","P03922_N",519685,0,2890424,0
"6109","P03923_C",519747,0,2890207,0
"6110","P03923_E",519751,0,2890206,0
"6111","P03923_N",519748,0,2890229,0
"6112","P03924_C",519536,0,2890485,0
"6113","P03924_E",519549,0,2890484,0
"6114","P03924_N",519536,0,2890506,0
"6115","P03928_C",520063,0,2889426,0
"6116","P03928_E",520095,0,2889430,0
"6117","P03928_N",520063,0,2889433,0
"6118","P03929_C",519965,0,2889663,0
"6119","P03929_E",519984,0,2889662,0
"6120","P03929_N",519964,0,2889673,0
"6121","P03930_C",519969,0,2889565,0
"6122","P03930_E",519988,0,2889566,0
"6123","P03930_N",519968,0,2889554,0
"6124","P03931_C",520447,0,2889997,0
"6125","P03931_E",520475,0,2889998,0
"6126","P03931_N",520447,0,2890009,0
"6127","P03934_C",520405,0,2890130,0
"6128","P03934_E",520429,0,2890131,0
"6129","P03934_N",520407,0,2890141,0
"6130","P03935_C",520370,0,2889933,0
"6131","P03935_E",520402,0,2889933,0
"6132","P03935_N",520370,0,2889955,0
"6133","P03937_C",520827,0,2890492,0
"6134","P03937_E",520834,0,2890491,0
"6135","P03937_N",520826,0,2890500,0
"6136","P03938_C",520921,0,2890394,0
"6137","P03938_E",520931,0,2890395,0
"6138","P03938_N",520921,0,2890405,0
"6139","P03940_C",520823,0,2890393,0
"6140","P03940_E",520848,0,2890393,0
"6141","P03940_N",520823,0,2890414,0
"6142","P03942_C",519321,0,2890782,0
"6143","P03942_E",519357,0,2890781,0
"6144","P03942_N",519322,0,2890809,0
"6145","P03943_C",519401,0,2890569,0
"6146","P03943_E",519411,0,2890569,0
"6147","P03943_N",519401,0,2890594,0
"6148","P03944_C",519289,0,2890704,0
"6149","P03944_E",519324,0,2890704,0
"6150","P03944_N",519289,0,2890712,0
"6151","P03947_C",519929,0,2891782,0
"6152","P03947_E",519964,0,2891783,0
"6153","P03947_N",519929,0,2891802,0
"6154","P03948_C",520027,0,2891569,0
"6155","P03948_E",520030,0,2891565,0
"6156","P03948_N",520024,0,2891595,0
"6157","P03950_C",519868,0,2891634,0
"6158","P03950_E",519882,0,2891634,0
"6159","P03950_N",519867,0,2891654,0
"6160","P03951_C",520332,0,2891843,0
"6161","P03951_E",520338,0,2891843,0
"6162","P03951_N",520331,0,2891870,0
"6163","P03952_C",520362,0,2891968,0
"6164","P03952_E",520384,0,2891968,0
"6165","P03952_N",520362,0,2891976,0
"6166","P03955_C",520287,0,2891813,0
"6167","P03955_E",520318,0,2891814,0
"6168","P03955_N",520290,0,2891817,0
"6169","P03957_C",520707,0,2891341,0
"6170","P03957_E",520721,0,2891342,0
"6171","P03957_N",520707,0,2891346,0
"6172","P03958_C",520726,0,2891254,0
"6173","P03958_E",520763,0,2891253,0
"6174","P03958_N",520729,0,2891261,0
"6175","P03959_C",520556,0,2891431,0
"6176","P03959_E",520586,0,2891431,0
"6177","P03959_N",520556,0,2891449,0
"6178","P03961_C",518866,0,2892557,0
"6179","P03961_E",518872,0,2892557,0
"6180","P03961_N",518867,0,2892566,0
"6181","P03963_C",518989,0,2892482,0
"6182","P03963_E",519002,0,2892482,0
"6183","P03963_N",518987,0,2892494,0
"6184","P03964_C",518750,0,2892601,0
"6185","P03964_E",518760,0,2892601,0
"6186","P03964_N",518750,0,2892608,0
"6187","P03966_C",519385,0,2892259,0
"6188","P03966_E",519405,0,2892260,0
"6189","P03966_N",519384,0,2892267,0
"6190","P03967_C",519438,0,2892430,0
"6191","P03967_E",519444,0,2892430,0
"6192","P03967_N",519438,0,2892450,0
"6193","P03968_C",519443,0,2892131,0
"6194","P03968_E",519473,0,2892130,0
"6195","P03968_N",519444,0,2892143,0
"6196","P03971_C",520215,0,2892018,0
"6197","P03971_E",520230,0,2892017,0
"6198","P03971_N",520215,0,2892039,0
"6199","P03973_C",520261,0,2891903,0
"6200","P03973_E",520271,0,2891901,0
"6201","P03973_N",520259,0,2891924,0
"6202","P03975_C",520143,0,2891833,0
"6203","P03975_E",520167,0,2891832,0
"6204","P03975_N",520142,0,2891853,0
"6205","P03977_C",520643,0,2892258,0
"6206","P03977_E",520658,0,2892257,0
"6207","P03977_N",520644,0,2892274,0
"6208","P03978_C",520730,0,2891937,0
"6209","P03978_E",520747,0,2891936,0
"6210","P03978_N",520729,0,2891953,0
"6211","P03979_C",520520,0,2892178,0
"6212","P03979_E",520546,0,2892177,0
"6213","P03979_N",520520,0,2892189,0
"6214","P04302_C",539085,0,2895082,0
"6215","P04302_E",539101.333333333,15.0111069989303,2895092.33333333,17.8978583448784
"6216","P04302_N",539092.666666667,15.0111069989303,2895102.66666667,17.8978583448784
"6217","P04303_C",539152,0,2894924,0
"6218","P04303_E",539165,0,2894920,0
"6219","P04303_N",539148,0,2894935,0
"6220","P04305_C",539017,0,2894966,0
"6221","P04305_E",539029,0,2894967,0
"6222","P04305_N",539016,0,2894979,0
"6223","P04307_C",539513,NA,2895436,NA
"6224","P04307_E",539524,NA,2895437,NA
"6225","P04307_N",539513,NA,2895455,NA
"6226","P04308_C",539457,0,2895272,0
"6227","P04308_E",539479,0,2895273,0
"6228","P04308_N",539457,0,2895298,0
"6229","P04310_C",539425,0,2895289,0
"6230","P04310_E",539443,0,2895291,0
"6231","P04310_N",539424,0,2895315,0
"6232","P04311_C",539804,0,2895777,0
"6233","P04311_E",539833,0,2895778,0
"6234","P04311_N",539804,0,2895811,0
"6235","P04313_C",539844,0,2895669,0
"6236","P04313_E",539848,0,2895668,0
"6237","P04313_N",539844,0,2895697,0
"6238","P04315_C",539799,0,2895723,0
"6239","P04315_E",539818,0,2895723,0
"6240","P04315_N",539800,0,2895735,0
"6241","P04317_C",540303,0,2895853,0
"6242","P04317_E",540336,0,2895852,0
"6243","P04317_N",540304,0,2895887,0
"6244","P04319_C",540101,0,2895869,0
"6245","P04319_E",540119,0,2895869,0
"6246","P04319_N",540101,0,2895877,0
"6247","P04320_C",540236,0,2895592,0
"6248","P04320_E",540243,0,2895592,0
"6249","P04320_N",540236,0,2895615,0
"6250","P04323_C",538865,0,2896413,0
"6251","P04323_E",538872,0,2896414,0
"6252","P04323_N",538865,0,2896424,0
"6253","P04324_C",538677,0,2896552,0
"6254","P04324_E",538704,0,2896553,0
"6255","P04324_N",538677,0,2896583,0
"6256","P04325_C",538696,0,2896401,0
"6257","P04325_E",538705,0,2896402,0
"6258","P04325_N",538699,0,2896423,0
"6259","P04327_C",539089,0,2896593,0
"6260","P04327_E",539103,0,2896595,0
"6261","P04327_N",539090,0,2896607,0
"6262","P04328_C",539122,0,2896277,0
"6263","P04328_E",539153,0,2896278,0
"6264","P04328_N",539122,0,2896282,0
"6265","P04329_C",539007,0,2896501,0
"6266","P04329_E",539036,0,2896501,0
"6267","P04329_N",539005,0,2896532,0
"6268","P04333_C",539494,0,2896452,0
"6269","P04333_E",539506,0,2896452,0
"6270","P04333_N",539494,0,2896469,0
"6271","P04334_C",539325,0,2896491,0
"6272","P04334_E",539354,0,2896491,0
"6273","P04334_N",539325,0,2896496,0
"6274","P04335_C",539429,0,2896311,0
"6275","P04335_E",539459,0,2896311,0
"6276","P04335_N",539428,0,2896319,0
"6277","P04338_C",540061,0,2896743,0
"6278","P04338_E",540065,0,2896743,0
"6279","P04338_N",540060,0,2896767,0
"6280","P04339_C",539897,0,2896859,0
"6281","P04339_E",539915,0,2896859,0
"6282","P04339_N",539896,0,2896880,0
"6283","P04340_C",539971,NA,2896693,NA
"6284","P04340_E",539989,NA,2896694,NA
"6285","P04340_N",539971,NA,2896698,NA
"6286","P04341_C",538575,NA,2897289,NA
"6287","P04341_E",538597,NA,2897289,NA
"6288","P04341_N",538572,NA,2897293,NA
"6289","P04344_C",538492,0,2897414,0
"6290","P04344_E",538514,0,2897414,0
"6291","P04344_N",538493,0,2897429,0
"6292","P04345_C",538563,0,2897247,0
"6293","P04345_E",538568,0,2897248,0
"6294","P04345_N",538565,0,2897278,0
"6295","P04348_C",538910,0,2898246,0
"6296","P04348_E",538941,0,2898245,0
"6297","P04348_N",538911,0,2898258,0
"6298","P04349_C",538693,0,2898268,0
"6299","P04349_E",538712,0,2898268,0
"6300","P04349_N",538692,0,2898280,0
"6301","P04350_C",538676,0,2898193,0
"6302","P04350_E",538683,0,2898193,0
"6303","P04350_N",538676,0,2898198,0
"6304","P04352_C",538938,0,2898664,0
"6305","P04352_E",538952,0,2898644,0
"6306","P04352_N",538938,0,2898683,0
"6307","P04353_C",539171,223.434554176385,2897704.33333333,1206.66206260632
"6308","P04353_E",539198.333333333,225.743955253144,2897704.33333333,1206.66206260632
"6309","P04353_N",539171.333333333,222.279853638006,2897727.66666667,1219.94111879768
"6310","P04354_C",538889,0,2898570,0
"6311","P04354_E",538904,0,2898569,0
"6312","P04354_N",538890,0,2898578,0
"6313","P04356_C",539582,0,2897854,0
"6314","P04356_E",539606,0,2897854,0
"6315","P04356_N",539582,0,2897872,0
"6316","P04358_C",539703,0,2897801,0
"6317","P04358_E",539729,0,2897801,0
"6318","P04358_N",539703,0,2897804,0
"6319","P04359_C",539507,0,2897895,0
"6320","P04359_E",539533,0,2897895,0
"6321","P04359_N",539507,0,2897927,0
"6322","P04361_C",537781,0,2899091,0
"6323","P04361_E",537796,0,2899091,0
"6324","P04361_N",537783,0,2899116,0
"6325","P04362_C",537829,0,2899226,0
"6326","P04362_E",537838,0,2899226,0
"6327","P04362_N",537829,0,2899249,0
"6328","P04365_C",537753,0,2899022,0
"6329","P04365_E",537783,0,2899022,0
"6330","P04365_N",537753,0,2899031,0
"6331","P04366_C",538415,0,2899124,0
"6332","P04366_E",538449,0,2899123,0
"6333","P04366_N",538415,0,2899154,0
"6334","P04368_C",538515,0,2899045,0
"6335","P04368_E",538548,0,2899045,0
"6336","P04368_N",538514,0,2899052,0
"6337","P04369_C",538354,0,2899172,0
"6338","P04369_E",538368,0,2899173,0
"6339","P04369_N",538353,0,2899201,0
"6340","P04371_C",539142,0,2898962,0
"6341","P04371_E",539155,0,2898961,0
"6342","P04371_N",539144,0,2898983,0
"6343","P04372_C",539133,0,2899041,0
"6344","P04372_E",539185,55.4256258422041,2899070,48.4974226119286
"6345","P04372_N",539133,0,2899070,0
"6346","P04375_C",539118,0,2898908,0
"6347","P04375_E",539129,0,2898909,0
"6348","P04375_N",539116,0,2898937,0
"6349","P04378_C",539394,0,2899010,0
"6350","P04378_E",539423,0,2899009,0
"6351","P04378_N",539395,0,2899023,0
"6352","P04379_C",539224,0,2899126,0
"6353","P04379_E",539217,55.4256258422041,2899098,48.4974226119286
"6354","P04379_N",539224,0,2899133,0
"6355","P04380_C",539346,0,2898992,0
"6356","P04380_E",539378,0,2898992,0
"6357","P04380_N",539347,0,2899004,0
"6358","P04402_C",545447,0,2856900,0
"6359","P04402_E",545470,0,2856903,0
"6360","P04402_N",545445,0,2856905,0
"6361","P04404_C",545374,0,2856818,0
"6362","P04404_E",545399,0,2856814,0
"6363","P04404_N",545372,0,2856841,0
"6364","P04405_C",545406,0,2856657,0
"6365","P04405_E",545438,0,2856657,0
"6366","P04405_N",545406,0,2856670,0
"6367","P04406_C",545893,0,2857337,0
"6368","P04406_E",545928,0,2857337,0
"6369","P04406_N",545893,0,2857350,0
"6370","P04408_C",545970,0,2857284,0
"6371","P04408_E",545989,0,2857284,0
"6372","P04408_N",545970,0,2857289,0
"6373","P04410_C",545787,0,2857218,0
"6374","P04410_E",545823,0,2857217,0
"6375","P04410_N",545787,0,2857227,0
"6376","P04416_C",546678,0,2857230,0
"6377","P04416_E",546689,0,2857231,0
"6378","P04416_N",546680,0,2857245,0
"6379","P04417_C",546748,0,2857370,0
"6380","P04417_E",546774,0,2857371,0
"6381","P04417_N",546748,0,2857396,0
"6382","P04418_C",546793,0,2857223,0
"6383","P04418_E",546824,0,2857222,0
"6384","P04418_N",546792,0,2857254,0
"6385","P04421_C",544922,0,2858207,0
"6386","P04421_E",544953,0,2858208,0
"6387","P04421_N",544920,0,2858230,0
"6388","P04422_C",544968,0,2858333,0
"6389","P04422_E",544982,0,2858332,0
"6390","P04422_N",544968,0,2858351,0
"6391","P04425_C",544894,0,2858050,0
"6392","P04425_E",544928,0,2858050,0
"6393","P04425_N",544893,0,2858064,0
"6394","P04426_C",545686,0,2858148,0
"6395","P04426_E",545706,0,2858148,0
"6396","P04426_N",545687,0,2858161,0
"6397","P04427_C",545761,0,2858301,0
"6398","P04427_E",545796,0,2858300,0
"6399","P04427_N",545763,0,2858319,0
"6400","P04428_C",545704,0,2858051,0
"6401","P04428_E",545723,0,2858052,0
"6402","P04428_N",545703,0,2858060,0
"6403","P04431_C",545977,0,2858568,0
"6404","P04431_E",545995,0,2858568,0
"6405","P04431_N",545977,0,2858573,0
"6406","P04432_C",546022,0,2858581,0
"6407","P04432_E",546048,0,2858582,0
"6408","P04432_N",546020,0,2858604,0
"6409","P04434_C",545961,0,2858662,0
"6410","P04434_E",545989,0,2858662,0
"6411","P04434_N",545960,0,2858683,0
"6412","P04436_C",546588,0,2857744,0
"6413","P04436_E",546611,0,2857744,0
"6414","P04436_N",546589,0,2857778,0
"6415","P04437_C",546577,0,2857905,0
"6416","P04437_E",546588,0,2857905,0
"6417","P04437_N",546579,0,2857928,0
"6418","P04439_C",546471,0,2857808,0
"6419","P04439_E",546491,0,2857809,0
"6420","P04439_N",546469,0,2857815,0
"6421","P04441_C",544971,0,2859273,0
"6422","P04441_E",544972,0,2859273,0
"6423","P04441_N",544969,0,2859283,0
"6424","P04444_C",544931,0,2859297,0
"6425","P04444_E",544952,0,2859279,0
"6426","P04444_N",544932,0,2859310,0
"6427","P04445_C",544957,0,2859142,0
"6428","P04445_E",544967,0,2859141,0
"6429","P04445_N",544958,0,2859165,0
"6430","P04446_C",545642,0,2859337,0
"6431","P04446_E",545675,0,2859338,0
"6432","P04446_N",545642,0,2859372,0
"6433","P04448_C",545649,0,2859326,0
"6434","P04448_E",545658,0,2859328,0
"6435","P04448_N",545648,0,2859353,0
"6436","P04450_C",545539,0,2859156,0
"6437","P04450_E",545550,0,2859156,0
"6438","P04450_N",545539,0,2859178,0
"6439","P04451_C",546094,0,2858763,0
"6440","P04451_E",546117,0,2858763,0
"6441","P04451_N",546094,0,2858786,0
"6442","P04452_C",546136,0,2858871,0
"6443","P04452_E",546164,0,2858871,0
"6444","P04452_N",546136,0,2858876,0
"6445","P04453_C",546182,0,2858732,0
"6446","P04453_E",546207,0,2858733,0
"6447","P04453_N",546182,0,2858749,0
"6448","P04456_C",546403,0,2859511,0
"6449","P04456_E",546416,0,2859510,0
"6450","P04456_N",546402,0,2859519,0
"6451","P04457_C",546406,0,2859596,0
"6452","P04457_E",546441,0,2859596,0
"6453","P04457_N",546405,0,2859618,0
"6454","P04458_C",546515,0,2859375,0
"6455","P04458_E",546527,0,2859376,0
"6456","P04458_N",546515,0,2859382,0
"6457","P04461_C",544833,0,2859881,0
"6458","P04461_E",544850,0,2859883,0
"6459","P04461_N",544835,0,2859894,0
"6460","P04462_C",544910,0,2859964,0
"6461","P04462_E",544938,0,2859964,0
"6462","P04462_N",544910,0,2859979,0
"6463","P04463_C",544941,0,2859816,0
"6464","P04463_E",544951,0,2859817,0
"6465","P04463_N",544940,0,2859849,0
"6466","P04466_C",545147,0,2860257,0
"6467","P04466_E",545173,0,2860257,0
"6468","P04466_N",545147,0,2860283,0
"6469","P04468_C",545200,0,2860186,0
"6470","P04468_E",545218,0,2860188,0
"6471","P04468_N",545202,0,2860202,0
"6472","P04470_C",545066,0,2860136,0
"6473","P04470_E",545094,0,2860134,0
"6474","P04470_N",545068,0,2860138,0
"6475","P04471_C",545558,0,2860565,0
"6476","P04471_E",545586,0,2860567,0
"6477","P04471_N",545556,0,2860587,0
"6478","P04473_C",545616,0,2860560,0
"6479","P04473_E",545645,0,2860561,0
"6480","P04473_N",545616,0,2860580,0
"6481","P04474_C",545468,0,2860645,0
"6482","P04474_E",545502,0,2860646,0
"6483","P04474_N",545468,0,2860659,0
"6484","P04476_C",546274,0,2860777,0
"6485","P04476_E",546294,0,2860781,0
"6486","P04476_N",546271,0,2860805,0
"6487","P04479_C",546181,0,2860873,0
"6488","P04479_E",546198,0,2860872,0
"6489","P04479_N",546181,0,2860907,0
"6490","P04480_C",546262,0,2860608,0
"6491","P04480_E",546268,0,2860607,0
"6492","P04480_N",546262,0,2860630,0
"6493","P04481_C",545749,NA,2856498.5,NA
"6494","P04481_E",545771.3,NA,2856501.2,NA
"6495","P04481_N",545748,NA,2856506.7,NA
"6496","P04501_C",550009,0,2882245,0
"6497","P04501_E",550015,0,2882245,0
"6498","P04501_N",550011,0,2882274,0
"6499","P04503_C",550126,0,2882153,0
"6500","P04503_E",550156,0,2882153,0
"6501","P04503_N",550126,0,2882175,0
"6502","P04505_C",549945,0,2882178,0
"6503","P04505_E",549950,0,2882178,0
"6504","P04505_N",549946,0,2882211,0
"6505","P04506_C",550212,0,2882192,0
"6506","P04506_E",550246,0,2882193,0
"6507","P04506_N",550212,0,2882197,0
"6508","P04507_C",550261,0,2882229,0
"6509","P04507_E",550284,0,2882229,0
"6510","P04507_N",550262,0,2882252,0
"6511","P04510_C",550203,0,2882181,0
"6512","P04510_E",550229,0,2882181,0
"6513","P04510_N",550202,0,2882211,0
"6514","P04513_C",550791,0,2881938,0
"6515","P04513_E",550808,0,2881941,0
"6516","P04513_N",550790,0,2881959,0
"6517","P04514_C",550760,0,2882002,0
"6518","P04514_E",550780,0,2882003,0
"6519","P04514_N",550759,0,2882018,0
"6520","P04515_C",550777,0,2881829,0
"6521","P04515_E",550797,0,2881829,0
"6522","P04515_N",550777,0,2881857,0
"6523","P04516_C",551005,0,2882912,0
"6524","P04516_E",551017,0,2882913,0
"6525","P04516_N",551006,0,2882943,0
"6526","P04517_C",551061,0,2883114,0
"6527","P04517_E",551079,0,2883114,0
"6528","P04517_N",551061,0,2883129,0
"6529","P04518_C",551123,0,2882777,0
"6530","P04518_E",551143,0,2882777,0
"6531","P04518_N",551123,0,2882780,0
"6532","P04521_C",549549,0,2883265,0
"6533","P04521_E",549557,0,2883265,0
"6534","P04521_N",549548,0,2883296,0
"6535","P04524_C",546158.666666667,5608.95786517721,2884440,1837.70590683058
"6536","P04524_E",546190.666666667,5612.42196679235,2884440,1837.70590683058
"6537","P04524_N",546158,5610.11256571559,2884447,1844.63411006085
"6538","P04525_C",549542,0,2883101,0
"6539","P04525_E",549555,0,2883101,0
"6540","P04525_N",549542,0,2883124,0
"6541","P04527_C",550140,0,2882827,0
"6542","P04527_E",550154,0,2882815,0
"6543","P04527_N",550139,0,2882821,0
"6544","P04528_C",550283,0,2882522,0
"6545","P04528_E",550297,0,2882520,0
"6546","P04528_N",550284,0,2882524,0
"6547","P04529_C",550059,0,2882733,0
"6548","P04529_E",550066,0,2882733,0
"6549","P04529_N",550059,0,2882755,0
"6550","P04532_C",550345,0,2883549,0
"6551","P04532_E",550356,0,2883548,0
"6552","P04532_N",550345,0,2883575,0
"6553","P04534_C",550194,0,2883546,0
"6554","P04534_E",550215,0,2883546,0
"6555","P04534_N",550194,0,2883559,0
"6556","P04535_C",550230,0,2883399,0
"6557","P04535_E",550253,0,2883399,0
"6558","P04535_N",550232,0,2883419,0
"6559","P04536_C",551124,0,2883207,0
"6560","P04536_E",551130,0,2883207,0
"6561","P04536_N",551124,0,2883221,0
"6562","P04537_C",551217,0,2883287,0
"6563","P04537_E",551222,0,2883286,0
"6564","P04537_N",551217,0,2883302,0
"6565","P04539_C",551082,0,2883276,0
"6566","P04539_E",551107,0,2883277,0
"6567","P04539_N",551082,0,2883284,0
"6568","P04541_C",549415,0,2883738,0
"6569","P04541_E",549426,0,2883738,0
"6570","P04541_N",549416,0,2883758,0
"6571","P04542_C",549396,0,2883870,0
"6572","P04542_E",549417,0,2883869,0
"6573","P04542_N",549395,0,2883899,0
"6574","P04545_C",549371,0,2883647,0
"6575","P04545_E",549382,0,2883648,0
"6576","P04545_N",549371,0,2883664,0
"6577","P04546_C",549599,0,2884216,0
"6578","P04546_E",549631,0,2884218,0
"6579","P04546_N",549600,0,2884221,0
"6580","P04547_C",549659,0,2884415,0
"6581","P04547_E",549690,0,2884414,0
"6582","P04547_N",549657,0,2884440,0
"6583","P04550_C",549539,0,2884034,0
"6584","P04550_E",549573,0,2884033,0
"6585","P04550_N",549539,0,2884068,0
"6586","P04552_C",549868,0,2884729,0
"6587","P04552_E",549876,0,2884729,0
"6588","P04552_N",549868,0,2884742,0
"6589","P04553_C",549890,0,2884606,0
"6590","P04553_E",549914,0,2884606,0
"6591","P04553_N",549891,0,2884631,0
"6592","P04555_C",549880,0,2884545,0
"6593","P04555_E",549891,0,2884545,0
"6594","P04555_N",549882,0,2884562,0
"6595","P04556_C",550669,NA,2884513,NA
"6596","P04556_E",550700,NA,2884513,NA
"6597","P04556_N",550677,NA,2884530,NA
"6598","P04557_C",550704,NA,2884539,NA
"6599","P04557_E",550738,NA,2884538,NA
"6600","P04557_N",550702,NA,2884565,NA
"6601","P04560_C",550643,0,2884407,0
"6602","P04560_E",550675,0,2884407,0
"6603","P04560_N",550643,0,2884418,0
"6604","P04563_C",548869,NA,2885458,NA
"6605","P04563_E",548884,NA,2885457,NA
"6606","P04563_N",548869,NA,2885483,NA
"6607","P04564_C",548647,NA,2885661,NA
"6608","P04564_E",548666,NA,2885661,NA
"6609","P04564_N",548647,NA,2885676,NA
"6610","P04565_C",548631,NA,2885519,NA
"6611","P04565_E",548662,NA,2885519,NA
"6612","P04565_N",548631,NA,2885533,NA
"6613","P04567_C",549076,NA,2885813,NA
"6614","P04567_E",549102,NA,2885813,NA
"6615","P04567_N",549076,NA,2885834,NA
"6616","P04569_C",548991,NA,2885695,NA
"6617","P04569_E",549022,NA,2885694,NA
"6618","P04569_N",548991,NA,2885707,NA
"6619","P04570_C",549025,NA,2885589,NA
"6620","P04570_E",549036,NA,2885588,NA
"6621","P04570_N",549025,NA,2885622,NA
"6622","P04571_C",549574,NA,2885963,NA
"6623","P04571_E",549587,NA,2885964,NA
"6624","P04571_N",549572,NA,2885985,NA
"6625","P04573_C",549629,NA,2885855,NA
"6626","P04573_E",549660,NA,2885857,NA
"6627","P04573_N",549629,NA,2885876,NA
"6628","P04574_C",549550,NA,2885994,NA
"6629","P04574_E",549554,NA,2885995,NA
"6630","P04574_N",549560,NA,2886006,NA
"6631","P04576_C",550053,NA,2885666,NA
"6632","P04576_E",550083,NA,2885666,NA
"6633","P04576_N",550053,NA,2885682,NA
"6634","P04578_C",550080,NA,2885630,NA
"6635","P04578_E",550091,NA,2885631,NA
"6636","P04578_N",550080,NA,2885648,NA
"6637","P04579_C",550009,NA,2885722,NA
"6638","P04579_E",550035,NA,2885722,NA
"6639","P04579_N",550010,NA,2885729,NA
"6640","P04581_C",549243,NA,2885831,NA
"6641","P04581_E",549263,NA,2885838,NA
"6642","P04581_N",549237,NA,2885848,NA
"6643","P04582_C",551161,NA,2882420,NA
"6644","P04582_E",551180,NA,2882426,NA
"6645","P04582_N",551157,NA,2882431,NA
"6646","P04583_C",550057,NA,2884745,NA
"6647","P04583_E",550083,NA,2884754,NA
"6648","P04583_N",550055,NA,2884751,NA
"6649","P04584_C",549625,NA,2883541,NA
"6650","P04584_E",549651,NA,2883550,NA
"6651","P04584_N",549623,NA,2883549,NA
"6652","P04585_C",550771,NA,2883782,NA
"6653","P04585_E",550785,NA,2883787,NA
"6654","P04585_N",550761,NA,2883809,NA
"6655","P04586_C",549061,NA,2885050,NA
"6656","P04586_E",549091,NA,2885061,NA
"6657","P04586_N",549051,NA,2885079,NA
"6658","P04587_C",551455,NA,2882270,NA
"6659","P04587_E",551475,NA,2882277,NA
"6660","P04587_N",551445,NA,2882301,NA
"6661","P04588_C",549556,NA,2884528,NA
"6662","P04588_E",549579,NA,2884535,NA
"6663","P04588_N",549555,NA,2884532,NA
"6664","P04589_C",550626,NA,2885117,NA
"6665","P04589_E",550654,NA,2885126,NA
"6666","P04589_N",550618,NA,2885141,NA
"6667","P04590_C",550219,NA,2886006,NA
"6668","P04590_E",550236,NA,2886012,NA
"6669","P04590_N",550212,NA,2886027,NA
"6670","P04591_C",550830,NA,2882296,NA
"6671","P04591_E",550834,NA,2882298,NA
"6672","P04591_N",550827,NA,2882304,NA
"6673","P04702_C",540174,0,2885784,0
"6674","P04702_E",540196,0,2885784,0
"6675","P04702_N",540176,0,2885789,0
"6676","P04703_C",540290,0,2885506,0
"6677","P04703_E",540308,0,2885505,0
"6678","P04703_N",540291,0,2885524,0
"6679","P04704_C",540099,0,2885646,0
"6680","P04704_E",540117,0,2885647,0
"6681","P04704_N",540100,0,2885656,0
"6682","P04707_C",541012,0,2885730,0
"6683","P04707_E",541043,0,2885729,0
"6684","P04707_N",541012,0,2885754,0
"6685","P04711_C",540692,0,2886568,0
"6686","P04711_E",540710,0,2886568,0
"6687","P04711_N",540691,0,2886583,0
"6688","P04714_C",540554,0,2886665,0
"6689","P04714_E",540569,0,2886665,0
"6690","P04714_N",540553,0,2886687,0
"6691","P04715_C",540633,0,2886460,0
"6692","P04715_E",540653,0,2886459,0
"6693","P04715_N",540634,0,2886475,0
"6694","P04716_C",541582,0,2886278,0
"6695","P04716_E",541616,0,2886277,0
"6696","P04716_N",541583,0,2886304,0
"6697","P04717_C",541595,0,2886423,0
"6698","P04717_E",541601,0,2886423,0
"6699","P04717_N",541596,0,2886445,0
"6700","P04720_C",541533,0,2886232,0
"6701","P04720_E",541552,0,2886232,0
"6702","P04720_N",541534,0,2886246,0
"6703","P04722_C",539801,0,2886543,0
"6704","P04722_E",539825,0,2886543,0
"6705","P04722_N",539801,0,2886546,0
"6706","P04723_C",539813,0,2886419,0
"6707","P04723_E",539817,0,2886419,0
"6708","P04723_N",539813,0,2886453,0
"6709","P04724_C",539682,0,2886562,0
"6710","P04724_E",539710,0,2886562,0
"6711","P04724_N",539680,0,2886577,0
"6712","P04731_C",540450.666666667,27.1354626519124,2887369,34.6410161513775
"6713","P04731_E",540467.333333333,26.5581123827228,2887370,34.6410161513775
"6714","P04731_N",540450.666666667,27.1354626519124,2887380.33333333,35.2183664205672
"6715","P04732_C",540464,0,2887477,0
"6716","P04732_E",540491,0,2887478,0
"6717","P04732_N",540463,0,2887501,0
"6718","P04735_C",540466.333333333,27.1354626519124,2887389,34.6410161513775
"6719","P04735_E",540482.666666667,26.5581123827228,2887390,34.6410161513775
"6720","P04735_N",540466.333333333,27.1354626519124,2887400.66666667,35.2183664205672
"6721","P04737_C",540899,0,2887811,0
"6722","P04737_E",540928,0,2887816,0
"6723","P04737_N",540899,0,2887817,0
"6724","P04739_C",540798,0,2887712,0
"6725","P04739_E",540804,0,2887712,0
"6726","P04739_N",540799,0,2887744,0
"6727","P04740_C",540835,0,2887647,0
"6728","P04740_E",540842,0,2887648,0
"6729","P04740_N",540835,0,2887652,0
"6730","P04746_C",539484,0,2888540,0
"6731","P04746_E",539514,0,2888540,0
"6732","P04746_N",539482,0,2888548,0
"6733","P04747_C",539555,0,2888628,0
"6734","P04747_E",539576,0,2888628,0
"6735","P04747_N",539555,0,2888641,0
"6736","P04748_C",539584,0,2888456,0
"6737","P04748_E",539604,0,2888455,0
"6738","P04748_N",539585,0,2888485,0
"6739","P04752_C",540059,0,2888171,0
"6740","P04752_E",540084,0,2888172,0
"6741","P04752_N",540063,0,2888191,0
"6742","P04753_C",540126,0,2887991,0
"6743","P04753_E",540133,0,2887991,0
"6744","P04753_N",540125,0,2888020,0
"6745","P04754_C",540030,0,2888072,0
"6746","P04754_E",540061,0,2888071,0
"6747","P04754_N",540031,0,2888090,0
"6748","P04756_C",540440,0,2888687,0
"6749","P04756_E",540454,0,2888687,0
"6750","P04756_N",540440,0,2888702,0
"6751","P04757_C",540505,0,2888721,0
"6752","P04757_E",540521,0,2888721,0
"6753","P04757_N",540504,0,2888756,0
"6754","P04759_C",540323,0,2888761,0
"6755","P04759_E",540344,0,2888761,0
"6756","P04759_N",540323,0,2888765,0
"6757","P04761_C",538908,0,2889390,0
"6758","P04761_E",538930,0,2889393,0
"6759","P04761_N",538908,0,2889401,0
"6760","P04764_C",538818,0,2889504,0
"6761","P04764_E",538844,0,2889504,0
"6762","P04764_N",538820,0,2889517,0
"6763","P04765_C",538904,0,2889267,0
"6764","P04765_E",538929,0,2889267,0
"6765","P04765_N",538904,0,2889281,0
"6766","P04766_C",539215,0,2889116,0
"6767","P04766_E",539226,0,2889117,0
"6768","P04766_N",539214,0,2889142,0
"6769","P04767_C",539316,0,2889156,0
"6770","P04767_E",539332,0,2889156,0
"6771","P04767_N",539316,0,2889177,0
"6772","P04770_C",539130,0,2889060,0
"6773","P04770_E",539141,0,2889061,0
"6774","P04770_N",539133,0,2889078,0
"6775","P04772_C",539689,0,2889989,0
"6776","P04772_E",539703,0,2889988,0
"6777","P04772_N",539689,0,2889994,0
"6778","P04773_C",539585,0,2889915,0
"6779","P04773_E",539596,0,2889916,0
"6780","P04773_N",539584,0,2889942,0
"6781","P04774_C",539411,0,2890034,0
"6782","P04774_E",539437,0,2890034,0
"6783","P04774_N",539411,0,2890046,0
"6784","P04777_C",540474,0,2889297,0
"6785","P04777_E",540494,0,2889297,0
"6786","P04777_N",540474,0,2889304,0
"6787","P04778_C",540465,0,2889090,0
"6788","P04778_E",540466,0,2889092,0
"6789","P04778_N",540464,0,2889105,0
"6790","P04780_C",540431,0,2889071,0
"6791","P04780_E",540465,0,2889072,0
"6792","P04780_N",540433,0,2889081,0
"6793","P04781_C",540016,NA,2890259,NA
"6794","P04781_E",540021,NA,2890261,NA
"6795","P04781_N",540005,NA,2890289,NA
"6796","P04782_C",539967,NA,2890214,NA
"6797","P04782_E",539985,NA,2890221,NA
"6798","P04782_N",539962,NA,2890228,NA
"6799","P04783_C",540314,NA,2887077,NA
"6800","P04783_E",540317,NA,2887078,NA
"6801","P04783_N",540302,NA,2887107,NA
"6802","P04784_C",540778,NA,2888251,NA
"6803","P04784_E",540785,NA,2888254,NA
"6804","P04784_N",540775,NA,2888257,NA
"6805","P04786_C",541010,NA,2885679,NA
"6806","P04786_E",541026,NA,2885685,NA
"6807","P04786_N",541004,NA,2885696,NA
"6808","P05001_C",526607.6,0,2832259.7,0
"6809","P05001_E",526633.6,0,2832259.7,0
"6810","P05001_N",526607.6,0,2832263.3,0
"6811","P05002_C",526616.5,0,2832256.6,0
"6812","P05002_E",526651.3,0,2832256.6,0
"6813","P05002_N",526616.5,0,2832281.3,0
"6814","P05003_C",526713.9,0,2832198.9,0
"6815","P05003_E",526737.6,0,2832198.9,0
"6816","P05003_N",526713.9,0,2832226,0
"6817","P05004_C",526576.2,0,2832435.5,0
"6818","P05004_E",526590.6,0,2832435.5,0
"6819","P05004_N",526576.2,0,2832454.1,0
"6820","P05005_C",526553,0,2832195.6,0
"6821","P05005_E",526582.9,0,2832195.6,0
"6822","P05005_N",526553,0,2832230.1,0
"6823","P05006_C",527360.5,0,2832403.6,0
"6824","P05006_E",527385.4,0,2832403.6,0
"6825","P05006_N",527360.5,0,2832413.2,0
"6826","P05007_C",527439.5,0,2832413.3,0
"6827","P05007_E",527444.2,0,2832413.3,0
"6828","P05007_N",527439.5,0,2832447.6,0
"6829","P05008_C",527364.5,0,2832345.2,0
"6830","P05008_E",527394.6,0,2832345.2,0
"6831","P05008_N",527364.5,0,2832364,0
"6832","P05009_C",527435,0,2832542.4,0
"6833","P05009_E",527458.9,0,2832542.4,0
"6834","P05009_N",527435,0,2832576.7,0
"6835","P05012_C",527481.2,0,2831559.9,0
"6836","P05012_E",527485.3,0,2831559.9,0
"6837","P05012_N",527481.2,0,2831564.6,0
"6838","P05018_C",527974.3,0,2831588.2,0
"6839","P05018_E",527993.6,0,2831588.2,0
"6840","P05018_N",527974.3,0,2831609.6,0
"6841","P05024_C",527490.7,0,2833808.9,0
"6842","P05024_E",527524.6,0,2833808.9,0
"6843","P05024_N",527490.7,0,2833819.6,0
"6844","P05025_C",527395.2,0,2833591.6,0
"6845","P05025_E",527430.1,0,2833591.6,0
"6846","P05025_N",527395.2,0,2833624.9,0
"6847","P05026_C",527820.5,0,2833186.8,0
"6848","P05026_E",527847.2,0,2833186.8,0
"6849","P05026_N",527820.5,0,2833195.8,0
"6850","P05027_C",527960.1,0,2833185.8,0
"6851","P05027_E",527991,0,2833185.8,0
"6852","P05027_N",527960.1,0,2833194.5,0
"6853","P05028_C",527860.5,0,2833096.3,0
"6854","P05028_E",527891.5,0,2833096.3,0
"6855","P05028_N",527860.5,0,2833100.8,0
"6856","P05030_C",527728.2,0,2833170.1,0
"6857","P05030_E",527747.1,0,2833170.1,0
"6858","P05030_N",527728.2,0,2833203.4,0
"6859","P05033_C",528138.7,0,2832883.8,0
"6860","P05033_E",528166,0,2832883.8,0
"6861","P05033_N",528138.7,0,2832901.1,0
"6862","P05034_C",528138.1,0,2833186.2,0
"6863","P05034_E",528157.2,0,2833186.2,0
"6864","P05034_N",528138.1,0,2833204.2,0
"6865","P05036_C",528545.7,0,2833072.2,0
"6866","P05036_E",528576.9,0,2833072.2,0
"6867","P05036_N",528545.7,0,2833090.9,0
"6868","P05037_C",528583.2,0,2833107.6,0
"6869","P05037_E",528588.5,0,2833107.6,0
"6870","P05037_N",528583.2,0,2833135,0
"6871","P05040_C",528410,0,2833006.4,0
"6872","P05040_E",528428.7,0,2833006.4,0
"6873","P05040_N",528410,0,2833027.8,0
"6874","P05041_C",527684.5,0,2834003.8,0
"6875","P05041_E",527713.9,0,2834003.8,0
"6876","P05041_N",527684.5,0,2834032.8,0
"6877","P05042_C",527709.7,0,2834003.9,0
"6878","P05042_E",527743.4,0,2834003.9,0
"6879","P05042_N",527709.7,0,2834030.5,0
"6880","P05044_C",527724.2,0,2834124.4,0
"6881","P05044_E",527750.9,0,2834124.4,0
"6882","P05044_N",527724.2,0,2834147.8,0
"6883","P05045_C",527582,0,2833958.2,0
"6884","P05045_E",527591.7,0,2833958.2,0
"6885","P05045_N",527582,0,2833965.3,0
"6886","P05046_C",528546.1,0,2834837.3,0
"6887","P05046_E",528563.7,0,2834837.3,0
"6888","P05046_N",528546.1,0,2834844.8,0
"6889","P05047_C",528636.8,0,2834820.8,0
"6890","P05047_E",528649.5,0,2834820.8,0
"6891","P05047_N",528636.8,0,2834823.9,0
"6892","P05048_C",528550.3,0,2834694.4,0
"6893","P05048_E",528573.4,0,2834694.4,0
"6894","P05048_N",528550.3,0,2834698.3,0
"6895","P05049_C",528521,0,2835042.3,0
"6896","P05049_E",528530.5,0,2835042.3,0
"6897","P05049_N",528521,0,2835070.9,0
"6898","P05050_C",528385,0,2834793.7,0
"6899","P05050_E",528388.7,0,2834793.7,0
"6900","P05050_N",528385,0,2834799.3,0
"6901","P05052_C",529048.8,0,2834244.7,0
"6902","P05052_E",529081.1,0,2834244.7,0
"6903","P05052_N",529048.8,0,2834253.1,0
"6904","P05053_C",528957.4,0,2834030.8,0
"6905","P05053_E",528990.9,0,2834030.8,0
"6906","P05053_N",528957.4,0,2834062.6,0
"6907","P05058_C",529311.1,0,2833932.7,0
"6908","P05058_E",529335,0,2833932.7,0
"6909","P05058_N",529311.1,0,2833967.1,0
"6910","P05059_C",529253.9,0,2834239.3,0
"6911","P05059_E",529280.7,0,2834239.3,0
"6912","P05059_N",529253.9,0,2834270.8,0
"6913","P05063_C",528260,0,2835233.4,0
"6914","P05063_E",528289.4,0,2835233.4,0
"6915","P05063_N",528260,0,2835257.2,0
"6916","P05067_C",528734.4,0,2835381.8,0
"6917","P05067_E",528769.3,0,2835381.8,0
"6918","P05067_N",528734.4,0,2835406.3,0
"6919","P05068_C",528665.4,0,2835157.3,0
"6920","P05068_E",528686.2,0,2835157.3,0
"6921","P05068_N",528665.4,0,2835188.8,0
"6922","P05071_C",529025.5,0,2834782,0
"6923","P05071_E",529046.4,0,2834782,0
"6924","P05071_N",529025.5,0,2834792.8,0
"6925","P05072_C",529125.8,0,2834803.4,0
"6926","P05072_E",529156.1,0,2834803.4,0
"6927","P05072_N",529125.8,0,2834817.1,0
"6928","P05074_C",529034.8,0,2834841,0
"6929","P05074_E",529047.5,0,2834841,0
"6930","P05074_N",529034.8,0,2834857.1,0
"6931","P05076_C",529740.8,0,2835034.3,0
"6932","P05076_E",529767.9,0,2835034.3,0
"6933","P05076_N",529740.8,0,2835047.2,0
"6934","P05078_C",529736.7,0,2834963,0
"6935","P05078_E",529745.7,0,2834963,0
"6936","P05078_N",529736.7,0,2834968.5,0
"6937","P05079_C",529740.9,0,2835109.6,0
"6938","P05079_E",529758.6,0,2835109.6,0
"6939","P05079_N",529740.9,0,2835136.5,0
"6940","P05080_C",529665.2,0,2834898.2,0
"6941","P05080_E",529679.1,0,2834898.2,0
"6942","P05080_N",529665.2,0,2834911.2,0
"6943","P05101_C",521639.9,0,2899310.8,0
"6944","P05101_E",521660.7,0,2899310.8,0
"6945","P05101_N",521639.9,0,2899321.9,0
"6946","P05104_C",521629.1,0,2899364.3,0
"6947","P05104_E",521661.1,0,2899364.3,0
"6948","P05104_N",521629.1,0,2899369.7,0
"6949","P05105_C",521586.4,0,2899136.3,0
"6950","P05105_E",521607.1,0,2899136.3,0
"6951","P05105_N",521586.4,0,2899150.5,0
"6952","P05106_C",522101.1,0,2898640.7,0
"6953","P05106_E",522117.4,0,2898640.7,0
"6954","P05106_N",522101.1,0,2898653.4,0
"6955","P05110_C",522004.3,0,2898521.6,0
"6956","P05110_E",522022.1,0,2898521.6,0
"6957","P05110_N",522004.3,0,2898554.3,0
"6958","P05111_C",522670.4,0,2898746.5,0
"6959","P05111_E",522687,0,2898746.5,0
"6960","P05111_N",522670.4,0,2898764.5,0
"6961","P05112_C",522691.1,0,2898899.6,0
"6962","P05112_E",522724.8,0,2898899.6,0
"6963","P05112_N",522691.1,0,2898910.1,0
"6964","P05114_C",522649.7,0,2898851.5,0
"6965","P05114_E",522670.2,0,2898851.5,0
"6966","P05114_N",522649.7,0,2898859.9,0
"6967","P05115_C",522644.9,0,2898681.8,0
"6968","P05115_E",522661.4,0,2898681.8,0
"6969","P05115_N",522644.9,0,2898691.7,0
"6970","P05116_C",522977.5,0,2898655.7,0
"6971","P05116_E",522994.6,0,2898655.7,0
"6972","P05116_N",522977.5,0,2898680.6,0
"6973","P05117_C",522974.3,0,2898712.7,0
"6974","P05117_E",522979.8,0,2898712.7,0
"6975","P05117_N",522974.3,0,2898746.3,0
"6976","P05120_C",522969.1,0,2898600.2,0
"6977","P05120_E",522976.4,0,2898600.2,0
"6978","P05120_N",522969.1,0,2898631.2,0
"6979","P05123_C",521411.8,0,2899449.3,0
"6980","P05123_E",521436.5,0,2899449.3,0
"6981","P05123_N",521411.8,0,2899462.3,0
"6982","P05126_C",522111.3,0,2899969,0
"6983","P05126_E",522144.6,0,2899969,0
"6984","P05126_N",522111.3,0,2899991.5,0
"6985","P05127_C",522120.3,0,2900086.8,0
"6986","P05127_E",522149.8,0,2900086.8,0
"6987","P05127_N",522120.3,0,2900110.8,0
"6988","P05128_C",522206.5,0,2899840.9,0
"6989","P05128_E",522216.2,0,2899840.9,0
"6990","P05128_N",522206.5,0,2899871.3,0
"6991","P05130_C",522003.1,0,2899906.6,0
"6992","P05130_E",522024.3,0,2899906.6,0
"6993","P05130_N",522003.1,0,2899935.9,0
"6994","P05131_C",522324.933333333,0.115470053844646,2899785.93333333,0.115470053945465
"6995","P05131_E",522342.833333333,0.288675134594813,2899785.93333333,0.115470053945465
"6996","P05131_N",522324.933333333,0.115470053844646,2899792.03333333,0.0577350269727325
"6997","P05132_C",522414,0,2899874.3,0
"6998","P05132_E",522446.1,0,2899874.3,0
"6999","P05132_N",522414,0,2899905.5,0
"7000","P05133_C",522363.933333333,0.115470053844646,2899789.13333333,0.23094010762208
"7001","P05133_E",522373.9,0.173205080750166,2899789.13333333,0.23094010762208
"7002","P05133_N",522363.933333333,0.115470053844646,2899818.1,0.173205080649348
"7003","P05134_C",522249.1,0,2899864.7,0
"7004","P05134_E",522274.4,0,2899864.7,0
"7005","P05134_N",522249.1,0,2899869.9,0
"7006","P05135_C",522221.5,0,2899741.4,0
"7007","P05135_E",522236.8,0,2899741.4,0
"7008","P05135_N",522221.5,0,2899762.5,0
"7009","P05136_C",522829.3,0,2899732.2,0
"7010","P05136_E",522847.5,0,2899732.2,0
"7011","P05136_N",522829.3,0,2899756.4,0
"7012","P05137_C",522889.4,0,2899761,0
"7013","P05137_E",522895.2,0,2899761,0
"7014","P05137_N",522889.4,0,2899793.6,0
"7015","P05138_C",522937.8,0,2899624.1,0
"7016","P05138_E",522972.5,0,2899624.1,0
"7017","P05138_N",522937.8,0,2899651.9,0
"7018","P05139_C",522764.2,0,2899783.8,0
"7019","P05139_E",522779.2,0,2899783.8,0
"7020","P05139_N",522764.2,0,2899797.2,0
"7021","P05140_C",522739.6,0,2899618.2,0
"7022","P05140_E",522753.6,0,2899618.2,0
"7023","P05140_N",522739.6,0,2899644,0
"7024","P05143_C",521421.9,0,2900959.3,0
"7025","P05143_E",521442.3,0,2900959.3,0
"7026","P05143_N",521421.9,0,2900966.8,0
"7027","P05144_C",521291.3,0,2901220.2,0
"7028","P05144_E",521304.4,0,2901220.2,0
"7029","P05144_N",521291.3,0,2901227.5,0
"7030","P05147_C",521815.3,0,2901007.5,0
"7031","P05147_E",521822.3,0,2901007.5,0
"7032","P05147_N",521815.3,0,2901021.9,0
"7033","P05148_C",521786.7,0,2900862.4,0
"7034","P05148_E",521797.3,0,2900862.4,0
"7035","P05148_N",521786.7,0,2900877.9,0
"7036","P05149_C",521659.3,0,2901033.4,0
"7037","P05149_E",521662.9,0,2901033.4,0
"7038","P05149_N",521659.3,0,2901066.1,0
"7039","P05150_C",521703.6,0,2900751.9,0
"7040","P05150_E",521738,0,2900751.9,0
"7041","P05150_N",521703.6,0,2900765.4,0
"7042","P05151_C",522154.1,0,2901776.9,0
"7043","P05151_E",522170.1,0,2901776.9,0
"7044","P05151_N",522154.1,0,2901799.7,0
"7045","P05152_C",522180.1,0,2901897.8,0
"7046","P05152_E",522213.8,0,2901897.8,0
"7047","P05152_N",522180.1,0,2901931.9,0
"7048","P05153_C",522194,0,2901660,0
"7049","P05153_E",522202.3,0,2901660,0
"7050","P05153_N",522194,0,2901670.5,0
"7051","P05154_C",522049.4,0,2901898,0
"7052","P05154_E",522078.6,0,2901898,0
"7053","P05154_N",522049.4,0,2901903.7,0
"7054","P05155_C",522108.2,0,2901733.5,0
"7055","P05155_E",522137.9,0,2901733.5,0
"7056","P05155_N",522108.2,0,2901742.2,0
"7057","P05156_C",522534.3,0,2901234.9,0
"7058","P05156_E",522553.9,0,2901234.9,0
"7059","P05156_N",522534.3,0,2901255.8,0
"7060","P05158_C",522609.6,0,2901097.3,0
"7061","P05158_E",522630,0,2901097.3,0
"7062","P05158_N",522609.6,0,2901100.8,0
"7063","P05160_C",522530.4,0,2901130.7,0
"7064","P05160_E",522553.6,0,2901130.7,0
"7065","P05160_N",522530.4,0,2901154.5,0
"7066","P05161_C",521063.3,0,2902196.7,0
"7067","P05161_E",521077,0,2902196.7,0
"7068","P05161_N",521063.3,0,2902201.2,0
"7069","P05162_C",521050.7,0,2902312.1,0
"7070","P05162_E",521083.8,0,2902312.1,0
"7071","P05162_N",521050.7,0,2902317.5,0
"7072","P05164_C",520951.1,0,2902350.2,0
"7073","P05164_E",520966.4,0,2902350.2,0
"7074","P05164_N",520951.1,0,2902359.8,0
"7075","P05165_C",520980.4,0,2902165.8,0
"7076","P05165_E",521004,0,2902165.8,0
"7077","P05165_N",520980.4,0,2902187.9,0
"7078","P05201_C",531269.966666667,0.0577350269055201,2850267,0
"7079","P05201_E",531300.066666667,0.11547005381104,2850267,0
"7080","P05201_N",531269.966666667,0.0577350269055201,2850301,0
"7081","P05202_C",531340,0,2850343.13333333,0.23094010762208
"7082","P05202_E",531357.066666667,0.11547005381104,2850343.13333333,0.23094010762208
"7083","P05202_N",531340,0,2850356.03333333,0.0577350269727325
"7084","P05203_C",531350.066666667,0.11547005381104,2850204.13333333,0.23094010762208
"7085","P05203_E",531359.066666667,0.11547005381104,2850204.13333333,0.23094010762208
"7086","P05203_N",531350.066666667,0.11547005381104,2850228.16666667,0.288675134594813
"7087","P05204_C",531237.9,0.173205080783773,2850419.16666667,0.288675134594813
"7088","P05204_E",531246.1,0.173205080783773,2850419.16666667,0.288675134594813
"7089","P05204_N",531237.9,0.173205080783773,2850444.13333333,0.23094010762208
"7090","P05207_C",531895.166666667,0.288675134594813,2850596,0
"7091","P05207_E",531923.133333333,0.230940107689293,2850596,0
"7092","P05207_N",531895.166666667,0.288675134594813,2850618.1,0.173205080649348
"7093","P05209_C",531694.866666667,0.230940107689293,2850543,0
"7094","P05209_E",531722.833333333,0.288675134594813,2850543,0
"7095","P05209_N",531694.866666667,0.230940107689293,2850556.93333333,0.115470053945465
"7096","P05210_C",531691,0,2850374.06666667,0.115470053945465
"7097","P05210_E",531701.133333333,0.230940107689293,2850374.06666667,0.115470053945465
"7098","P05210_N",531691,0,2850379.96666667,0.0577350269727325
"7099","P05211_C",532054,0,2850069,0
"7100","P05211_E",532060,0,2850069,0
"7101","P05211_N",532054,0,2850075,0
"7102","P05212_C",532059.933333333,0.11547005381104,2850105,0
"7103","P05212_E",532064.966666667,0.0577350269055201,2850105,0
"7104","P05212_N",532059.933333333,0.11547005381104,2850109.1,0.173205080649348
"7105","P05213_C",532050,0,2849992,0
"7106","P05213_E",532050,0,2849992,0
"7107","P05213_N",532050,0,2850008,0
"7108","P05215_C",531887.033333333,0.0577350269055201,2849947,0
"7109","P05215_E",531905,15.5884572681199,2849953.66666667,11.5470053837925
"7110","P05215_N",531896.033333333,15.559670090768,2849960.3,11.5182463942818
"7111","P05216_C",532560.133333333,0.230940107689293,2850624.93333333,0.115470053945465
"7112","P05216_E",532578.166666667,0.288675134594813,2850624.93333333,0.115470053945465
"7113","P05216_N",532560.133333333,0.230940107689293,2850650.83333333,0.288675134594813
"7114","P05219_C",532506.933333333,0.11547005381104,2850787.93333333,0.115470053945465
"7115","P05219_E",532535.033333333,0.0577350269055201,2850787.93333333,0.115470053945465
"7116","P05219_N",532506.933333333,0.11547005381104,2850791.83333333,0.288675134594813
"7117","P05220_C",532500.066666667,0.11547005381104,2850463.16666667,0.288675134594813
"7118","P05220_E",532523.033333333,0.0577350269055201,2850463.16666667,0.288675134594813
"7119","P05220_N",532500.066666667,0.11547005381104,2850488.06666667,0.115470053945465
"7120","P05223_C",531366.066666667,0.11547005381104,2851342.03333333,0.0577350269727325
"7121","P05223_E",531391.866666667,0.230940107689293,2851342.03333333,0.0577350269727325
"7122","P05223_N",531366.066666667,0.11547005381104,2851352.83333333,0.288675134594813
"7123","P05224_C",531147.166666667,0.288675134594813,2851537.96666667,0.0577350269727325
"7124","P05224_E",531180.833333333,0.288675134594813,2851537.96666667,0.0577350269727325
"7125","P05224_N",531147.166666667,0.288675134594813,2851552.9,0.173205080649348
"7126","P05228_C",532054.866666667,0.230940107689293,2851205.93333333,0.115470053945465
"7127","P05228_E",532086.933333333,0.11547005381104,2851205.93333333,0.115470053945465
"7128","P05228_N",532054.866666667,0.230940107689293,2851229.13333333,0.23094010762208
"7129","P05229_C",531919.033333333,0.0577350269055201,2851277.03333333,0.0577350269727325
"7130","P05229_E",531932.1,0.173205080783773,2851277.03333333,0.0577350269727325
"7131","P05229_N",531919.033333333,0.0577350269055201,2851288.93333333,0.115470053945465
"7132","P05231_C",532088.9,0.173205080783773,2852284.06666667,0.115470053945465
"7133","P05231_E",532091.9,0.173205080783773,2852284.06666667,0.115470053945465
"7134","P05231_N",532088.9,0.173205080783773,2852288.9,0.173205080649348
"7135","P05232_C",532211.9,0.173205080783773,2852336.03333333,0.0577350269727325
"7136","P05232_E",532225.9,0.173205080783773,2852336.03333333,0.0577350269727325
"7137","P05232_N",532211.9,0.173205080783773,2852354.9,0.173205080649348
"7138","P05233_C",532093.1,0.173205080783773,2852230.03333333,0.0577350269727325
"7139","P05233_E",532112.133333333,0.230940107689293,2852230.03333333,0.0577350269727325
"7140","P05233_N",532093.1,0.173205080783773,2852252.13333333,0.23094010762208
"7141","P05235_C",531985.066666667,0.11547005381104,2852149.86666667,0.23094010762208
"7142","P05235_E",532018.1,0.173205080783773,2852149.86666667,0.23094010762208
"7143","P05235_N",531985.066666667,0.11547005381104,2852180,0
"7144","P05241_C",531389.033333333,0.0577350269055201,2853100.86666667,0.23094010762208
"7145","P05241_E",531403.833333333,0.288675134594813,2853100.86666667,0.23094010762208
"7146","P05241_N",531389.033333333,0.0577350269055201,2853123,0
"7147","P05242_C",531428.033333333,0.0577350269055201,2853211.83333333,0.288675134594813
"7148","P05242_E",531437.133333333,0.230940107689293,2853211.83333333,0.288675134594813
"7149","P05242_N",531428.033333333,0.0577350269055201,2853216.06666667,0.115470053945465
"7150","P05243_C",531415.5,0,2852964.93333333,0.115470053945465
"7151","P05243_E",531437.3,0,2852964.93333333,0.115470053945465
"7152","P05243_N",531415.5,0,2852970.03333333,0.0577350269727325
"7153","P05245_C",531336.8,0,2853038.96666667,0.0577350269727325
"7154","P05245_E",531352,0,2853038.96666667,0.0577350269727325
"7155","P05245_N",531336.8,0,2853064.93333333,0.115470053945465
"7156","P05246_C",531921.133333333,0.230940107689293,2853313.06666667,0.115470053945465
"7157","P05246_E",531929.033333333,0.0577350269055201,2853313.06666667,0.115470053945465
"7158","P05246_N",531921.133333333,0.230940107689293,2853332,0
"7159","P05247_C",531936.1,0.173205080783773,2853338.96666667,0.0577350269727325
"7160","P05247_E",531940.033333333,0.0577350269055201,2853338.96666667,0.0577350269727325
"7161","P05247_N",531936.1,0.173205080783773,2853364.9,0.173205080649348
"7162","P05249_C",531802.933333333,0.11547005381104,2853421.86666667,0.23094010762208
"7163","P05249_E",531825.166666667,0.288675134594813,2853421.86666667,0.23094010762208
"7164","P05249_N",531802.933333333,0.11547005381104,2853454.06666667,0.115470053945465
"7165","P05250_C",531899.933333333,0.11547005381104,2853202,0
"7166","P05250_E",531926.133333333,0.230940107689293,2853202,0
"7167","P05250_N",531899.933333333,0.11547005381104,2853214.1,0.173205080649348
"7168","P05251_C",532289.866666667,0.230940107689293,2853403.06666667,0.115470053945465
"7169","P05251_E",532323.066666667,0.11547005381104,2853403.06666667,0.115470053945465
"7170","P05251_N",532289.866666667,0.230940107689293,2853425.06666667,0.115470053945465
"7171","P05255_C",532173.9,0.173205080783773,2853348.93333333,0.115470053945465
"7172","P05255_E",532178.1,0.173205080783773,2853348.93333333,0.115470053945465
"7173","P05255_N",532173.9,0.173205080783773,2853354,0
"7174","P05259_C",532608.933333333,0.11547005381104,2853409.16666667,0.288675134594813
"7175","P05259_E",532618.2,7.96994353806208,2853419.83333333,18.3325757419227
"7176","P05259_N",532613.6,8.14125297480532,2853430.4,18.533213428923
"7177","P05261_C",531466.833333333,0.288675134594813,2853993.83333333,0.288675134594813
"7178","P05261_E",531494.133333333,0.230940107689293,2853993.83333333,0.288675134594813
"7179","P05261_N",531466.833333333,0.288675134594813,2854026.86666667,0.23094010762208
"7180","P05262_C",531501.9,0.173205080783773,2854040.03333333,0.0577350269727325
"7181","P05262_E",531513.1,0.173205080783773,2854040.03333333,0.0577350269727325
"7182","P05262_N",531501.9,0.173205080783773,2854047.1,0.173205080649348
"7183","P05263_C",531534.866666667,0.230940107689293,2853851.03333333,0.0577350269727325
"7184","P05263_E",531552.1,0.173205080783773,2853851.03333333,0.0577350269727325
"7185","P05263_N",531534.866666667,0.230940107689293,2853857.96666667,0.0577350269727325
"7186","P05264_C",531411.833333333,0.288675134594813,2854013.16666667,0.288675134594813
"7187","P05264_E",531429.166666667,0.288675134594813,2854013.16666667,0.288675134594813
"7188","P05264_N",531411.833333333,0.288675134594813,2854038.03333333,0.0577350269727325
"7189","P05265_C",531418.866666667,0.230940107689293,2853991.03333333,13.8276293460808
"7190","P05265_E",531434.866666667,0.230940107689293,2853983.03333333,0.0577350269727325
"7191","P05265_N",531418.866666667,0.230940107689293,2853999.03333333,13.8853639971765
"7192","P05270_C",531637.933333333,0.11547005381104,2854155.03333333,0.0577350269727325
"7193","P05270_E",531660.966666667,0.0577350269055201,2854155.03333333,0.0577350269727325
"7194","P05270_N",531637.933333333,0.11547005381104,2854182.16666667,0.288675134594813
"7195","P05281_C",531876.7,NA,2853168.6,NA
"7196","P05281_E",531900,NA,2853167.8,NA
"7197","P05281_N",531876.9,NA,2853174.5,NA
"7198","P05282_C",532739,NA,2853481.2,NA
"7199","P05282_E",532761.7,NA,2853480.5,NA
"7200","P05282_N",532739.7,NA,2853500.3,NA
"7201","P05283_C",532095,NA,2853851.5,NA
"7202","P05283_E",532100.2,NA,2853851.3,NA
"7203","P05283_N",532096,NA,2853882,NA
"7204","P05284_C",532522.3,NA,2853375.8,NA
"7205","P05284_E",532547.5,NA,2853375,NA
"7206","P05284_N",532522.6,NA,2853382.7,NA
"7207","P05285_C",532591.8,NA,2853527.5,NA
"7208","P05285_E",532610.4,NA,2853526.9,NA
"7209","P05285_N",532592.2,NA,2853540.6,NA
"7210","P05286_C",531912.4,NA,2854443.5,NA
"7211","P05286_E",531921.3,NA,2854443.2,NA
"7212","P05286_N",531912.6,NA,2854450.9,NA
"7213","P05301_C",562854.866666667,0.11547005381104,2893198.93333333,0.0577350269727325
"7214","P05301_E",562862.733333333,0.230940107689293,2893198.93333333,0.0577350269727325
"7215","P05301_N",562854.866666667,0.11547005381104,2893223.13333333,0.115470053945465
"7216","P05302_C",562925.866666667,0.11547005381104,2893251.93333333,0.0577350269727325
"7217","P05302_E",562937.933333333,0.0577350269055201,2893251.93333333,0.0577350269727325
"7218","P05302_N",562925.866666667,0.11547005381104,2893278.13333333,0.115470053945465
"7219","P05303_C",562918.866666667,0.11547005381104,2893165.06666667,0.0577350269727325
"7220","P05303_E",562926.8,0.173205080783773,2893165.06666667,0.0577350269727325
"7221","P05303_N",562918.866666667,0.11547005381104,2893178.06666667,0.0577350269727325
"7222","P05305_C",562861.066666667,0.0577350269055201,2893029.8,0.173205080649348
"7223","P05305_E",562895.333333333,0.288675134594813,2893029.8,0.173205080649348
"7224","P05305_N",562861.066666667,0.0577350269055201,2893044.06666667,0.0577350269727325
"7225","P05308_C",563583.133333333,0.11547005381104,2892759.06666667,0.0577350269727325
"7226","P05308_E",563610.8,0.173205080783773,2892759.06666667,0.0577350269727325
"7227","P05308_N",563583.133333333,0.11547005381104,2892773.26666667,0.23094010762208
"7228","P05309_C",563380.266666667,0.230940107689293,2892922.06666667,0.0577350269727325
"7229","P05309_E",563407.866666667,0.11547005381104,2892922.06666667,0.0577350269727325
"7230","P05309_N",563380.266666667,0.230940107689293,2892944.13333333,0.115470053945465
"7231","P05310_C",563456,0,2892683.73333333,0.23094010762208
"7232","P05310_E",563484.733333333,0.230940107689293,2892683.73333333,0.23094010762208
"7233","P05310_N",563456,0,2892688,0
"7234","P05311_C",563658.133333333,0.11547005381104,2893620.66666667,0.288675134594813
"7235","P05311_E",563689.933333333,0.0577350269055201,2893620.66666667,0.288675134594813
"7236","P05311_N",563658.133333333,0.11547005381104,2893652.86666667,0.115470053945465
"7237","P05312_C",563729.333333333,0.288675134594813,2893752.26666667,0.23094010762208
"7238","P05312_E",563735.333333333,0.288675134594813,2893752.26666667,0.23094010762208
"7239","P05312_N",563729.333333333,0.288675134594813,2893758.93333333,0.0577350269727325
"7240","P05313_C",563758.666666667,0.288675134594813,2893475.33333333,0.288675134594813
"7241","P05313_E",563766.933333333,0.0577350269055201,2893475.33333333,0.288675134594813
"7242","P05313_N",563758.666666667,0.288675134594813,2893503.33333333,0.288675134594813
"7243","P05315_C",563572.066666667,0.0577350269055201,2893536.86666667,0.115470053945465
"7244","P05315_E",563605.733333333,0.230940107689293,2893536.86666667,0.115470053945465
"7245","P05315_N",563572.066666667,0.0577350269055201,2893555.13333333,0.115470053945465
"7246","P05316_C",564393.8,0.173205080783773,2893379.06666667,0.0577350269727325
"7247","P05316_E",564411.866666667,0.11547005381104,2893379.06666667,0.0577350269727325
"7248","P05316_N",564393.8,0.173205080783773,2893393.86666667,0.115470053945465
"7249","P05317_C",564384.066666667,0.0577350269055201,2893526.86666667,0.115470053945465
"7250","P05317_E",564391.133333333,0.11547005381104,2893526.86666667,0.115470053945465
"7251","P05317_N",564384.066666667,0.0577350269055201,2893541.8,0.173205080649348
"7252","P05318_C",564527,0,2893286.73333333,0.23094010762208
"7253","P05318_E",564543.8,0.173205080783773,2893286.73333333,0.23094010762208
"7254","P05318_N",564527,0,2893300.73333333,0.23094010762208
"7255","P05319_C",564366,0,2893409.06666667,0.0577350269727325
"7256","P05319_E",564399.933333333,0.0577350269055201,2893409.06666667,0.0577350269727325
"7257","P05319_N",564366,0,2893417.86666667,0.115470053945465
"7258","P05320_C",564327.733333333,0.230940107689293,2893328.26666667,0.23094010762208
"7259","P05320_E",564338.066666667,0.0577350269055201,2893328.26666667,0.23094010762208
"7260","P05320_N",564327.733333333,0.230940107689293,2893340.86666667,0.115470053945465
"7261","P05321_C",562756.266666667,0.230940107689293,2894112.26666667,0.23094010762208
"7262","P05321_E",562787.066666667,0.0577350269055201,2894112.26666667,0.23094010762208
"7263","P05321_N",562756.266666667,0.230940107689293,2894116.8,0.173205080649348
"7264","P05325_C",562760.2,0.173205080783773,2894049.8,0.173205080649348
"7265","P05325_E",562781.066666667,0.0577350269055201,2894049.8,0.173205080649348
"7266","P05325_N",562760.2,0.173205080783773,2894073.33333333,0.288675134594813
"7267","P05326_C",563137.266666667,0.230940107689293,2893949.73333333,0.23094010762208
"7268","P05326_E",563159.133333333,0.11547005381104,2893949.73333333,0.23094010762208
"7269","P05326_N",563137.266666667,0.230940107689293,2893970.2,0.173205080649348
"7270","P05328_C",563240.933333333,0.0577350269055201,2893919.26666667,0.23094010762208
"7271","P05328_E",563247.133333333,0.11547005381104,2893919.26666667,0.23094010762208
"7272","P05328_N",563240.933333333,0.0577350269055201,2893950.06666667,0.0577350269727325
"7273","P05329_C",562999.266666667,0.230940107689293,2893989.86666667,0.115470053945465
"7274","P05329_E",563028.733333333,0.230940107689293,2893989.86666667,0.115470053945465
"7275","P05329_N",562999.266666667,0.230940107689293,2894015.26666667,0.23094010762208
"7276","P05330_C",563111.733333333,0.230940107689293,2893899.13333333,0.115470053945465
"7277","P05330_E",563137.2,0.173205080783773,2893899.13333333,0.115470053945465
"7278","P05330_N",563111.733333333,0.230940107689293,2893907.73333333,0.23094010762208
"7279","P05332_C",563451.2,0.173205080783773,2894741.13333333,0.115470053945465
"7280","P05332_E",563474.266666667,0.230940107689293,2894741.13333333,0.115470053945465
"7281","P05332_N",563451.2,0.173205080783773,2894749.93333333,0.0577350269727325
"7282","P05336_C",564083.133333333,0.11547005381104,2894593.86666667,0.115470053945465
"7283","P05336_E",564102.866666667,0.11547005381104,2894593.86666667,0.115470053945465
"7284","P05336_N",564083.133333333,0.11547005381104,2894608.2,0.173205080649348
"7285","P05339_C",564014.8,0.173205080783773,2894619.06666667,0.0577350269727325
"7286","P05339_E",564034.733333333,0.230940107689293,2894619.06666667,0.0577350269727325
"7287","P05339_N",564014.8,0.173205080783773,2894632.8,0.173205080649348
"7288","P05343_C",562223.133333333,0.11547005381104,2894923,0
"7289","P05343_E",562231.866666667,0.11547005381104,2894923,0
"7290","P05343_N",562223.133333333,0.11547005381104,2894947.86666667,0.115470053945465
"7291","P05345_C",562119.8,0.173205080783773,2894927,0
"7292","P05345_E",562146.933333333,0.0577350269055201,2894927,0
"7293","P05345_N",562119.8,0.173205080783773,2894946.33333333,0.288675134594813
"7294","P05346_C",562468,0,2895333.73333333,0.23094010762208
"7295","P05346_E",562498.866666667,0.11547005381104,2895333.73333333,0.23094010762208
"7296","P05346_N",562468,0,2895357.73333333,0.23094010762208
"7297","P05347_C",562524.733333333,0.230940107689293,2895421.06666667,0.0577350269727325
"7298","P05347_E",562543.333333333,0.288675134594813,2895421.06666667,0.0577350269727325
"7299","P05347_N",562524.733333333,0.230940107689293,2895441.73333333,0.23094010762208
"7300","P05349_C",562442.133333333,0.11547005381104,2895329.2,0.173205080649348
"7301","P05349_E",562462.2,0.173205080783773,2895329.2,0.173205080649348
"7302","P05349_N",562442.133333333,0.11547005381104,2895346.86666667,0.115470053945465
"7303","P05350_C",562422.933333333,0.0577350269055201,2895208.8,0.173205080649348
"7304","P05350_E",562444.933333333,0.0577350269055201,2895208.8,0.173205080649348
"7305","P05350_N",562422.933333333,0.0577350269055201,2895238,0
"7306","P05353_C",562906.8,0.173205080783773,2895940.73333333,0.23094010762208
"7307","P05353_E",562931.866666667,0.11547005381104,2895940.73333333,0.23094010762208
"7308","P05353_N",562906.8,0.173205080783773,2895954.86666667,0.115470053945465
"7309","P05357_C",563653.2,0.173205080783773,2895544,0
"7310","P05357_E",563683.133333333,0.11547005381104,2895544,0
"7311","P05357_N",563653.2,0.173205080783773,2895566.26666667,0.23094010762208
"7312","P05359_C",563560.333333333,0.288675134594813,2895467.13333333,0.115470053945465
"7313","P05359_E",563588.2,0.173205080783773,2895467.13333333,0.115470053945465
"7314","P05359_N",563560.333333333,0.288675134594813,2895489.8,0.173205080649348
"7315","P05360_C",563643.8,0.173205080783773,2895355.16666667,10.3365048897092
"7316","P05360_E",563669.2,0.173205080783773,2895349.26666667,0.23094010762208
"7317","P05360_N",563643.8,0.173205080783773,2895361.16666667,10.1903549170273
"7318","P05363_C",561867.933333333,0.0577350269055201,2896449.26666667,0.23094010762208
"7319","P05363_E",561881.066666667,0.0577350269055201,2896449.26666667,0.23094010762208
"7320","P05363_N",561867.933333333,0.0577350269055201,2896456.26666667,0.23094010762208
"7321","P05364_C",561781.866666667,0.11547005381104,2896460.86666667,0.115470053945465
"7322","P05364_E",561801.133333333,0.11547005381104,2896460.86666667,0.115470053945465
"7323","P05364_N",561781.866666667,0.11547005381104,2896466.73333333,0.23094010762208
"7324","P05365_C",561829.8,0.173205080783773,2896254.06666667,0.0577350269727325
"7325","P05365_E",561841.866666667,0.11547005381104,2896254.06666667,0.0577350269727325
"7326","P05365_N",561829.8,0.173205080783773,2896268.33333333,0.288675134594813
"7327","P05366_C",562279.066666667,0.0577350269055201,2896561.86666667,0.115470053945465
"7328","P05366_E",562308.266666667,0.230940107689293,2896561.86666667,0.115470053945465
"7329","P05366_N",562279.066666667,0.0577350269055201,2896569.66666667,0.288675134594813
"7330","P05367_C",562346.2,0.173205080783773,2896600.66666667,0.288675134594813
"7331","P05367_E",562372.133333333,0.11547005381104,2896600.66666667,0.288675134594813
"7332","P05367_N",562346.2,0.173205080783773,2896631.93333333,0.0577350269727325
"7333","P05368_C",562409.2,0.173205080783773,2896509.8,0.173205080649348
"7334","P05368_E",562428.666666667,0.288675134594813,2896509.8,0.173205080649348
"7335","P05368_N",562409.2,0.173205080783773,2896528.86666667,0.115470053945465
"7336","P05371_C",562507.133333333,0.11547005381104,2897178.06666667,0.0577350269727325
"7337","P05371_E",562524.066666667,0.0577350269055201,2897178.06666667,0.0577350269727325
"7338","P05371_N",562507.133333333,0.11547005381104,2897196.93333333,0.0577350269727325
"7339","P05373_C",562604.666666667,0.288675134594813,2897144.66666667,0.288675134594813
"7340","P05373_E",562629,0,2897144.66666667,0.288675134594813
"7341","P05373_N",562604.666666667,0.288675134594813,2897161.93333333,0.0577350269727325
"7342","P05381_C",562791,NA,2893399,NA
"7343","P05381_E",562811,NA,2893407,NA
"7344","P05381_N",562784,NA,2893418,NA
"7345","P05382_C",562924,NA,2894473,NA
"7346","P05382_E",562934,NA,2894477,NA
"7347","P05382_N",562916,NA,2894493,NA
"7348","P05401_C",515738.8,0,2825278.8,0
"7349","P05401_E",515765.4,0,2825278.8,0
"7350","P05401_N",515738.8,0,2825288,0
"7351","P05403_C",515682.4,0,2825192.6,0
"7352","P05403_E",515690.6,0,2825192.6,0
"7353","P05403_N",515682.4,0,2825214,0
"7354","P05405_C",515700.4,0,2825270.5,0
"7355","P05405_E",515713.6,0,2825270.5,0
"7356","P05405_N",515700.4,0,2825286.4,0
"7357","P05408_C",515956,0,2825020.3,0
"7358","P05408_E",515975.6,0,2825020.3,0
"7359","P05408_N",515956,0,2825046.3,0
"7360","P05409_C",516027,0,2825231.2,0
"7361","P05409_E",516053.8,0,2825231.2,0
"7362","P05409_N",516027,0,2825253.7,0
"7363","P05410_C",515998.8,0,2825196.9,0
"7364","P05410_E",516008.2,0,2825196.9,0
"7365","P05410_N",515998.8,0,2825222.7,0
"7366","P05412_C",516028.8,0,2824228.5,0
"7367","P05412_E",516045.4,0,2824228.5,0
"7368","P05412_N",516028.8,0,2824263.3,0
"7369","P05413_C",515831.4,0,2824069.6,0
"7370","P05413_E",515835.7,0,2824069.6,0
"7371","P05413_N",515831.4,0,2824103.8,0
"7372","P05414_C",515947.2,0,2824343.7,0
"7373","P05414_E",515962.6,0,2824343.7,0
"7374","P05414_N",515947.2,0,2824362.9,0
"7375","P05419_C",516512.2,0,2823944.9,0
"7376","P05419_E",516518.2,0,2823944.9,0
"7377","P05419_N",516512.2,0,2823949.9,0
"7378","P05425_C",516481.8,0,2825807.1,0
"7379","P05425_E",516513.3,0,2825807.1,0
"7380","P05425_N",516481.8,0,2825840.2,0
"7381","P05431_C",516680.3,0,2825095.2,0
"7382","P05431_E",516712.9,0,2825095.2,0
"7383","P05431_N",516680.3,0,2825126.9,0
"7384","P05435_C",516607.4,0,2825168.1,0
"7385","P05435_E",516619.2,0,2825168.1,0
"7386","P05435_N",516607.4,0,2825184.5,0
"7387","P05437_C",517645.4,0,2824781.2,0
"7388","P05437_E",517666,0,2824781.2,0
"7389","P05437_N",517645.4,0,2824784.3,0
"7390","P05439_C",517551.7,0,2824922.7,0
"7391","P05439_E",517570.1,0,2824922.7,0
"7392","P05439_N",517551.7,0,2824942.2,0
"7393","P05440_C",517465.7,0,2824835.2,0
"7394","P05440_E",517499.8,0,2824835.2,0
"7395","P05440_N",517465.7,0,2824865.9,0
"7396","P05456_C",517940,0,2825267.3,0
"7397","P05456_E",517964,0,2825267.3,0
"7398","P05456_N",517940,0,2825294.7,0
"7399","P05457_C",518037.9,0,2825258.8,0
"7400","P05457_E",518042.8,0,2825258.8,0
"7401","P05457_N",518037.9,0,2825284.2,0
"7402","P05461_C",518007,0,2827250.3,0
"7403","P05461_E",518035.9,0,2827250.3,0
"7404","P05461_N",518007,0,2827284.2,0
"7405","P05462_C",518055.6,0,2827275.1,0
"7406","P05462_E",518077.4,0,2827275.1,0
"7407","P05462_N",518055.6,0,2827304.1,0
"7408","P05463_C",518050.3,0,2827192.7,0
"7409","P05463_E",518055.1,0,2827192.7,0
"7410","P05463_N",518050.3,0,2827199,0
"7411","P05464_C",517974.7,0,2827357.1,0
"7412","P05464_E",517985,0,2827357.1,0
"7413","P05464_N",517974.7,0,2827364.6,0
"7414","P05465_C",517943.1,0,2827209.7,0
"7415","P05465_E",517969.8,0,2827209.7,0
"7416","P05465_N",517943.1,0,2827225.3,0
"7417","P05466_C",518395.2,0,2827347,0
"7418","P05466_E",518402.3,0,2827347,0
"7419","P05466_N",518395.2,0,2827375.1,0
"7420","P05467_C",518447.7,0,2827364.6,0
"7421","P05467_E",518457.6,0,2827364.6,0
"7422","P05467_N",518447.7,0,2827389,0
"7423","P05468_C",518327.9,0,2827189.9,0
"7424","P05468_E",518341.4,0,2827189.9,0
"7425","P05468_N",518327.9,0,2827216.4,0
"7426","P05469_C",518412.7,0,2827396.7,0
"7427","P05469_E",518447.5,0,2827396.7,0
"7428","P05469_N",518412.7,0,2827401.4,0
"7429","P05470_C",518316.3,0,2827413.3,0
"7430","P05470_E",518337.8,0,2827413.3,0
"7431","P05470_N",518316.3,0,2827441.8,0
"7432","P05471_C",518791.7,0,2826745.5,0
"7433","P05471_E",518804.3,0,2826745.5,0
"7434","P05471_N",518791.7,0,2826751.3,0
"7435","P05472_C",518886.5,0,2826701,0
"7436","P05472_E",518912.7,0,2826701,0
"7437","P05472_N",518886.5,0,2826728.5,0
"7438","P05473_C",518806.7,0,2826625.2,0
"7439","P05473_E",518823.2,0,2826625.2,0
"7440","P05473_N",518806.7,0,2826645.5,0
"7441","P05474_C",518873.4,0,2826868.8,0
"7442","P05474_E",518889.1,0,2826868.8,0
"7443","P05474_N",518873.4,0,2826893.8,0
"7444","P05475_C",518697.4,0,2826679.6,0
"7445","P05475_E",518720.6,0,2826679.6,0
"7446","P05475_N",518697.4,0,2826695.1,0
"7447","P05477_C",519045.5,0,2826475.6,0
"7448","P05477_E",519060.8,0,2826475.6,0
"7449","P05477_N",519045.5,0,2826504.1,0
"7450","P05478_C",518958,0,2826410,0
"7451","P05478_E",518968.3,0,2826410,0
"7452","P05478_N",518958,0,2826429.7,0
"7453","P05479_C",519000.8,0,2826517.6,0
"7454","P05479_E",519033.8,0,2826517.6,0
"7455","P05479_N",519000.8,0,2826547.1,0
"7456","P05480_C",518875.9,0,2826409.5,0
"7457","P05480_E",518907.8,0,2826409.5,0
"7458","P05480_N",518875.9,0,2826432.9,0
"7459","P05481_C",516239.7,NA,2823722.4,NA
"7460","P05481_E",516251.7,NA,2823709.4,NA
"7461","P05481_N",516253.8,NA,2823735.4,NA
"7462","P05482_C",515677.2,NA,2823997.4,NA
"7463","P05482_E",515683.9,NA,2823990.1,NA
"7464","P05482_N",515681.4,NA,2824001.2,NA
"7465","P05483_C",517577.1,NA,2826921.6,NA
"7466","P05483_E",517586,NA,2826912,NA
"7467","P05483_N",517585,NA,2826928.9,NA
"7468","P05484_C",516821.3,NA,2824610.5,NA
"7469","P05484_E",516826.3,NA,2824605.2,NA
"7470","P05484_N",516837.9,NA,2824625.8,NA
"7471","P05485_C",518277.2,NA,2825821.5,NA
"7472","P05485_E",518295,NA,2825802.1,NA
"7473","P05485_N",518296,NA,2825838.8,NA
"7474","P05486_C",517417,NA,2826806.9,NA
"7475","P05486_E",517421.4,NA,2826802,NA
"7476","P05486_N",517440.2,NA,2826828.4,NA
"7477","P05487_C",518802.4,NA,2826248.4,NA
"7478","P05487_E",518811.6,NA,2826238.3,NA
"7479","P05487_N",518819.2,NA,2826263.9,NA
"7480","P05488_C",518365.1,NA,2827769.3,NA
"7481","P05488_E",518370.7,NA,2827763.1,NA
"7482","P05488_N",518380.5,NA,2827783.5,NA
"7483","P05503_C",521008.4,0,2873785.6,0
"7484","P05503_E",521033.4,0,2873785.6,0
"7485","P05503_N",521008.4,0,2873790.5,0
"7486","P05505_C",520913.2,0,2873857.1,0
"7487","P05505_E",520930.9,0,2873857.1,0
"7488","P05505_N",520913.2,0,2873873.8,0
"7489","P05509_C",521481.5,0,2874190.3,0
"7490","P05509_E",521512,0,2874190,0
"7491","P05509_N",521481,0,2874203,0
"7492","P05510_C",521504,0,2874114.8,0
"7493","P05510_E",521511.6,0,2874114.8,0
"7494","P05510_N",521504.4,0,2874145.4,0
"7495","P05512_C",522106.8,0,2874187.9,0
"7496","P05512_E",522120.9,0,2874187.9,0
"7497","P05512_N",522106.8,0,2874219.6,0
"7498","P05513_C",522218.7,0,2874016.5,0
"7499","P05513_E",522245.2,0,2874016.5,0
"7500","P05513_N",522218.7,0,2874051.3,0
"7501","P05514_C",521991.6,0,2874120.1,0
"7502","P05514_E",522008.6,0,2874120.1,0
"7503","P05514_N",521991.6,0,2874129.9,0
"7504","P05515_C",522123.2,0,2873981.2,0
"7505","P05515_E",522133.9,0,2873981.2,0
"7506","P05515_N",522123.2,0,2874014.5,0
"7507","P05516_C",522085.3,0,2875097.8,0
"7508","P05516_E",522095.1,0,2875097.8,0
"7509","P05516_N",522085.3,0,2875107,0
"7510","P05517_C",522135.1,0,2875270.8,0
"7511","P05517_E",522156.7,0,2875270.8,0
"7512","P05517_N",522135.1,0,2875299.3,0
"7513","P05518_C",522126.3,0,2875031.5,0
"7514","P05518_E",522158.7,0,2875031.5,0
"7515","P05518_N",522126.3,0,2875035.2,0
"7516","P05519_C",521940.8,0,2875129,0
"7517","P05519_E",521956.9,0,2875129,0
"7518","P05519_N",521940.8,0,2875147.9,0
"7519","P05521_C",520669,0,2874680.2,0
"7520","P05521_E",520683.4,0,2874680.2,0
"7521","P05521_N",520669,0,2874695.7,0
"7522","P05522_C",520754.1,0,2874780.8,0
"7523","P05522_E",520758,0,2874780.8,0
"7524","P05522_N",520754.1,0,2874809.4,0
"7525","P05523_C",520679.1,0,2874678.2,0
"7526","P05523_E",520700.7,0,2874678.2,0
"7527","P05523_N",520679.1,0,2874692.7,0
"7528","P05524_C",520541,0,2874705.6,0
"7529","P05524_E",520572,0,2874705.6,0
"7530","P05524_N",520541,0,2874719,0
"7531","P05525_C",520559.9,0,2874629.2,0
"7532","P05525_E",520582.1,0,2874629.2,0
"7533","P05525_N",520559.9,0,2874635.3,0
"7534","P05528_C",521063,0,2875190,0
"7535","P05528_E",521085.1,0,2875190,0
"7536","P05528_N",521063,0,2875197.9,0
"7537","P05529_C",520871.2,0,2875301.1,0
"7538","P05529_E",520899.9,0,2875301.1,0
"7539","P05529_N",520871.2,0,2875330.3,0
"7540","P05530_C",520966.8,0,2875146.9,0
"7541","P05530_E",520982.8,0,2875146.9,0
"7542","P05530_N",520966.8,0,2875167.8,0
"7543","P05531_C",521162.3,0,2875871.3,0
"7544","P05531_E",521170.2,0,2875871.3,0
"7545","P05531_N",521162.3,0,2875880.9,0
"7546","P05532_C",521229.9,0,2875958.1,0
"7547","P05532_E",521244.5,0,2875958.1,0
"7548","P05532_N",521229.9,0,2875966.7,0
"7549","P05533_C",521290.5,0,2875882.2,0
"7550","P05533_E",521313,0,2875882.2,0
"7551","P05533_N",521290.5,0,2875896.7,0
"7552","P05538_C",522063.1,0,2875087.4,0
"7553","P05538_E",522073.4,0,2875087.4,0
"7554","P05538_N",522063.1,0,2875091.8,0
"7555","P05541_C",520197.4,0,2876029.5,0
"7556","P05541_E",520216.2,0,2876029.5,0
"7557","P05541_N",520197.4,0,2876041.7,0
"7558","P05542_C",520206.8,0,2876067,0
"7559","P05542_E",520224.9,0,2876067,0
"7560","P05542_N",520206.8,0,2876093,0
"7561","P05543_C",520241.5,0,2876001.5,0
"7562","P05543_E",520270,0,2876001.5,0
"7563","P05543_N",520241.5,0,2876005.2,0
"7564","P05544_C",520104.7,0,2876163.8,0
"7565","P05544_E",520122.8,0,2876163.8,0
"7566","P05544_N",520104.7,0,2876182.4,0
"7567","P05546_C",520812.2,0,2876438.8,0
"7568","P05546_E",520845.5,0,2876438.8,0
"7569","P05546_N",520812.2,0,2876447.5,0
"7570","P05547_C",520843.7,0,2876515.6,0
"7571","P05547_E",520853.4,0,2876515.6,0
"7572","P05547_N",520843.7,0,2876547.1,0
"7573","P05549_C",520704.6,0,2876458.3,0
"7574","P05549_E",520708.1,0,2876458.3,0
"7575","P05549_N",520704.6,0,2876472.9,0
"7576","P05551_C",520986.4,0,2877180.2,0
"7577","P05551_E",521014.4,0,2877180.2,0
"7578","P05551_N",520986.4,0,2877205.3,0
"7579","P05552_C",520973,0,2877329.2,0
"7580","P05552_E",520994.7,0,2877329.2,0
"7581","P05552_N",520973,0,2877349,0
"7582","P05554_C",520866,0,2877272.1,0
"7583","P05554_E",520879.9,0,2877272.1,0
"7584","P05554_N",520866,0,2877294.5,0
"7585","P05556_C",521290,0,2877360,6.92820323027551
"7586","P05556_E",521322,0,2877356,0
"7587","P05556_N",521290,0,2877364,6.92820323027551
"7588","P05561_C",519730.4,0,2877011.2,0
"7589","P05561_E",519756.4,0,2877011.2,0
"7590","P05561_N",519730.4,0,2877039.8,0
"7591","P05563_C",519855.3,0,2876997.1,0
"7592","P05563_E",519874.3,0,2876997.1,0
"7593","P05563_N",519855.3,0,2877006.1,0
"7594","P05564_C",519673.6,0,2877080.4,0
"7595","P05564_E",519703.9,0,2877080.4,0
"7596","P05564_N",519673.6,0,2877105.7,0
"7597","P05565_C",519721.7,0,2876882.8,0
"7598","P05565_E",519732.8,0,2876882.8,0
"7599","P05565_N",519721.7,0,2876888.7,0
"7600","P05566_C",519829.6,0,2877862.3,0
"7601","P05566_E",519845.5,0,2877862.3,0
"7602","P05566_N",519829.6,0,2877884.1,0
"7603","P05568_C",519872.4,0,2877814.1,0
"7604","P05568_E",519895.4,0,2877814.1,0
"7605","P05568_N",519872.4,0,2877843.4,0
"7606","P05569_C",519769,0,2877942.3,0
"7607","P05569_E",519797.9,0,2877942.3,0
"7608","P05569_N",519769,0,2877958.2,0
"7609","P05570_C",519766.8,0,2877757.5,0
"7610","P05570_E",519780.7,0,2877757.5,0
"7611","P05570_N",519766.8,0,2877780.9,0
"7612","P05573_C",520569.7,0,2877723.9,0
"7613","P05573_E",520573.1,0,2877723.9,0
"7614","P05573_N",520569.7,0,2877754.8,0
"7615","P05581_C",520104.5,NA,2876747.3,NA
"7616","P05581_E",520118.2,NA,2876752.4,NA
"7617","P05581_N",520094.8,NA,2876773.3,NA
"7618","P05601_C",537591.3,0,2841985.4,0
"7619","P05601_E",537598.9,0,2841985.4,0
"7620","P05601_N",537591.3,0,2842009.4,0
"7621","P05602_C",537715.9,0,2841978.7,0
"7622","P05602_E",537747.1,0,2841978.7,0
"7623","P05602_N",537715.9,0,2842001.3,0
"7624","P05603_C",537651,0,2841824.8,0
"7625","P05603_E",537661.4,0,2841824.8,0
"7626","P05603_N",537651,0,2841842.7,0
"7627","P05604_C",537521.6,0,2842088.5,0
"7628","P05604_E",537544.8,0,2842088.5,0
"7629","P05604_N",537521.6,0,2842112.9,0
"7630","P05607_C",537928.6,0,2841455.4,0
"7631","P05607_E",537947.5,0,2841455.4,0
"7632","P05607_N",537928.6,0,2841473,0
"7633","P05610_C",537745.7,0,2841279.6,0
"7634","P05610_E",537756.8,0,2841279.6,0
"7635","P05610_N",537745.7,0,2841301.5,0
"7636","P05611_C",538705.2,0,2841507,0
"7637","P05611_E",538739.7,0,2841507,0
"7638","P05611_N",538705.2,0,2841539.5,0
"7639","P05612_C",538805.3,0,2841630.2,0
"7640","P05612_E",538837.4,0,2841630.2,0
"7641","P05612_N",538805.3,0,2841657.6,0
"7642","P05614_C",538693.8,0,2841611.7,0
"7643","P05614_E",538697.6,0,2841611.7,0
"7644","P05614_N",538693.8,0,2841619.2,0
"7645","P05615_C",538661.4,0,2841359.9,0
"7646","P05615_E",538673.7,0,2841359.9,0
"7647","P05615_N",538661.4,0,2841373.4,0
"7648","P05616_C",538849.6,0,2841002.1,0
"7649","P05616_E",538881.8,0,2841002.1,0
"7650","P05616_N",538849.6,0,2841035.4,0
"7651","P05618_C",538907.6,0,2840949.9,0
"7652","P05618_E",538935.4,0,2840949.9,0
"7653","P05618_N",538907.6,0,2840961.2,0
"7654","P05619_C",538826.8,0,2841088.3,0
"7655","P05619_E",538861.6,0,2841088.3,0
"7656","P05619_N",538826.8,0,2841105.7,0
"7657","P05620_C",538761.6,0,2840936.3,0
"7658","P05620_E",538784.2,0,2840936.3,0
"7659","P05620_N",538761.6,0,2840950.4,0
"7660","P05623_C",537936.5,0,2842378.4,0
"7661","P05623_E",537956.3,0,2842378.4,0
"7662","P05623_N",537936.5,0,2842386.4,0
"7663","P05624_C",537883.8,0,2842582.4,0
"7664","P05624_E",537894.9,0,2842582.4,0
"7665","P05624_N",537883.8,0,2842598.2,0
"7666","P05626_C",538649.4,0,2842966,0
"7667","P05626_E",538679.2,0,2842966,0
"7668","P05626_N",538649.4,0,2842977.9,0
"7669","P05627_C",538713.6,0,2843045.6,0
"7670","P05627_E",538734.9,0,2843045.6,0
"7671","P05627_N",538713.6,0,2843062.4,0
"7672","P05628_C",538741,0,2842897,0
"7673","P05628_E",538761.2,0,2842897,0
"7674","P05628_N",538741,0,2842921,0
"7675","P05629_C",538537.2,0,2843003.4,0
"7676","P05629_E",538557.5,0,2843003.4,0
"7677","P05629_N",538537.2,0,2843028.1,0
"7678","P05630_C",538577.5,0,2842843.3,0
"7679","P05630_E",538586.3,0,2842843.3,0
"7680","P05630_N",538577.5,0,2842861.5,0
"7681","P05633_C",538769.6,0,2842193.7,0
"7682","P05633_E",538784.9,0,2842193.7,0
"7683","P05633_N",538769.6,0,2842210.9,0
"7684","P05634_C",538686.5,0,2842406,0
"7685","P05634_E",538710.7,0,2842406,0
"7686","P05634_N",538686.5,0,2842421,0
"7687","P05635_C",538685.3,0,2842224.7,0
"7688","P05635_E",538691.8,0,2842224.7,0
"7689","P05635_N",538685.3,0,2842227.8,0
"7690","P05636_C",539131,0,2841913.8,0
"7691","P05636_E",539163.3,0,2841913.8,0
"7692","P05636_N",539131,0,2841927.4,0
"7693","P05639_C",539040.6,0,2842005.1,0
"7694","P05639_E",539065.5,0,2842005.1,0
"7695","P05639_N",539040.6,0,2842030.1,0
"7696","P05641_C",538488.4,0,2844299.2,0
"7697","P05641_E",538522.9,0,2844299.2,0
"7698","P05641_N",538488.4,0,2844319.9,0
"7699","P05642_C",538537.5,0,2844407.3,0
"7700","P05642_E",538565.9,0,2844407.3,0
"7701","P05642_N",538537.5,0,2844435.2,0
"7702","P05643_C",538482.1,0,2844128.4,0
"7703","P05643_E",538493.3,0,2844128.4,0
"7704","P05643_N",538482.1,0,2844163,0
"7705","P05648_C",538683.8,0,2844184.7,0
"7706","P05648_E",538715.4,0,2844184.7,0
"7707","P05648_N",538683.8,0,2844193.3,0
"7708","P05650_C",538613.3,0,2844204.3,0
"7709","P05650_E",538645.5,0,2844204.3,0
"7710","P05650_N",538613.3,0,2844238.7,0
"7711","P05651_C",539821,0,2844605,0
"7712","P05651_E",539832,0,2844605,0
"7713","P05651_N",539821,0,2844616,0
"7714","P05652_C",539326,0,2844646,0
"7715","P05652_E",539336,0,2844646,0
"7716","P05652_N",539326,0,2844670,0
"7717","P05655_C",539843,0,2844559,0
"7718","P05655_E",539849,0,2844559,0
"7719","P05655_N",539843,0,2844568,0
"7720","P05656_C",539369.2,0,2843417.8,0
"7721","P05656_E",539393.7,0,2843417.8,0
"7722","P05656_N",539369.2,0,2843429.3,0
"7723","P05657_C",539397.9,0,2843425.1,0
"7724","P05657_E",539414.4,0,2843425.1,0
"7725","P05657_N",539397.9,0,2843455.4,0
"7726","P05659_C",539276.5,0,2843517.1,0
"7727","P05659_E",539287.7,0,2843517.1,0
"7728","P05659_N",539276.5,0,2843546.8,0
"7729","P05660_C",539303.4,0,2843395.7,0
"7730","P05660_E",539317.8,0,2843395.7,0
"7731","P05660_N",539303.4,0,2843409.9,0
"7732","P05662_C",538691.5,0,2845582.6,0
"7733","P05662_E",538721.6,0,2845582.6,0
"7734","P05662_N",538691.5,0,2845614.8,0
"7735","P05663_C",538617.6,0,2845374.4,0
"7736","P05663_E",538621.6,0,2845374.4,0
"7737","P05663_N",538617.6,0,2845394.7,0
"7738","P05664_C",538609.6,0,2845527.1,0
"7739","P05664_E",538636.3,0,2845527.1,0
"7740","P05664_N",538609.6,0,2845550.8,0
"7741","P05665_C",538499.7,0,2845335.3,0
"7742","P05665_E",538526.6,0,2845335.3,0
"7743","P05665_N",538499.7,0,2845349,0
"7744","P05666_C",539238.4,0,2845056.7,0
"7745","P05666_E",539247.2,0,2845056.7,0
"7746","P05666_N",539238.4,0,2845088.4,0
"7747","P05667_C",539369.3,0,2845073.1,0
"7748","P05667_E",539392.2,0,2845073.1,0
"7749","P05667_N",539369.3,0,2845086.2,0
"7750","P05668_C",539336.4,0,2845018.4,0
"7751","P05668_E",539358.8,0,2845018.4,0
"7752","P05668_N",539336.4,0,2845033.6,0
"7753","P05801_C",520979.8,0,2850151.6,0
"7754","P05801_E",521009.2,0,2850151.6,0
"7755","P05801_N",520979.8,0,2850169.8,0
"7756","P05802_C",520999,0,2850188.8,0
"7757","P05802_E",521009.6,0,2850188.8,0
"7758","P05802_N",520999,0,2850211.4,0
"7759","P05805_C",520960.7,0,2850116.2,0
"7760","P05805_E",520989.1,0,2850116.2,0
"7761","P05805_N",520960.7,0,2850147.9,0
"7762","P05816_C",522304.2,0,2849795.4,0
"7763","P05816_E",522331.2,0,2849795.4,0
"7764","P05816_N",522304.2,0,2849823.2,0
"7765","P05817_C",522332.3,0,2849944.3,0
"7766","P05817_E",522341.4,0,2849944.3,0
"7767","P05817_N",522332.3,0,2849972.5,0
"7768","P05819_C",522281.8,0,2849919.1,0
"7769","P05819_E",522313,0,2849919.1,0
"7770","P05819_N",522281.8,0,2849950.4,0
"7771","P05820_C",522292.1,0,2849740.6,0
"7772","P05820_E",522315.3,0,2849740.6,0
"7773","P05820_N",522292.1,0,2849774.4,0
"7774","P05821_C",521131.5,0,2850577.2,0
"7775","P05821_E",521140.2,0,2850577.2,0
"7776","P05821_N",521131.5,0,2850611.1,0
"7777","P05824_C",521075.7,0,2850633,0
"7778","P05824_E",521089.3,0,2850633,0
"7779","P05824_N",521075.7,0,2850654.9,0
"7780","P05825_C",521055.9,0,2850484.6,0
"7781","P05825_E",521076.3,0,2850484.6,0
"7782","P05825_N",521055.9,0,2850503.9,0
"7783","P05826_C",521503.7,0,2850423.5,0
"7784","P05826_E",521530.9,0,2850423.5,0
"7785","P05826_N",521503.7,0,2850439.6,0
"7786","P05828_C",521586.8,0,2850302.7,0
"7787","P05828_E",521614.8,0,2850302.7,0
"7788","P05828_N",521586.8,0,2850318.5,0
"7789","P05832_C",522108,0,2851350.4,0
"7790","P05832_E",522116.7,0,2851350.4,0
"7791","P05832_N",522108,0,2851366.5,0
"7792","P05833_C",522120.9,0,2851181.2,0
"7793","P05833_E",522150.6,0,2851181.2,0
"7794","P05833_N",522120.9,0,2851201.5,0
"7795","P05835_C",521886.5,0,2851095.5,0
"7796","P05835_E",521918.7,0,2851095.5,0
"7797","P05835_N",521886.5,0,2851101.2,0
"7798","P05836_C",522723.2,0,2851190.2,0
"7799","P05836_E",522749.5,0,2851190.2,0
"7800","P05836_N",522723.2,0,2851196.4,0
"7801","P05837_C",522763.5,0,2851292.9,0
"7802","P05837_E",522782.5,0,2851292.9,0
"7803","P05837_N",522763.5,0,2851305.3,0
"7804","P05842_C",521312.5,0,2852168.1,0
"7805","P05842_E",521332.9,0,2852168.1,0
"7806","P05842_N",521312.5,0,2852194.5,0
"7807","P05843_C",521266.6,0,2852057.2,0
"7808","P05843_E",521286.2,0,2852057.2,0
"7809","P05843_N",521266.6,0,2852085.4,0
"7810","P05844_C",521163,0,2852278.6,0
"7811","P05844_E",521192.8,0,2852278.6,0
"7812","P05844_N",521163,0,2852282.7,0
"7813","P05845_C",521133.3,0,2852079.3,0
"7814","P05845_E",521149.6,0,2852079.3,0
"7815","P05845_N",521133.3,0,2852083,0
"7816","P05846_C",521762.5,0,2852322.6,0
"7817","P05846_E",521778.5,0,2852322.6,0
"7818","P05846_N",521762.5,0,2852331,0
"7819","P05847_C",521863,0,2852389.4,0
"7820","P05847_E",521874.4,0,2852389.4,0
"7821","P05847_N",521863,0,2852402.8,0
"7822","P05848_C",521810.7,0,2852215.1,0
"7823","P05848_E",521844.1,0,2852215.1,0
"7824","P05848_N",521810.7,0,2852234,0
"7825","P05850_C",521642.1,0,2852285.8,0
"7826","P05850_E",521653.9,0,2852285.8,0
"7827","P05850_N",521642.1,0,2852310.1,0
"7828","P05853_C",522211.8,0,2851915.2,0
"7829","P05853_E",522220.6,0,2851915.2,0
"7830","P05853_N",522211.8,0,2851949.2,0
"7831","P05855_C",522076.3,0,2851883.3,0
"7832","P05855_E",522094.4,0,2851883.3,0
"7833","P05855_N",522076.3,0,2851901.8,0
"7834","P05856_C",522713.1,0,2851827,0
"7835","P05856_E",522739.8,0,2851827,0
"7836","P05856_N",522712,0,2851853,0
"7837","P05860_C",522691.5,0,2851677.6,0
"7838","P05860_E",522696.3,0,2851677.6,0
"7839","P05860_N",522691.5,0,2851684.2,0
"7840","P05861_C",521440.9,0,2853490,0
"7841","P05861_E",521462.9,0,2853490,0
"7842","P05861_N",521440.9,0,2853497.9,0
"7843","P05862_C",521514.7,0,2853507.3,0
"7844","P05862_E",521527.4,0,2853507.3,0
"7845","P05862_N",521514.7,0,2853542.1,0
"7846","P05866_C",522177,0,2853682,0
"7847","P05866_E",522200,0,2853682,0
"7848","P05866_N",522177,0,2853700,0
"7849","P05867_C",522176,0,2853763,0
"7850","P05867_E",522208,0,2853763,0
"7851","P05867_N",522176,0,2853796,0
"7852","P05868_C",522156.8,0,2853407.3,0
"7853","P05868_E",522191.7,0,2853407.3,0
"7854","P05868_N",522156.8,0,2853432.7,0
"7855","P05869_C",522179,0,2853707,0
"7856","P05869_E",522187,0,2853707,0
"7857","P05869_N",522179,0,2853732,0
"7858","P05870_C",522145,0,2853502,0
"7859","P05870_E",522149,0,2853502,0
"7860","P05870_N",522145,0,2853528,0
"7861","P05872_C",522280,0,2853613,0
"7862","P05872_E",522302.2,0,2853613,0
"7863","P05872_N",522280,0,2853647.9,0
"7864","P05873_C",522193.2,0,2853548.4,0
"7865","P05873_E",522216.5,0,2853548.4,0
"7866","P05873_N",522193.2,0,2853558.4,0
"7867","P05874_C",522172,0,2853769,0
"7868","P05874_E",522185,0,2853769,0
"7869","P05874_N",522172,0,2853794,0
"7870","P05881_C",522153.9,NA,2853383.4,NA
"7871","P05881_E",522181.2,NA,2853380.8,NA
"7872","P05881_N",522155.8,NA,2853403.7,NA
"7873","P05882_C",522220.6,NA,2852171.9,NA
"7874","P05882_E",522244.4,NA,2852169.6,NA
"7875","P05882_N",522220.9,NA,2852175.1,NA
"7876","P05883_C",521960.6,NA,2853038.1,NA
"7877","P05883_E",521990.4,NA,2853035.3,NA
"7878","P05883_N",521962.5,NA,2853058.2,NA
"7879","P05884_C",521898.5,NA,2851130,NA
"7880","P05884_E",521923.7,NA,2851127.6,NA
"7881","P05884_N",521900.3,NA,2851149.5,NA
"7882","P05885_C",521156.8,NA,2850345.2,NA
"7883","P05885_E",521172.4,NA,2850343.7,NA
"7884","P05885_N",521158.1,NA,2850359.4,NA
"7885","P05886_C",522881.1,NA,2852505.2,NA
"7886","P05886_E",522912.5,NA,2852502.3,NA
"7887","P05886_N",522884,NA,2852536.1,NA
"7888","P05901_C",546709.2,0,2905957.6,0
"7889","P05901_E",546738.2,0,2905957.6,0
"7890","P05901_N",546709.2,0,2905961.1,0
"7891","P05902_C",546785.3,0,2906133.6,0
"7892","P05902_E",546799,0,2906133.6,0
"7893","P05902_N",546785.3,0,2906146.9,0
"7894","P05904_C",546599.7,0,2905990.4,0
"7895","P05904_E",546623.3,0,2905990.4,0
"7896","P05904_N",546599.7,0,2905994.6,0
"7897","P05905_C",546680.1,0,2905868.4,0
"7898","P05905_E",546692.9,0,2905868.4,0
"7899","P05905_N",546680.1,0,2905888,0
"7900","P05907_C",547356.4,0,2906816.8,0
"7901","P05907_E",547387.2,0,2906816.8,0
"7902","P05907_N",547356.4,0,2906827.9,0
"7903","P05908_C",547394.9,0,2906500.3,0
"7904","P05908_E",547411.4,0,2906500.3,0
"7905","P05908_N",547394.9,0,2906527.7,0
"7906","P05910_C",547256.1,0,2906637.1,0
"7907","P05910_E",547267.7,0,2906637.1,0
"7908","P05910_N",547256.1,0,2906667.3,0
"7909","P05911_C",547674.6,0,2906126.4,0
"7910","P05911_E",547680.4,0,2906126.4,0
"7911","P05911_N",547674.6,0,2906147.8,0
"7912","P05913_C",547777.25,0.353553390593274,2906052.3,0
"7913","P05913_E",547797.4,0,2906052.3,0
"7914","P05913_N",547777.25,0.353553390593274,2906075.8,0
"7915","P05914_C",547621.6,0,2906152.7,0
"7916","P05914_E",547640.6,0,2906152.7,0
"7917","P05914_N",547621.6,0,2906156.1,0
"7918","P05916_C",548142.4,0,2906464.8,0
"7919","P05916_E",548159,0,2906464.8,0
"7920","P05916_N",548142.4,0,2906492.1,0
"7921","P05917_C",548178.8,0,2906615,0
"7922","P05917_E",548185.9,0,2906615,0
"7923","P05917_N",548178.8,0,2906636,0
"7924","P05918_C",548243.3,0,2906423.6,0
"7925","P05918_E",548263.6,0,2906423.6,0
"7926","P05918_N",548243.3,0,2906431.7,0
"7927","P05919_C",548036.2,0,2906527.9,0
"7928","P05919_E",548064.9,0,2906527.9,0
"7929","P05919_N",548036.2,0,2906534.8,0
"7930","P05921_C",546698.4,0,2907374,0
"7931","P05921_E",546703.4,0,2907374,0
"7932","P05921_N",546698.4,0,2907398.5,0
"7933","P05922_C",546786.3,0,2907524.1,0
"7934","P05922_E",546818.5,0,2907524.1,0
"7935","P05922_N",546786.3,0,2907545,0
"7936","P05923_C",546721.2,0,2907320.6,0
"7937","P05923_E",546740.4,0,2907320.6,0
"7938","P05923_N",546721.2,0,2907350.4,0
"7939","P05924_C",546600.6,0,2907422.9,0
"7940","P05924_E",546610.3,0,2907422.9,0
"7941","P05924_N",546600.6,0,2907454,0
"7942","P05928_C",546982.1,0,2906928.9,0
"7943","P05928_E",546985.9,0,2906928.9,0
"7944","P05928_N",546982.1,0,2906945.9,0
"7945","P05929_C",546807,0,2907219,0
"7946","P05929_E",546837,0,2907219,0
"7947","P05929_N",546807,0,2907229.9,0
"7948","P05930_C",546861.8,0,2906890.4,0
"7949","P05930_E",546883.4,0,2906890.4,0
"7950","P05930_N",546861.8,0,2906894.8,0
"7951","P05931_C",547613.5,0,2907765.6,0
"7952","P05931_E",547617,0,2907765.6,0
"7953","P05931_N",547613.5,0,2907786.6,0
"7954","P05932_C",547696.7,0,2907934.5,0
"7955","P05932_E",547719.8,0,2907934.5,0
"7956","P05932_N",547696.7,0,2907952.9,0
"7957","P05933_C",547719.7,0,2907730.7,0
"7958","P05933_E",547750.4,0,2907730.7,0
"7959","P05933_N",547719.7,0,2907738,0
"7960","P05935_C",547514.8,0,2907666.3,0
"7961","P05935_E",547540.1,0,2907666.3,0
"7962","P05935_N",547514.8,0,2907680.5,0
"7963","P05936_C",547953.7,0,2907683.4,0
"7964","P05936_E",547966.4,0,2907683.4,0
"7965","P05936_N",547953.7,0,2907701.6,0
"7966","P05937_C",547932.5,0,2907832.2,0
"7967","P05937_E",547947.6,0,2907832.2,0
"7968","P05937_N",547932.5,0,2907856.1,0
"7969","P05938_C",548055.6,0,2907646.7,0
"7970","P05938_E",548087.7,0,2907646.7,0
"7971","P05938_N",548055.6,0,2907661.2,0
"7972","P05940_C",547946,0,2907657.7,0
"7973","P05940_E",547957.8,0,2907657.7,0
"7974","P05940_N",547946,0,2907681.1,0
"7975","P05941_C",546546.1,0,2908142.4,0
"7976","P05941_E",546559.6,0,2908142.4,0
"7977","P05941_N",546546.1,0,2908151.4,0
"7978","P05942_C",546565.5,0,2908311.8,0
"7979","P05942_E",546573.4,0,2908311.8,0
"7980","P05942_N",546565.5,0,2908329.4,0
"7981","P05945_C",546546.7,0,2908067.3,0
"7982","P05945_E",546556.4,0,2908067.3,0
"7983","P05945_N",546546.7,0,2908093.7,0
"7984","P05946_C",546928.8,0,2908724.2,0
"7985","P05946_E",546946.4,0,2908724.2,0
"7986","P05946_N",546928.8,0,2908758.3,0
"7987","P05948_C",547037.8,0,2908567.3,0
"7988","P05948_E",547052.7,0,2908567.3,0
"7989","P05948_N",547037.8,0,2908579.1,0
"7990","P05949_C",546890.5,0,2908793.7,0
"7991","P05949_E",546909.9,0,2908793.7,0
"7992","P05949_N",546890.5,0,2908823.4,0
"7993","P05952_C",547586.6,0,2908403.8,0
"7994","P05952_E",547594.9,0,2908403.8,0
"7995","P05952_N",547586.6,0,2908416.5,0
"7996","P05953_C",547666.5,0,2908316.3,0
"7997","P05953_E",547700.5,0,2908316.3,0
"7998","P05953_N",547666.5,0,2908324.4,0
"7999","P05954_C",547423.2,0,2908453.7,0
"8000","P05954_E",547433.5,0,2908453.7,0
"8001","P05954_N",547423.2,0,2908476.6,0
"8002","P05955_C",547519.4,0,2908316.9,0
"8003","P05955_E",547539.1,0,2908316.9,0
"8004","P05955_N",547519.4,0,2908340.1,0
"8005","P05957_C",547774.6,0,2909048.8,0
"8006","P05957_E",547777.7,0,2909048.8,0
"8007","P05957_N",547774.6,0,2909075.1,0
"8008","P05958_C",547890,0,2908786.9,0
"8009","P05958_E",547899.5,0,2908786.9,0
"8010","P05958_N",547890,0,2908808.8,0
"8011","P05959_C",547645.1,0,2908949.5,0
"8012","P05959_E",547657.2,0,2908949.5,0
"8013","P05959_N",547645.1,0,2908966.8,0
"8014","P05961_C",546315.7,0,2910166.1,0
"8015","P05961_E",546322.7,0,2910166.1,0
"8016","P05961_N",546315.7,0,2910197,0
"8017","P05963_C",546440.4,0,2910149.1,0
"8018","P05963_E",546444,0,2910149.1,0
"8019","P05963_N",546440.4,0,2910166.6,0
"8020","P05965_C",546252.1,0,2910107,0
"8021","P05965_E",546268.7,0,2910107,0
"8022","P05965_N",546252.1,0,2910123.3,0
"8023","P06102_C",556010.8,0,2912348.7,0
"8024","P06102_E",556015.2,0,2912348.7,0
"8025","P06102_N",556010.8,0,2912351.8,0
"8026","P06103_C",555972.1,0,2912075.1,0
"8027","P06103_E",555981.4,0,2912075.1,0
"8028","P06103_N",555972.1,0,2912079.5,0
"8029","P06106_C",556065.8,0,2912711.9,0
"8030","P06106_E",556099.5,0,2912711.9,0
"8031","P06106_N",556065.8,0,2912745.7,0
"8032","P06107_C",556152.2,0,2912863,0
"8033","P06107_E",556169.3,0,2912863,0
"8034","P06107_N",556152.2,0,2912878.4,0
"8035","P06109_C",556052.5,0,2912732,0
"8036","P06109_E",556056.5,0,2912732,0
"8037","P06109_N",556052.5,0,2912736,0
"8038","P06111_C",557057.3,0,2912447.7,0
"8039","P06111_E",557071.6,0,2912447.7,0
"8040","P06111_N",557057.3,0,2912470.7,0
"8041","P06112_C",557155.4,0,2912545.9,0
"8042","P06112_E",557161.4,0,2912545.9,0
"8043","P06112_N",557155.4,0,2912552.9,0
"8044","P06115_C",557035.5,0,2912312.9,0
"8045","P06115_E",557038.8,0,2912312.9,0
"8046","P06115_N",557035.5,0,2912334,0
"8047","P06120_C",557362.5,0,2912437.5,0
"8048","P06120_E",557377,0,2912437.5,0
"8049","P06120_N",557362.5,0,2912466.3,0
"8050","P06121_C",555816.8,0,2913497.6,0
"8051","P06121_E",555835.5,0,2913497.6,0
"8052","P06121_N",555816.8,0,2913528.9,0
"8053","P06127_C",556372.2,0,2913758.7,0
"8054","P06127_E",556381.6,0,2913758.7,0
"8055","P06127_N",556372.2,0,2913790,0
"8056","P06129_C",556153.3,0,2913683.1,0
"8057","P06129_E",556183.9,0,2913683.1,0
"8058","P06129_N",556153.3,0,2913713.1,0
"8059","P06130_C",556254.3,0,2913624.2,0
"8060","P06130_E",556281.5,0,2913624.2,0
"8061","P06130_N",556254.3,0,2913644.1,0
"8062","P06132_C",556744.2,0,2914012,0
"8063","P06132_E",556751.7,0,2914012,0
"8064","P06132_N",556744.2,0,2914034.7,0
"8065","P06133_C",556685.1,0,2913711,0
"8066","P06133_E",556702.3,0,2913711,0
"8067","P06133_N",556685.1,0,2913714,0
"8068","P06134_C",556600.1,0,2913954.8,0
"8069","P06134_E",556624.7,0,2913954.8,0
"8070","P06134_N",556600.1,0,2913972.5,0
"8071","P06135_C",556572.9,0,2913738.8,0
"8072","P06135_E",556588.2,0,2913738.8,0
"8073","P06135_N",556572.9,0,2913772.7,0
"8074","P06136_C",556938.2,0,2913903,0
"8075","P06136_E",556942.7,0,2913903,0
"8076","P06136_N",556938.2,0,2913908.7,0
"8077","P06137_C",557021.1,0,2913962.1,0
"8078","P06137_E",557027.2,0,2913962.1,0
"8079","P06137_N",557021.1,0,2913972.4,0
"8080","P06140_C",556924.6,0,2913841.7,0
"8081","P06140_E",556931.4,0,2913841.7,0
"8082","P06140_N",556924.6,0,2913846.8,0
"8083","P06141_C",555387.6,0,2914367.2,0
"8084","P06141_E",555392.8,0,2914367.2,0
"8085","P06141_N",555387.6,0,2914377.7,0
"8086","P06142_C",555455.8,0,2914437.8,0
"8087","P06142_E",555465.6,0,2914437.8,0
"8088","P06142_N",555455.8,0,2914440.8,0
"8089","P06144_C",555316.5,0,2914376.8,0
"8090","P06144_E",555341.5,0,2914376.8,0
"8091","P06144_N",555316.5,0,2914410.3,0
"8092","P06146_C",556148.2,0,2915132.6,0
"8093","P06146_E",556168.9,0,2915132.6,0
"8094","P06146_N",556148.2,0,2915148.1,0
"8095","P06149_C",556105.6,0,2915202,0
"8096","P06149_E",556122,0,2915202,0
"8097","P06149_N",556105.6,0,2915217.5,0
"8098","P06150_C",556130.7,0,2915063.4,0
"8099","P06150_E",556153.3,0,2915063.4,0
"8100","P06150_N",556130.7,0,2915071.6,0
"8101","P06151_C",556685.7,0,2914800.6,0
"8102","P06151_E",556710.8,0,2914800.6,0
"8103","P06151_N",556685.7,0,2914816,0
"8104","P06152_C",556744.2,0,2914936.8,0
"8105","P06152_E",556775.6,0,2914936.8,0
"8106","P06152_N",556744.2,0,2914961.5,0
"8107","P06153_C",556706.3,0,2914780.5,0
"8108","P06153_E",556716.7,0,2914780.5,0
"8109","P06153_N",556706.3,0,2914787.1,0
"8110","P06154_C",556640.8,0,2914954.1,0
"8111","P06154_E",556675.7,0,2914954.1,0
"8112","P06154_N",556640.8,0,2914972.2,0
"8113","P06159_C",556722.3,0,2915531.9,0
"8114","P06159_E",556743.1,0,2915531.9,0
"8115","P06159_N",556722.3,0,2915562.5,0
"8116","P06161_C",555271.9,0,2915609.4,0
"8117","P06161_E",555305.5,0,2915609.4,0
"8118","P06161_N",555271.9,0,2915643.6,0
"8119","P06162_C",555308.4,0,2915729.9,0
"8120","P06162_E",555337.8,0,2915729.9,0
"8121","P06162_N",555308.4,0,2915734.4,0
"8122","P06163_C",555358.2,0,2915506.8,0
"8123","P06163_E",555387.9,0,2915506.8,0
"8124","P06163_N",555358.2,0,2915527.6,0
"8125","P06164_C",555171.2,0,2915710.4,0
"8126","P06164_E",555184.2,0,2915710.4,0
"8127","P06164_N",555171.2,0,2915726.5,0
"8128","P06166_C",555705,0,2915904.8,0
"8129","P06166_E",555727.2,0,2915904.8,0
"8130","P06166_N",555705,0,2915922,0
"8131","P06169_C",555662.6,0,2916000.4,0
"8132","P06169_E",555696.2,0,2916000.4,0
"8133","P06169_N",555662.6,0,2916014.7,0
"8134","P06170_C",555712.6,0,2915849,0
"8135","P06170_E",555726.4,0,2915849,0
"8136","P06170_N",555712.6,0,2915882,0
"8137","P06171_C",556140.5,0,2916357.4,0
"8138","P06171_E",556145.4,0,2916357.4,0
"8139","P06171_N",556140.5,0,2916388.8,0
"8140","P06172_C",556152.1,0,2916456.9,0
"8141","P06172_E",556175.6,0,2916456.9,0
"8142","P06172_N",556152.1,0,2916460.1,0
"8143","P06174_C",556092.8,0,2916413,0
"8144","P06174_E",556105.2,0,2916413,0
"8145","P06174_N",556092.8,0,2916427.1,0
"8146","P06175_C",556092.8,0,2916346.3,0
"8147","P06175_E",556108.1,0,2916346.3,0
"8148","P06175_N",556092.8,0,2916369.9,0
"8149","P06177_C",556720.6,0,2916400.2,0
"8150","P06177_E",556753.6,0,2916400.2,0
"8151","P06177_N",556720.6,0,2916425.1,0
"8152","P06181_C",556509.7,NA,2911664.8,NA
"8153","P06181_E",556540.8,NA,2911669.7,NA
"8154","P06181_N",556504.3,NA,2911698.8,NA
"8155","P06182_C",556630,NA,2913802.6,NA
"8156","P06182_E",556656,NA,2913806.7,NA
"8157","P06182_N",556627.8,NA,2913816.7,NA
"8158","P06201_C",520521.8,0,2824493.5,0
"8159","P06201_E",520533.1,0,2824493.5,0
"8160","P06201_N",520521.8,0,2824499.3,0
"8161","P06202_C",520643.2,0,2824459.2,0
"8162","P06202_E",520675.1,0,2824459.2,0
"8163","P06202_N",520643.2,0,2824492.9,0
"8164","P06203_C",520516.6,0,2824479.6,0
"8165","P06203_E",520540.2,0,2824479.6,0
"8166","P06203_N",520516.6,0,2824505.7,0
"8167","P06205_C",520431.2,0,2824483.8,0
"8168","P06205_E",520453.4,0,2824483.8,0
"8169","P06205_N",520431.2,0,2824515.5,0
"8170","P06206_C",521184,0,2824010,0
"8171","P06206_E",521196,0,2824010,0
"8172","P06206_N",521184,0,2824036.9,0
"8173","P06209_C",521172.6,0,2824073.6,0
"8174","P06209_E",521203,0,2824073.6,0
"8175","P06209_N",521172.6,0,2824105.8,0
"8176","P06210_C",521093.4,0,2824090.7,0
"8177","P06210_E",521106.4,0,2824090.7,0
"8178","P06210_N",521093.4,0,2824102.2,0
"8179","P06211_C",521188.3,0,2823437.1,0
"8180","P06211_E",521197.2,0,2823437.1,0
"8181","P06211_N",521188.3,0,2823466.6,0
"8182","P06213_C",521094.7,0,2823316.8,0
"8183","P06213_E",521122.2,0,2823316.8,0
"8184","P06213_N",521094.7,0,2823326.7,0
"8185","P06214_C",521165,0,2823557.3,0
"8186","P06214_E",521175.4,0,2823557.3,0
"8187","P06214_N",521165,0,2823580.7,0
"8188","P06215_C",521071.6,0,2823382.7,0
"8189","P06215_E",521094.7,0,2823382.7,0
"8190","P06215_N",521071.6,0,2823397.7,0
"8191","P06218_C",522130.4,0,2823719.2,0
"8192","P06218_E",522143.1,0,2823719.2,0
"8193","P06218_N",522130.4,0,2823726,0
"8194","P06219_C",522138,0,2823826.4,0
"8195","P06219_E",522158.5,0,2823826.4,0
"8196","P06219_N",522138,0,2823830.6,0
"8197","P06220_C",522102.8,0,2823738.2,0
"8198","P06220_E",522123.9,0,2823738.2,0
"8199","P06220_N",522102.8,0,2823771,0
"8200","P06221_C",521465.5,0,2825276.8,0
"8201","P06221_E",521485.2,0,2825276.8,0
"8202","P06221_N",521465.5,0,2825283.9,0
"8203","P06223_C",521472.9,0,2825219.2,0
"8204","P06223_E",521488.3,0,2825219.2,0
"8205","P06223_N",521472.9,0,2825249.7,0
"8206","P06225_C",521402.8,0,2825232.6,0
"8207","P06225_E",521416.3,0,2825232.6,0
"8208","P06225_N",521402.8,0,2825236.5,0
"8209","P06227_C",522174.4,0,2825330.3,0
"8210","P06227_E",522209,0,2825330.3,0
"8211","P06227_N",522174.4,0,2825356.1,0
"8212","P06228_C",522057,0,2825230.1,0
"8213","P06228_E",522070.2,0,2825230.1,0
"8214","P06228_N",522057,0,2825251.9,0
"8215","P06229_C",522069.1,0,2825326.2,0
"8216","P06229_E",522092.9,0,2825326.2,0
"8217","P06229_N",522069.1,0,2825342.5,0
"8218","P06230_C",521994.7,0,2825267.5,0
"8219","P06230_E",522001.8,0,2825267.5,0
"8220","P06230_N",521994.7,0,2825294.4,0
"8221","P06231_C",521825.4,0,2824593.3,0
"8222","P06231_E",521840,0,2824593.3,0
"8223","P06231_N",521825.4,0,2824608.7,0
"8224","P06233_C",521867.2,0,2824465.3,0
"8225","P06233_E",521880.1,0,2824465.3,0
"8226","P06233_N",521867.2,0,2824471.2,0
"8227","P06234_C",521877.1,0,2824738.3,0
"8228","P06234_E",521909.2,0,2824738.3,0
"8229","P06234_N",521877.1,0,2824770.1,0
"8230","P06235_C",521749.3,0,2824513.5,0
"8231","P06235_E",521758.6,0,2824513.5,0
"8232","P06235_N",521749.3,0,2824531,0
"8233","P06236_C",522923.5,0,2824890.8,0
"8234","P06236_E",522934.3,0,2824890.8,0
"8235","P06236_N",522923.5,0,2824903.7,0
"8236","P06237_C",523049.8,0,2824846,0
"8237","P06237_E",523078.3,0,2824846,0
"8238","P06237_N",523049.8,0,2824856.7,0
"8239","P06242_C",522586.8,0,2826325.7,0
"8240","P06242_E",522597.6,0,2826325.7,0
"8241","P06242_N",522586.8,0,2826352.5,0
"8242","P06246_C",522709.9,0,2826384,0
"8243","P06246_E",522713.8,0,2826384,0
"8244","P06246_N",522709.9,0,2826415.8,0
"8245","P06249_C",522652.7,0,2826485.2,0
"8246","P06249_E",522674.7,0,2826485.2,0
"8247","P06249_N",522652.7,0,2826509.2,0
"8248","P06250_C",522661.8,0,2826362.6,0
"8249","P06250_E",522666.9,0,2826362.6,0
"8250","P06250_N",522661.8,0,2826370,0
"8251","P06252_C",522793.3,0,2825512.6,0
"8252","P06252_E",522820.1,0,2825512.6,0
"8253","P06252_N",522793.3,0,2825526.7,0
"8254","P06254_C",522691.2,0,2825496,0
"8255","P06254_E",522715.9,0,2825496,0
"8256","P06254_N",522691.2,0,2825507.4,0
"8257","P06255_C",522593.3,0,2825467.2,0
"8258","P06255_E",522602.5,0,2825467.2,0
"8259","P06255_N",522593.3,0,2825495.1,0
"8260","P06258_C",523705.3,0,2825815,0
"8261","P06258_E",523712.1,0,2825815,0
"8262","P06258_N",523705.3,0,2825837.8,0
"8263","P06259_C",523661.7,0,2826001,0
"8264","P06259_E",523665.1,0,2826001,0
"8265","P06259_N",523661.7,0,2826008.7,0
"8266","P06263_C",522566,0,2826733,0
"8267","P06263_E",522577,0,2826733,0
"8268","P06263_N",522566,0,2826765,0
"8269","P06264_C",523544,0,2827751,0
"8270","P06264_E",523567,0,2827751,0
"8271","P06264_N",523544,0,2827773,0
"8272","P06265_C",523213,0,2827413,0
"8273","P06265_E",523224,0,2827413,0
"8274","P06265_N",523213,0,2827441,0
"8275","P06266_C",523593.2,0,2827221.3,0
"8276","P06266_E",523614.5,0,2827221.3,0
"8277","P06266_N",523593.2,0,2827240.3,0
"8278","P06267_C",523767.2,0,2827282.7,0
"8279","P06267_E",523779.3,0,2827282.7,0
"8280","P06267_N",523767.2,0,2827314,0
"8281","P06268_C",523536.8,0,2827097.4,0
"8282","P06268_E",523548.9,0,2827097.4,0
"8283","P06268_N",523536.8,0,2827122.4,0
"8284","P06269_C",523599.8,0,2827257.5,0
"8285","P06269_E",523621.5,0,2827257.5,0
"8286","P06269_N",523599.8,0,2827284,0
"8287","P06273_C",523806.3,0,2826115.6,0
"8288","P06273_E",523830.7,0,2826115.6,0
"8289","P06273_N",523806.3,0,2826149.6,0
"8290","P06274_C",523776.9,0,2826260.7,0
"8291","P06274_E",523796.2,0,2826260.7,0
"8292","P06274_N",523776.9,0,2826278.1,0
"8293","P06301_C",543257.9,0,2876311.2,0
"8294","P06301_E",543289.8,0,2876311.2,0
"8295","P06301_N",543257.9,0,2876339.8,0
"8296","P06302_C",543300.9,0,2876408.2,0
"8297","P06302_E",543334.3,0,2876408.2,0
"8298","P06302_N",543300.9,0,2876418.1,0
"8299","P06303_C",543280.6,0,2876261.2,0
"8300","P06303_E",543311.2,0,2876261.2,0
"8301","P06303_N",543280.6,0,2876288.3,0
"8302","P06306_C",543831.6,0,2876013.4,0
"8303","P06306_E",543849.9,0,2876013.4,0
"8304","P06306_N",543831.6,0,2876021.8,0
"8305","P06309_C",543772,0,2876167.9,0
"8306","P06309_E",543781.7,0,2876167.9,0
"8307","P06309_N",543772,0,2876172.6,0
"8308","P06311_C",544352.3,0,2876864.7,0
"8309","P06311_E",544379.1,0,2876864.7,0
"8310","P06311_N",544352.3,0,2876883.7,0
"8311","P06313_C",544480.3,0,2876828.8,0
"8312","P06313_E",544514,0,2876828.8,0
"8313","P06313_N",544480.3,0,2876849.6,0
"8314","P06315_C",544307.6,0,2876710.4,0
"8315","P06315_E",544331,0,2876710.4,0
"8316","P06315_N",544307.6,0,2876715,0
"8317","P06316_C",544558.6,0,2877202.1,0
"8318","P06316_E",544578,0,2877202.1,0
"8319","P06316_N",544558.6,0,2877229.2,0
"8320","P06318_C",544639.3,0,2877209.4,0
"8321","P06318_E",544660.6,0,2877209.4,0
"8322","P06318_N",544639.3,0,2877235.4,0
"8323","P06319_C",544413.9,0,2877269.1,0
"8324","P06319_E",544436.7,0,2877269.1,0
"8325","P06319_N",544413.9,0,2877272.6,0
"8326","P06320_C",544569,0,2877075.8,0
"8327","P06320_E",544582.6,0,2877075.8,0
"8328","P06320_N",544569,0,2877108.7,0
"8329","P06321_C",543046.6,0,2876913.5,0
"8330","P06321_E",543069.1,0,2876913.5,0
"8331","P06321_N",543046.6,0,2876939.5,0
"8332","P06322_C",543105.1,0,2877034.4,0
"8333","P06322_E",543135.3,0,2877034.4,0
"8334","P06322_N",543105.1,0,2877061,0
"8335","P06323_C",543171.1,0,2876843.4,0
"8336","P06323_E",543195.9,0,2876843.4,0
"8337","P06323_N",543171.1,0,2876868.4,0
"8338","P06325_C",542990.8,0,2876864.4,0
"8339","P06325_E",542999.7,0,2876864.4,0
"8340","P06325_N",542990.8,0,2876888.3,0
"8341","P06326_C",543376.6,0,2877050.8,0
"8342","P06326_E",543396.2,0,2877050.8,0
"8343","P06326_N",543376.6,0,2877053.9,0
"8344","P06329_C",543247,0,2877140,0
"8345","P06329_E",543280.6,0,2877139.7,0
"8346","P06329_N",543246.7,0,2877162,0
"8347","P06333_C",544180.6,0,2877387,0
"8348","P06333_E",544195.3,0,2877387,0
"8349","P06333_N",544180.6,0,2877396.5,0
"8350","P06334_C",543984.8,0,2877538.8,0
"8351","P06334_E",543999.4,0,2877538.8,0
"8352","P06334_N",543984.8,0,2877555.1,0
"8353","P06335_C",544025.9,0,2877288.8,0
"8354","P06335_E",544033.1,0,2877288.8,0
"8355","P06335_N",544025.9,0,2877313.9,0
"8356","P06336_C",544285.9,0,2877909.9,0
"8357","P06336_E",544316.1,0,2877909.9,0
"8358","P06336_N",544285.9,0,2877942.5,0
"8359","P06337_C",544255.7,0,2878040.7,0
"8360","P06337_E",544277.2,0,2878040.7,0
"8361","P06337_N",544255.7,0,2878067.1,0
"8362","P06338_C",544306.3,0,2877888.6,0
"8363","P06338_E",544331.5,0,2877888.6,0
"8364","P06338_N",544306.3,0,2877909.6,0
"8365","P06339_C",544195.4,0,2877979.3,0
"8366","P06339_E",544207.5,0,2877979.3,0
"8367","P06339_N",544195.4,0,2877997.1,0
"8368","P06340_C",544208.4,0,2877855.5,0
"8369","P06340_E",544211.5,0,2877855.5,0
"8370","P06340_N",544208.4,0,2877882.9,0
"8371","P06341_C",542568.2,0,2878752.7,0
"8372","P06341_E",542597.1,0,2878752.7,0
"8373","P06341_N",542568.2,0,2878781.5,0
"8374","P06342_C",542639.5,0,2878832,0
"8375","P06342_E",542673.5,0,2878832,0
"8376","P06342_N",542639.5,0,2878845.4,0
"8377","P06343_C",542588.1,0,2878716.4,0
"8378","P06343_E",542606.1,0,2878716.4,0
"8379","P06343_N",542588.1,0,2878730.8,0
"8380","P06344_C",542443.8,0,2878760.2,0
"8381","P06344_E",542459.3,0,2878760.2,0
"8382","P06344_N",542443.8,0,2878795.2,0
"8383","P06345_C",542512.8,0,2878568,0
"8384","P06345_E",542543,0,2878568,0
"8385","P06345_N",542512.8,0,2878575.8,0
"8386","P06348_C",543016.3,0,2878300.9,0
"8387","P06348_E",543044.8,0,2878300.9,0
"8388","P06348_N",543016.3,0,2878323.8,0
"8389","P06349_C",542881.4,0,2878416.6,0
"8390","P06349_E",542914.9,0,2878416.6,0
"8391","P06349_N",542881.4,0,2878447.5,0
"8392","P06350_C",542965.8,0,2878210.3,0
"8393","P06350_E",542995.9,0,2878210.3,0
"8394","P06350_N",542965.8,0,2878218.1,0
"8395","P06351_C",543619,0,2879128,0
"8396","P06351_E",543648.3,0,2879128,0
"8397","P06351_N",543619,0,2879139.4,0
"8398","P06352_C",543715.7,0,2879209.9,0
"8399","P06352_E",543734,0,2879209.9,0
"8400","P06352_N",543715.7,0,2879221.4,0
"8401","P06354_C",543472.8,0,2879214.9,0
"8402","P06354_E",543479.7,0,2879214.9,0
"8403","P06354_N",543472.8,0,2879235,0
"8404","P06357_C",543959.8,0,2878798.1,0
"8405","P06357_E",543985,0,2878798.1,0
"8406","P06357_N",543959.8,0,2878824.2,0
"8407","P06358_C",543981.9,0,2878566.6,0
"8408","P06358_E",544010.2,0,2878566.6,0
"8409","P06358_N",543981.9,0,2878581.1,0
"8410","P06361_C",542349.3,0,2879426,0
"8411","P06361_E",542368.9,0,2879426,0
"8412","P06361_N",542349.3,0,2879460.6,0
"8413","P06362_C",542405.4,0,2879597.6,0
"8414","P06362_E",542423.7,0,2879597.6,0
"8415","P06362_N",542405.4,0,2879623.6,0
"8416","P06364_C",542267,0,2879561.4,0
"8417","P06364_E",542287.8,0,2879561.4,0
"8418","P06364_N",542267,0,2879588,0
"8419","P06365_C",542298.5,0,2879323.3,0
"8420","P06365_E",542312.5,0,2879323.3,0
"8421","P06365_N",542298.5,0,2879344.4,0
"8422","P06366_C",542912.8,0,2879530.8,0
"8423","P06366_E",542945.5,0,2879530.8,0
"8424","P06366_N",542912.8,0,2879555,0
"8425","P06370_C",542836.3,0,2879469.1,0
"8426","P06370_E",542850.6,0,2879469.1,0
"8427","P06370_N",542836.3,0,2879479.3,0
"8428","P06501_C",564623.7,0,2929186.6,0
"8429","P06501_E",564631.6,0,2929186.6,0
"8430","P06501_N",564624,0,2929214,0
"8431","P06502_C",564730.2,0,2929233.2,0
"8432","P06502_E",564742,0,2929233.2,0
"8433","P06502_N",564730.2,0,2929251.1,0
"8434","P06503_C",564636,0,2929101.5,0
"8435","P06503_E",564659.4,0,2929101.5,0
"8436","P06503_N",564636,0,2929127.5,0
"8437","P06505_C",564564.4,0,2929129,0
"8438","P06505_E",564568.2,0,2929129,0
"8439","P06505_N",564564.4,0,2929152.5,0
"8440","P06508_C",565263.6,0,2928424.6,0
"8441","P06508_E",565288,0,2928424.6,0
"8442","P06508_N",565263.6,0,2928454.4,0
"8443","P06509_C",565075.1,0,2928714.6,0
"8444","P06509_E",565087.8,0,2928714.6,0
"8445","P06509_N",565075.1,0,2928720.2,0
"8446","P06510_C",565114.5,0,2928463.1,0
"8447","P06510_E",565131.5,0,2928463.1,0
"8448","P06510_N",565114.5,0,2928481.6,0
"8449","P06511_C",565649.7,0,2929183.8,0
"8450","P06511_E",565664.7,0,2929183.8,0
"8451","P06511_N",565649.7,0,2929206,0
"8452","P06513_C",565675,0,2929025,0
"8453","P06513_E",565693.8,0,2929025,0
"8454","P06513_N",565675,0,2929038.3,0
"8455","P06515_C",565561.5,0,2929109.2,0
"8456","P06515_E",565568,0,2929109.2,0
"8457","P06515_N",565561.5,0,2929131.1,0
"8458","P06517_N",566065.1,0,2928697.4,0
"8459","P06520_C",565889.4,0,2928435.6,0
"8460","P06520_E",565923.9,0,2928435.6,0
"8461","P06522_C",564552.6,0,2930472.5,0
"8462","P06522_E",564558.9,0,2930472.5,0
"8463","P06522_N",564552.6,0,2930497.1,0
"8464","P06524_C",564507.4,0,2930468.5,0
"8465","P06524_E",564530.4,0,2930468.5,0
"8466","P06524_N",564507.4,0,2930492.2,0
"8467","P06525_C",564519.3,0,2930151,0
"8468","P06525_E",564536.2,0,2930151,0
"8469","P06525_N",564519.3,0,2930156,0
"8470","P06526_C",565257.4,0,2930124.5,0
"8471","P06526_E",565291.2,0,2930124.5,0
"8472","P06526_N",565257.4,0,2930143.5,0
"8473","P06529_C",565175.6,0,2930291.7,0
"8474","P06529_E",565180,0,2930291.7,0
"8475","P06529_N",565175.6,0,2930324.5,0
"8476","P06530_C",565235.6,0,2930073.6,0
"8477","P06530_E",565243.7,0,2930073.6,0
"8478","P06530_N",565235.6,0,2930078.6,0
"8479","P06531_C",565748,0,2929696.2,0
"8480","P06531_E",565772.1,0,2929696.2,0
"8481","P06531_N",565748,0,2929717.3,0
"8482","P06532_E",565858.6,0,2929708.5,0
"8483","P06534_C",565653.8,0,2929833.7,0
"8484","P06534_E",565657,0,2929833.7,0
"8485","P06534_N",565653.8,0,2929844.8,0
"8486","P06535_C",565690.9,0,2929652.3,0
"8487","P06535_E",565695.1,0,2929652.3,0
"8488","P06535_N",565690.9,0,2929673.4,0
"8489","P06537_C",566189.8,0,2929934.5,0
"8490","P06537_E",566198.2,0,2929934.5,0
"8491","P06537_N",566189.8,0,2929951.9,0
"8492","P06538_C",566167.3,0,2929759.8,0
"8493","P06538_E",566192.4,0,2929759.8,0
"8494","P06538_N",566167.3,0,2929786.3,0
"8495","P06540_N",566106.5,0,2929792,0
"8496","P06544_C",564415.6,0,2931250.5,0
"8497","P06544_E",564433,0,2931250.5,0
"8498","P06544_N",564415.6,0,2931259.1,0
"8499","P06545_C",564450.8,0,2931046.2,0
"8500","P06545_E",564477.9,0,2931046.2,0
"8501","P06545_N",564450.8,0,2931051.4,0
"8502","P06548_C",564864.4,0,2931800,0
"8503","P06548_E",564873.8,0,2931800,0
"8504","P06548_N",564864.4,0,2931829.3,0
"8505","P06553_C",565569.2,0,2930944.2,0
"8506","P06553_E",565585.6,0,2930944.2,0
"8507","P06553_N",565569.2,0,2930949.6,0
"8508","P06555_C",565433,0,2930965.4,0
"8509","P06555_E",565460.2,0,2930965.4,0
"8510","P06555_N",565433,0,2930986.6,0
"8511","P06557_C",566027.8,0,2931544.7,0
"8512","P06557_E",566055.3,0,2931544.7,0
"8513","P06557_N",566027.8,0,2931555.3,0
"8514","P06558_C",566125.3,0,2931322.7,0
"8515","P06558_E",566147.5,0,2931322.7,0
"8516","P06558_N",566125.3,0,2931333.4,0
"8517","P06561_C",564407.1,0,2933032.2,0
"8518","P06561_E",564416.5,0,2933032.2,0
"8519","P06561_N",564407.1,0,2933042.9,0
"8520","P06564_C",564281,0,2933116.8,0
"8521","P06564_E",564302.7,0,2933116.8,0
"8522","P06564_N",564281,0,2933125,0
"8523","P06565_C",564300.8,0,2932950.7,0
"8524","P06565_E",564334.4,0,2932950.7,0
"8525","P06565_N",564300.8,0,2932972.8,0
"8526","P06567_C",564965.7,0,2933051.3,0
"8527","P06567_E",564979.2,0,2933051.3,0
"8528","P06567_N",564965.7,0,2933078.7,0
"8529","P06568_C",564970,0,2932886.8,0
"8530","P06568_E",564976.6,0,2932886.8,0
"8531","P06568_N",564970,0,2932920.9,0
"8532","P06569_C",564736.1,0,2933063.7,0
"8533","P06569_E",564764.3,0,2933063.7,0
"8534","P06569_N",564736.1,0,2933078.4,0
"8535","P06571_C",565585,0,2932689.2,0
"8536","P06571_E",565588.5,0,2932689.2,0
"8537","P06571_N",565585,0,2932696,0
"8538","P06577_C",565721,0,2932439,0
"8539","P06577_E",565740.7,0,2932439,0
"8540","P06577_N",565721,0,2932462,0
"8541","P06578_C",565778.3,0,2932326.5,0
"8542","P06578_E",565799.4,0,2932326.5,0
"8543","P06578_N",565778.3,0,2932340.8,0
"8544","P06579_C",565560.7,0,2932406.6,0
"8545","P06579_E",565573.8,0,2932406.6,0
"8546","P06579_N",565560.7,0,2932435.3,0
"8547","P06580_C",565639.4,0,2932285.6,0
"8548","P06580_E",565657.5,0,2932285.6,0
"8549","P06580_N",565639.4,0,2932300.2,0
"8550","P06581_C",564542,NA,2930233.2,NA
"8551","P06581_E",564546.7,NA,2930233.7,NA
"8552","P06581_N",564541,NA,2930245,NA
"8553","P06582_C",566057.8,NA,2930606,NA
"8554","P06582_E",566085,NA,2930608.3,NA
"8555","P06582_N",566056.8,NA,2930617.4,NA
"8556","P06583_C",565218.3,NA,2929916,NA
"8557","P06583_E",565243.3,NA,2929918.1,NA
"8558","P06583_N",565215.4,NA,2929948.9,NA
"8559","P06584_C",565547.6,NA,2930895.4,NA
"8560","P06584_E",565552.6,NA,2930895.9,NA
"8561","P06584_N",565546.4,NA,2930909.7,NA
"8562","P06585_C",565913,NA,2930458.3,NA
"8563","P06585_E",565932.7,NA,2930460,NA
"8564","P06585_N",565912.2,NA,2930467.8,NA
"8565","P06586_C",565778.6,NA,2931338.1,NA
"8566","P06586_E",565787.5,NA,2931338.8,NA
"8567","P06586_N",565778.1,NA,2931343.6,NA
"8568","P06601_C",523679.3,0,2864919.3,0
"8569","P06601_E",523707.5,0,2864919.3,0
"8570","P06601_N",523679.3,0,2864930.4,0
"8571","P06602_C",523780.9,0,2864970.7,0
"8572","P06602_E",523786.8,0,2864970.7,0
"8573","P06602_N",523780.9,0,2864976.6,0
"8574","P06604_C",523612.3,0,2864904.2,0
"8575","P06604_E",523640.1,0,2864904.2,0
"8576","P06604_N",523612.3,0,2864913.9,0
"8577","P06605_C",523699.8,0,2864785.4,0
"8578","P06605_E",523718.9,0,2864785.4,0
"8579","P06605_N",523699.8,0,2864794.6,0
"8580","P06606_C",524314.4,0,2864482.6,0
"8581","P06606_E",524327.3,0,2864482.6,0
"8582","P06606_N",524314.4,0,2864504.7,0
"8583","P06607_C",524297.4,0,2864613.2,0
"8584","P06607_E",524331.9,0,2864613.2,0
"8585","P06607_N",524297.4,0,2864647.9,0
"8586","P06608_C",524458.6,0,2864399.2,0
"8587","P06608_E",524479.3,0,2864399.2,0
"8588","P06608_N",524458.6,0,2864406.4,0
"8589","P06609_C",524268.8,0,2864640.3,0
"8590","P06609_E",524284.4,0,2864640.3,0
"8591","P06609_N",524268.8,0,2864669.8,0
"8592","P06611_C",524792.1,0,2864695,0
"8593","P06611_E",524814,0,2864695,0
"8594","P06611_N",524792.1,0,2864721.5,0
"8595","P06613_C",524872.3,0,2864544.1,0
"8596","P06613_E",524892,0,2864544.1,0
"8597","P06613_N",524872.3,0,2864553.4,0
"8598","P06617_C",524841.2,0,2865471.2,0
"8599","P06617_E",524864.1,0,2865471.2,0
"8600","P06617_N",524841.2,0,2865474.6,0
"8601","P06620_C",524765,0,2865201.7,0
"8602","P06620_E",524795.7,0,2865201.7,0
"8603","P06620_N",524765,0,2865222.6,0
"8604","P06621_C",523585.9,0,2865403.1,0
"8605","P06621_E",523605.5,0,2865403.1,0
"8606","P06621_N",523585.9,0,2865418.6,0
"8607","P06625_C",523588.8,0,2865297.9,0
"8608","P06625_E",523601.9,0,2865297.9,0
"8609","P06625_N",523588.8,0,2865330.7,0
"8610","P06627_C",523540.7,0,2866454.6,0
"8611","P06627_E",523545,0,2866454.6,0
"8612","P06627_N",523540.7,0,2866485,0
"8613","P06628_C",523633.6,0,2866363.3,0
"8614","P06628_E",523661.2,0,2866363.3,0
"8615","P06628_N",523633.6,0,2866377.6,0
"8616","P06629_C",523514.9,0,2866398.6,0
"8617","P06629_E",523526.4,0,2866398.6,0
"8618","P06629_N",523514.9,0,2866428.1,0
"8619","P06630_C",523462,0,2866376.2,0
"8620","P06630_E",523479.8,0,2866376.2,0
"8621","P06630_N",523462,0,2866380.9,0
"8622","P06632_C",524294.2,0,2866468.9,0
"8623","P06632_E",524304.5,0,2866468.9,0
"8624","P06632_N",524294.2,0,2866482.2,0
"8625","P06634_C",524211.8,0,2866316.8,0
"8626","P06634_E",524235.4,0,2866316.8,0
"8627","P06634_N",524211.8,0,2866322.5,0
"8628","P06636_C",524658.1,0,2866398.5,0
"8629","P06636_E",524674.7,0,2866398.5,0
"8630","P06636_N",524658.1,0,2866419.5,0
"8631","P06638_C",524700.6,0,2866269,0
"8632","P06638_E",524721.9,0,2866269,0
"8633","P06638_N",524700.6,0,2866276.2,0
"8634","P06643_C",523146.7,0,2866820.8,0
"8635","P06643_E",523162.9,0,2866820.8,0
"8636","P06643_N",523146.7,0,2866849.2,0
"8637","P06644_C",523068.9,0,2867013.1,0
"8638","P06644_E",523094.9,0,2867013.1,0
"8639","P06644_N",523068.9,0,2867030.2,0
"8640","P06645_C",523099.4,0,2866856.8,0
"8641","P06645_E",523121.1,0,2866856.8,0
"8642","P06645_N",523099.4,0,2866889.7,0
"8643","P06646_C",523685.7,0,2867099.2,0
"8644","P06646_E",523690.8,0,2867099.2,0
"8645","P06646_N",523685.7,0,2867133.2,0
"8646","P06652_C",524320.6,0,2866781.7,0
"8647","P06652_E",524354.8,0,2866781.7,0
"8648","P06652_N",524320.6,0,2866796.2,0
"8649","P06653_C",524395.7,0,2866749.5,0
"8650","P06653_E",524402.9,0,2866749.5,0
"8651","P06653_N",524395.7,0,2866777.8,0
"8652","P06655_C",524253.9,0,2866716.3,0
"8653","P06655_E",524282.5,0,2866716.3,0
"8654","P06655_N",524253.9,0,2866735.4,0
"8655","P06656_C",524564.7,0,2867491.6,0
"8656","P06656_E",524581.2,0,2867491.6,0
"8657","P06656_N",524564.7,0,2867509.8,0
"8658","P06657_C",524617.3,0,2867617,0
"8659","P06657_E",524631.8,0,2867617,0
"8660","P06657_N",524617.3,0,2867627.8,0
"8661","P06661_C",522680.7,0,2867892.8,0
"8662","P06661_E",522701.4,0,2867892.8,0
"8663","P06661_N",522680.7,0,2867922.9,0
"8664","P06663_C",522764.6,0,2867837,0
"8665","P06663_E",522773.9,0,2867837,0
"8666","P06663_N",522764.6,0,2867871,0
"8667","P06664_C",522599.8,0,2868024.5,0
"8668","P06664_E",522624,0,2868024.5,0
"8669","P06664_N",522599.8,0,2868042.1,0
"8670","P06670_C",523246.4,0,2868325.2,0
"8671","P06670_E",523257.8,0,2868325.2,0
"8672","P06670_N",523246.4,0,2868358.7,0
"8673","P06671_C",523931.1,0,2868230.8,0
"8674","P06671_E",523959.5,0,2868230.8,0
"8675","P06671_N",523931.1,0,2868256.3,0
"8676","P06672_C",523962.1,0,2868378,0
"8677","P06672_E",523983.2,0,2868378,0
"8678","P06672_N",523962.1,0,2868407,0
"8679","P06673_C",524007.7,0,2868071.1,0
"8680","P06673_E",524011.7,0,2868071.1,0
"8681","P06673_N",524007.7,0,2868084.8,0
"8682","P06674_C",523885.2,0,2868391.3,0
"8683","P06674_E",523891.7,0,2868391.3,0
"8684","P06674_N",523885.2,0,2868407.9,0
"8685","P06675_C",523860.9,0,2868191.7,0
"8686","P06675_E",523891.6,0,2868191.7,0
"8687","P06675_N",523860.9,0,2868200.2,0
"8688","P06676_C",524395.6,0,2868179.1,0
"8689","P06676_E",524402.8,0,2868179.1,0
"8690","P06676_N",524395.6,0,2868197.2,0
"8691","P06677_C",524505.9,0,2868252.1,0
"8692","P06677_E",524522.5,0,2868252.1,0
"8693","P06677_N",524505.9,0,2868272.5,0
"8694","P06678_C",524455.3,0,2868059.4,0
"8695","P06678_E",524467.5,0,2868059.4,0
"8696","P06678_N",524455.3,0,2868071.8,0
"8697","P06680_C",524393.8,0,2868103.4,0
"8698","P06680_E",524402.9,0,2868103.4,0
"8699","P06680_N",524393.8,0,2868127.9,0
"8700","P06681_C",524339.9,NA,2866883.8,NA
"8701","P06681_E",524351.3,NA,2866886.6,NA
"8702","P06681_N",524331.6,NA,2866917.2,NA
"8703","P06701_C",524745.1,0,2903618.5,0
"8704","P06701_E",524776.5,0,2903618.5,0
"8705","P06701_N",524745.1,0,2903643.7,0
"8706","P06702_C",524750.5,0,2903779.9,0
"8707","P06702_E",524765.6,0,2903779.9,0
"8708","P06702_N",524750.5,0,2903785.2,0
"8709","P06703_C",524760.2,0,2903548,0
"8710","P06703_E",524771.8,0,2903548,0
"8711","P06703_N",524760.2,0,2903566,0
"8712","P06704_C",524674.4,0,2903674.6,0
"8713","P06704_E",524684.1,0,2903674.6,0
"8714","P06704_N",524674.4,0,2903683.5,0
"8715","P06705_C",524737.4,0,2903576.1,0
"8716","P06705_E",524766.6,0,2903576.1,0
"8717","P06705_N",524737.4,0,2903592.1,0
"8718","P06706_C",525331.6,0,2903984.2,0
"8719","P06706_E",525363.2,0,2903984.2,0
"8720","P06706_N",525331.6,0,2903999.7,0
"8721","P06707_C",525360.4,0,2904009.3,0
"8722","P06707_E",525392.8,0,2904009.3,0
"8723","P06707_N",525360.4,0,2904033.6,0
"8724","P06708_C",525395.7,0,2903925.2,0
"8725","P06708_E",525412,0,2903925.2,0
"8726","P06708_N",525395.7,0,2903939.1,0
"8727","P06709_C",525242,0,2904113.1,0
"8728","P06709_E",525262.9,0,2904113.1,0
"8729","P06709_N",525242,0,2904120.9,0
"8730","P06710_C",525302.7,0,2903868.1,0
"8731","P06710_E",525335.3,0,2903868.1,0
"8732","P06710_N",525302.7,0,2903897.1,0
"8733","P06711_C",525663.5,0,2904654.8,0
"8734","P06711_E",525669.2,0,2904654.8,0
"8735","P06711_N",525663.5,0,2904672.5,0
"8736","P06712_C",525680.9,0,2904775.7,0
"8737","P06712_E",525713.9,0,2904775.7,0
"8738","P06712_N",525680.9,0,2904788,0
"8739","P06713_C",525808,0,2904521.8,0
"8740","P06713_E",525837.5,0,2904521.8,0
"8741","P06713_N",525808,0,2904546.1,0
"8742","P06714_C",525593,0,2904680.8,0
"8743","P06714_E",525622.2,0,2904680.8,0
"8744","P06714_N",525593,0,2904694.8,0
"8745","P06715_C",525676.4,0,2904560.5,0
"8746","P06715_E",525702.4,0,2904560.5,0
"8747","P06715_N",525676.4,0,2904565.4,0
"8748","P06716_C",526116.8,0,2903991.4,0
"8749","P06716_E",526145.5,0,2903991.4,0
"8750","P06716_N",526116.8,0,2904001.7,0
"8751","P06717_C",526238.9,0,2904015.3,0
"8752","P06717_E",526246.7,0,2904015.3,0
"8753","P06717_N",526238.9,0,2904029.5,0
"8754","P06718_C",526137.5,0,2903950.2,0
"8755","P06718_E",526162.4,0,2903950.2,0
"8756","P06718_N",526137.5,0,2903981.1,0
"8757","P06719_C",526078.3,0,2904017.8,0
"8758","P06719_E",526092.2,0,2904017.8,0
"8759","P06719_N",526078.3,0,2904028.2,0
"8760","P06720_C",526130.4,0,2903898.6,0
"8761","P06720_E",526154.9,0,2903898.6,0
"8762","P06720_N",526130.4,0,2903930.6,0
"8763","P06721_C",524547.8,0,2905977.7,0
"8764","P06721_E",524560.2,0,2905977.7,0
"8765","P06721_N",524547.8,0,2905988.5,0
"8766","P06722_C",524544.8,0,2906130.9,0
"8767","P06722_E",524548.5,0,2906130.9,0
"8768","P06722_N",524544.8,0,2906158.3,0
"8769","P06723_C",524637.8,0,2905846.3,0
"8770","P06723_E",524652,0,2905846.3,0
"8771","P06723_N",524637.8,0,2905863.4,0
"8772","P06724_C",524428.2,0,2906055.8,0
"8773","P06724_E",524454,0,2906055.8,0
"8774","P06724_N",524428.2,0,2906068.1,0
"8775","P06725_C",524450.3,0,2905885,0
"8776","P06725_E",524455.2,0,2905885,0
"8777","P06725_N",524450.3,0,2905898,0
"8778","P06726_C",524932.9,0,2905340.6,0
"8779","P06726_E",524947.9,0,2905340.6,0
"8780","P06726_N",524932.9,0,2905372.9,0
"8781","P06727_C",524981.4,0,2905369.5,0
"8782","P06727_E",524997.9,0,2905369.5,0
"8783","P06727_N",524981.4,0,2905375.9,0
"8784","P06728_C",525016.5,0,2905230.8,0
"8785","P06728_E",525033.6,0,2905230.8,0
"8786","P06728_N",525016.5,0,2905250,0
"8787","P06729_C",524891,0,2905461.1,0
"8788","P06729_E",524902.9,0,2905461.1,0
"8789","P06729_N",524891,0,2905477,0
"8790","P06730_C",524843.8,0,2905273.7,0
"8791","P06730_E",524864.8,0,2905273.7,0
"8792","P06730_N",524843.8,0,2905302.2,0
"8793","P06731_C",525581.4,0,2906002.2,0
"8794","P06731_E",525615.2,0,2906002.2,0
"8795","P06731_N",525581.4,0,2906028.6,0
"8796","P06734_C",525496,0,2906091.4,0
"8797","P06734_E",525521.9,0,2906091.4,0
"8798","P06734_N",525496,0,2906114.7,0
"8799","P06735_C",525486.9,0,2905911.3,0
"8800","P06735_E",525514.5,0,2905911.3,0
"8801","P06735_N",525486.9,0,2905920.2,0
"8802","P06736_C",525308.8,0,2905636.7,0
"8803","P06736_E",525314.3,0,2905636.7,0
"8804","P06736_N",525308.8,0,2905645.5,0
"8805","P06738_C",525428.9,0,2905616.6,0
"8806","P06738_E",525439.5,0,2905616.6,0
"8807","P06738_N",525428.9,0,2905622.7,0
"8808","P06740_C",525285.5,0,2905558.8,0
"8809","P06740_E",525297.8,0,2905558.8,0
"8810","P06740_N",525285.5,0,2905577,0
"8811","P06741_C",524536.5,0,2906274.8,0
"8812","P06741_E",524543,0,2906274.8,0
"8813","P06741_N",524536.5,0,2906292.3,0
"8814","P06742_C",524570.2,0,2906410.2,0
"8815","P06742_E",524577.5,0,2906410.2,0
"8816","P06742_N",524570.2,0,2906432.7,0
"8817","P06743_C",524668.3,0,2906167.7,0
"8818","P06743_E",524680.3,0,2906167.7,0
"8819","P06743_N",524668.3,0,2906201.3,0
"8820","P06744_C",524428.7,0,2906280.8,0
"8821","P06744_E",524435.9,0,2906280.8,0
"8822","P06744_N",524428.7,0,2906300.6,0
"8823","P06745_C",524495.6,0,2906233,0
"8824","P06745_E",524502.1,0,2906233,0
"8825","P06745_N",524495.6,0,2906259.7,0
"8826","P06746_C",524927.3,0,2906530.4,0
"8827","P06746_E",524951.5,0,2906530.4,0
"8828","P06746_N",524927.3,0,2906542.5,0
"8829","P06749_C",524806.6,0,2906604.5,0
"8830","P06749_E",524826.7,0,2906604.5,0
"8831","P06749_N",524806.6,0,2906626.1,0
"8832","P06750_C",524851.6,0,2906413.8,0
"8833","P06750_E",524856.3,0,2906413.8,0
"8834","P06750_N",524851.6,0,2906423.2,0
"8835","P06781_C",524794.3,NA,2904139.7,NA
"8836","P06781_E",524822,NA,2904144.3,NA
"8837","P06781_N",524792.5,NA,2904150.4,NA
"8838","P06801_C",534673.4,0,2860427.5,0
"8839","P06801_E",534687.7,0,2860427.5,0
"8840","P06801_N",534673.4,0,2860457.9,0
"8841","P06802_C",534773.6,0,2860476.5,0
"8842","P06802_E",534780.7,0,2860476.5,0
"8843","P06802_N",534773.6,0,2860485.5,0
"8844","P06803_C",534810.2,0,2860372.4,0
"8845","P06803_E",534835.1,0,2860372.4,0
"8846","P06803_N",534810.2,0,2860398.5,0
"8847","P06804_C",534658.7,0,2860491,0
"8848","P06804_E",534665.5,0,2860491,0
"8849","P06804_N",534658.7,0,2860499.6,0
"8850","P06805_C",534580.4,0,2860381.4,0
"8851","P06805_E",534603.8,0,2860381.4,0
"8852","P06805_N",534580.4,0,2860393.7,0
"8853","P06808_E",535212.4,0,2860433.5,0
"8854","P06811_C",535458.7,0,2860995.8,0
"8855","P06811_E",535480.1,0,2860995.8,0
"8856","P06811_N",535458.7,0,2861004.2,0
"8857","P06812_C",535524.6,0,2861114.9,0
"8858","P06812_E",535531.2,0,2861114.9,0
"8859","P06812_N",535524.6,0,2861127.7,0
"8860","P06813_C",535564.4,0,2860966.2,0
"8861","P06813_E",535587.2,0,2860966.2,0
"8862","P06813_N",535564.4,0,2860991.5,0
"8863","P06814_C",535345.6,0,2861058.9,0
"8864","P06814_E",535378.5,0,2861058.9,0
"8865","P06814_N",535345.6,0,2861081.5,0
"8866","P06815_C",535370.6,0,2860833.7,0
"8867","P06815_E",535397.2,0,2860833.7,0
"8868","P06815_N",535370.6,0,2860846.2,0
"8869","P06816_C",536235.1,0,2860510.2,0
"8870","P06816_E",536262.5,0,2860510.2,0
"8871","P06816_N",536235.1,0,2860522.8,0
"8872","P06817_C",536226.8,0,2860612.6,0
"8873","P06817_E",536259.7,0,2860612.6,0
"8874","P06817_N",536226.8,0,2860617.4,0
"8875","P06818_C",536357.2,0,2860372.1,0
"8876","P06818_E",536367.9,0,2860372.1,0
"8877","P06818_N",536357.2,0,2860392.5,0
"8878","P06819_C",536114.7,0,2860569.3,0
"8879","P06819_E",536126.3,0,2860569.3,0
"8880","P06819_N",536114.7,0,2860597.8,0
"8881","P06820_C",536174.4,0,2860337.9,0
"8882","P06820_E",536202.3,0,2860337.9,0
"8883","P06820_N",536174.4,0,2860345.7,0
"8884","P06826_C",535099.1,0,2861780.8,0
"8885","P06826_E",535113.1,0,2861780.8,0
"8886","P06826_N",535099.1,0,2861784.6,0
"8887","P06827_C",535108.9,0,2861812.5,0
"8888","P06827_E",535136.7,0,2861812.5,0
"8889","P06827_N",535108.9,0,2861830.7,0
"8890","P06828_C",535152.8,0,2861751.6,0
"8891","P06828_E",535184.3,0,2861751.6,0
"8892","P06828_N",535152.8,0,2861775,0
"8893","P06829_C",535033.5,0,2861813.1,0
"8894","P06829_E",535060.4,0,2861813.1,0
"8895","P06829_N",535033.5,0,2861832.7,0
"8896","P06830_C",535104.6,0,2861650.6,0
"8897","P06830_E",535112.7,0,2861650.6,0
"8898","P06830_N",535104.6,0,2861668,0
"8899","P06834_C",535070,0,2862526.1,0
"8900","P06834_E",535089.6,0,2862526.1,0
"8901","P06834_N",535070,0,2862558.5,0
"8902","P06836_C",535680.8,0,2862241.5,0
"8903","P06836_E",535715.7,0,2862241.5,0
"8904","P06836_N",535680.8,0,2862272.7,0
"8905","P06837_C",535737.8,0,2862428.6,0
"8906","P06837_E",535763.7,0,2862428.6,0
"8907","P06837_N",535737.8,0,2862438.2,0
"8908","P06838_C",535697.9,0,2862222.5,0
"8909","P06838_E",535709.3,0,2862222.5,0
"8910","P06838_N",535697.9,0,2862232.9,0
"8911","P06839_C",535547.3,0,2862319.4,0
"8912","P06839_E",535577.7,0,2862319.4,0
"8913","P06839_N",535547.3,0,2862336.8,0
"8914","P06840_C",535702.5,0,2862078,0
"8915","P06840_E",535719.4,0,2862078,0
"8916","P06840_N",535702.5,0,2862092.8,0
"8917","P06846_C",534555.2,0,2862852.6,0
"8918","P06846_E",534567.1,0,2862852.6,0
"8919","P06846_N",534555.2,0,2862874.9,0
"8920","P06848_C",534640.2,0,2862781,0
"8921","P06848_E",534654.2,0,2862781,0
"8922","P06848_N",534640.2,0,2862811.7,0
"8923","P06849_C",534475.8,0,2862858.4,0
"8924","P06849_E",534481.5,0,2862858.4,0
"8925","P06849_N",534475.8,0,2862864.6,0
"8926","P06850_C",534567.3,0,2862773,0
"8927","P06850_E",534580.7,0,2862773,0
"8928","P06850_N",534567.3,0,2862806,0
"8929","P06851_C",535045.8,0,2863073.2,0
"8930","P06851_E",535069.9,0,2863073.2,0
"8931","P06851_N",535045.8,0,2863099.9,0
"8932","P06853_C",535069.9,0,2862954.4,0
"8933","P06853_E",535086.1,0,2862954.4,0
"8934","P06853_N",535069.9,0,2862975.8,0
"8935","P06855_C",534955.5,0,2862890.4,0
"8936","P06855_E",534984,0,2862890.4,0
"8937","P06855_N",534955.5,0,2862918.7,0
"8938","P06857_C",535861,0,2862945.1,0
"8939","P06857_E",535867.4,0,2862945.1,0
"8940","P06857_N",535861,0,2862977.8,0
"8941","P06858_C",535831.8,0,2862855.8,0
"8942","P06858_E",535854.6,0,2862855.8,0
"8943","P06858_N",535831.8,0,2862876.7,0
"8944","P06859_C",535703.3,0,2862946.4,0
"8945","P06859_E",535734.9,0,2862946.4,0
"8946","P06859_N",535703.3,0,2862979.1,0
"8947","P06860_C",535669.2,0,2862811.6,0
"8948","P06860_E",535674,0,2862811.6,0
"8949","P06860_N",535669.2,0,2862823.3,0
"8950","P06863_C",534120.3,0,2863620.8,0
"8951","P06863_E",534140.8,0,2863620.8,0
"8952","P06863_N",534120.3,0,2863624.7,0
"8953","P06865_C",534072.8,0,2863530.1,0
"8954","P06865_E",534105.9,0,2863530.1,0
"8955","P06865_N",534072.8,0,2863553.1,0
"8956","P06866_C",534401.9,0,2864448.8,0
"8957","P06866_E",534416.7,0,2864448.8,0
"8958","P06866_N",534401.9,0,2864466.5,0
"8959","P06870_C",534313.8,0,2864366.4,0
"8960","P06870_E",534333.3,0,2864366.4,0
"8961","P06870_N",534313.8,0,2864396.2,0
"8962","P06871_C",535181.1,0,2863921,0
"8963","P06871_E",535203.4,0,2863921,0
"8964","P06871_N",535181.1,0,2863935.4,0
"8965","P06876_C",535138.2,0,2864969.2,0
"8966","P06876_E",535161.4,0,2864969.2,0
"8967","P06876_N",535138.2,0,2864996.7,0
"8968","P06879_C",535010.4,0,2865095.6,0
"8969","P06879_E",535039.4,0,2865095.6,0
"8970","P06879_N",535010.4,0,2865120.8,0
"8971","P06880_C",535158.9,0,2864852.8,0
"8972","P06880_E",535179.7,0,2864852.8,0
"8973","P06880_N",535158.9,0,2864856.8,0
"8974","P06901_C",566692.8,0,2907728.3,0
"8975","P06901_E",566714.8,0,2907728.3,0
"8976","P06901_N",566692.8,0,2907760,0
"8977","P06902_C",566755.1,0,2907862,0
"8978","P06902_E",566761.8,0,2907862,0
"8979","P06902_N",566755.1,0,2907868.7,0
"8980","P06903_C",566703.4,0,2907696.5,0
"8981","P06903_E",566710.2,0,2907696.5,0
"8982","P06903_N",566703.4,0,2907723.2,0
"8983","P06904_C",566590.5,0,2907879.3,0
"8984","P06904_E",566605.4,0,2907879.3,0
"8985","P06904_N",566590.5,0,2907884.5,0
"8986","P06905_C",566708.4,0,2907573.8,0
"8987","P06905_E",566727.9,0,2907573.8,0
"8988","P06905_N",566708.4,0,2907599.5,0
"8989","P06906_C",567232.8,0,2908099.7,0
"8990","P06906_E",567240.4,0,2908099.7,0
"8991","P06906_N",567232.8,0,2908130.4,0
"8992","P06907_C",567262.9,0,2908242.3,0
"8993","P06907_E",567284.4,0,2908242.3,0
"8994","P06907_N",567262.9,0,2908275.1,0
"8995","P06908_C",567315.1,0,2908038.2,0
"8996","P06908_E",567342.7,0,2908038.2,0
"8997","P06908_N",567315.1,0,2908067.8,0
"8998","P06909_C",567183.5,0,2908210.6,0
"8999","P06909_E",567198.2,0,2908210.6,0
"9000","P06909_N",567183.5,0,2908215.6,0
"9001","P06910_C",567141.8,0,2907989.3,0
"9002","P06910_E",567161.8,0,2907989.3,0
"9003","P06910_N",567141.8,0,2908019.8,0
"9004","P06911_C",567781.3,0,2908499.8,0
"9005","P06911_E",567812.3,0,2908499.8,0
"9006","P06911_N",567781.3,0,2908513.5,0
"9007","P06912_C",567796.9,0,2908541.9,0
"9008","P06912_E",567817.8,0,2908541.9,0
"9009","P06912_N",567796.9,0,2908571.3,0
"9010","P06913_C",567913.4,0,2908395.4,0
"9011","P06913_E",567918.7,0,2908395.4,0
"9012","P06913_N",567913.4,0,2908421.7,0
"9013","P06914_C",567714.9,0,2908603.7,0
"9014","P06914_E",567720,0,2908603.7,0
"9015","P06914_N",567714.9,0,2908625,0
"9016","P06915_C",567705.3,0,2908453.8,0
"9017","P06915_E",567723.8,0,2908453.8,0
"9018","P06915_N",567705.3,0,2908474.5,0
"9019","P06916_C",568017.1,0,2908956,0
"9020","P06916_E",568043.7,0,2908956,0
"9021","P06916_N",568017.1,0,2908975.9,0
"9022","P06917_C",568070.1,0,2909139.3,0
"9023","P06917_E",568095,0,2909139.3,0
"9024","P06917_N",568070.1,0,2909144.2,0
"9025","P06919_C",567876.2,0,2909065.6,0
"9026","P06919_E",567885.5,0,2909065.6,0
"9027","P06919_N",567876.2,0,2909093.3,0
"9028","P06920_C",567933.2,0,2908843.1,0
"9029","P06920_E",567966.3,0,2908843.1,0
"9030","P06920_N",567933.2,0,2908873.6,0
"9031","P06921_C",566568.6,0,2909159.5,0
"9032","P06921_E",566578.2,0,2909159.5,0
"9033","P06921_N",566568.6,0,2909192,0
"9034","P06922_C",566632.7,0,2909256.8,0
"9035","P06922_E",566636.6,0,2909256.8,0
"9036","P06922_N",566632.7,0,2909277.6,0
"9037","P06924_C",566540,0,2909224.3,0
"9038","P06924_E",566558.8,0,2909224.3,0
"9039","P06924_N",566540,0,2909253.4,0
"9040","P06925_C",566494.1,0,2909019.4,0
"9041","P06925_E",566518.8,0,2909019.4,0
"9042","P06925_N",566494.1,0,2909042.7,0
"9043","P06928_C",566897.9,0,2909182.4,0
"9044","P06928_E",566901.5,0,2909182.4,0
"9045","P06928_N",566897.9,0,2909214,0
"9046","P06929_C",566745.8,0,2909337.8,0
"9047","P06929_E",566767.7,0,2909337.8,0
"9048","P06929_N",566745.8,0,2909358.5,0
"9049","P06931_C",567386.6,0,2909306.7,0
"9050","P06931_E",567398.5,0,2909306.7,0
"9051","P06931_N",567386.6,0,2909316.8,0
"9052","P06932_C",567428,0,2909454.8,0
"9053","P06932_E",567440.9,0,2909454.8,0
"9054","P06932_N",567428,0,2909460.3,0
"9055","P06933_C",567451.2,0,2909281.4,0
"9056","P06933_E",567475,0,2909281.4,0
"9057","P06933_N",567451.2,0,2909304.6,0
"9058","P06934_C",567374.4,0,2909357.5,0
"9059","P06934_E",567391.6,0,2909357.5,0
"9060","P06934_N",567374.4,0,2909378.4,0
"9061","P06935_C",567279.4,0,2909235.5,0
"9062","P06935_E",567284.1,0,2909235.5,0
"9063","P06935_N",567279.4,0,2909248,0
"9064","P06940_C",567925.3,0,2909425.9,0
"9065","P06940_E",567938.9,0,2909425.9,0
"9066","P06940_N",567925.3,0,2909431.6,0
"9067","P06941_C",566351.7,0,2910242.5,0
"9068","P06941_E",566374.6,0,2910242.5,0
"9069","P06941_N",566351.7,0,2910276.3,0
"9070","P06942_C",566381.5,0,2910353.9,0
"9071","P06942_E",566385.8,0,2910353.9,0
"9072","P06942_N",566381.5,0,2910365.6,0
"9073","P06943_C",566372.5,0,2910234,0
"9074","P06943_E",566387.1,0,2910234,0
"9075","P06943_N",566372.5,0,2910248.1,0
"9076","P06944_C",566297.9,0,2910383.4,0
"9077","P06944_E",566311.3,0,2910383.4,0
"9078","P06944_N",566297.9,0,2910415.8,0
"9079","P06945_C",566312,0,2910078.7,0
"9080","P06945_E",566340.9,0,2910078.7,0
"9081","P06945_N",566312,0,2910097.6,0
"9082","P06948_C",566760.2,0,2910840,0
"9083","P06948_E",566767.8,0,2910840,0
"9084","P06948_N",566760.2,0,2910845.1,0
"9085","P06962_C",566107.7,0,2911725.9,0
"9086","P06962_E",566130.4,0,2911725.9,0
"9087","P06962_N",566107.7,0,2911741,0
"9088","P06964_C",566000.4,0,2911805.9,0
"9089","P06964_E",566031.5,0,2911805.9,0
"9090","P06964_N",566000.4,0,2911834,0
"9091","P06965_C",566051.9,0,2911565.8,0
"9092","P06965_E",566062.6,0,2911565.8,0
"9093","P06965_N",566051.9,0,2911593,0
"9094","P06970_C",566314,0,2911383.3,0
"9095","P06970_E",566321.7,0,2911383.3,0
"9096","P06970_N",566314,0,2911390.6,0
"9097","P06981_C",568037,NA,2908990.4,NA
"9098","P06981_E",568069.4,NA,2908995.8,NA
"9099","P06981_N",568034.5,NA,2909004.9,NA
"9100","P06982_C",567137.2,NA,2908767.9,NA
"9101","P06982_E",567151.2,NA,2908770.2,NA
"9102","P06982_N",567134,NA,2908786.7,NA
"9103","P06983_C",566856.9,NA,2911567,NA
"9104","P06983_E",566866.2,NA,2911568.6,NA
"9105","P06983_N",566852.7,NA,2911592.3,NA
"9106","P06984_C",568104.7,NA,2908869.4,NA
"9107","P06984_E",568138.8,NA,2908875.1,NA
"9108","P06984_N",568100.4,NA,2908895,NA
"9109","P07106_C",526271.4,0,2884410.5,0
"9110","P07106_E",526296,0,2884410.5,0
"9111","P07106_N",526271.4,0,2884424.2,0
"9112","P07108_C",526407.5,0,2884337,0
"9113","P07108_E",526425.9,0,2884337,0
"9114","P07108_N",526407.5,0,2884348.2,0
"9115","P07109_C",526212.2,0,2884421.5,0
"9116","P07109_E",526232.8,0,2884421.5,0
"9117","P07109_N",526212.2,0,2884450.4,0
"9118","P07111_C",526829.6,0,2884330.5,0
"9119","P07111_E",526840.7,0,2884330.5,0
"9120","P07111_N",526829.6,0,2884358.5,0
"9121","P07112_C",526813.6,0,2884424.2,0
"9122","P07112_E",526847.9,0,2884424.2,0
"9123","P07112_N",526813.6,0,2884432.1,0
"9124","P07113_C",526960.7,0,2884304,0
"9125","P07113_E",526984.5,0,2884304,0
"9126","P07113_N",526960.7,0,2884309.7,0
"9127","P07116_C",527190.1,0,2884580.1,0
"9128","P07116_E",527222.7,0,2884580.1,0
"9129","P07116_N",527190.1,0,2884614.7,0
"9130","P07118_C",527278.9,0,2884427.8,0
"9131","P07118_E",527291.4,0,2884427.8,0
"9132","P07118_N",527278.9,0,2884438.8,0
"9133","P07120_C",527172.3,0,2884417.1,0
"9134","P07120_E",527183.2,0,2884417.1,0
"9135","P07120_N",527172.3,0,2884435.7,0
"9136","P07128_C",525798.8,0,2885184.7,0
"9137","P07128_E",525819.6,0,2885184.7,0
"9138","P07128_N",525798.8,0,2885211.9,0
"9139","P07129_C",525709.1,0,2885198.8,0
"9140","P07129_E",525732.6,0,2885198.8,0
"9141","P07129_N",525709.1,0,2885209.3,0
"9142","P07130_C",525680.9,0,2885131.4,0
"9143","P07130_E",525703.4,0,2885131.4,0
"9144","P07130_N",525680.9,0,2885141.1,0
"9145","P07131_C",526471.2,0,2885321.8,0
"9146","P07131_E",526496.4,0,2885321.8,0
"9147","P07131_N",526471.2,0,2885327.2,0
"9148","P07132_C",526505.6,0,2885405.8,0
"9149","P07132_E",526531.9,0,2885405.8,0
"9150","P07132_N",526505.6,0,2885428,0
"9151","P07134_C",526374.3,0,2885439.9,0
"9152","P07134_E",526397.2,0,2885439.9,0
"9153","P07134_N",526374.3,0,2885462.2,0
"9154","P07136_C",526624.7,0,2886487.9,0
"9155","P07136_E",526643.4,0,2886487.9,0
"9156","P07136_N",526624.7,0,2886516,0
"9157","P07137_C",526623,0,2886672.3,0
"9158","P07137_E",526630.5,0,2886672.3,0
"9159","P07137_N",526623,0,2886697.9,0
"9160","P07139_C",526468.3,0,2886598.3,0
"9161","P07139_E",526473.1,0,2886598.3,0
"9162","P07139_N",526468.3,0,2886612.4,0
"9163","P07140_C",526658.1,0,2886341.1,0
"9164","P07140_E",526675.6,0,2886341.1,0
"9165","P07140_N",526658.1,0,2886363.2,0
"9166","P07141_C",524897.4,0,2886172.7,0
"9167","P07141_E",524918.1,0,2886172.7,0
"9168","P07141_N",524897.4,0,2886196.5,0
"9169","P07142_C",524997.4,0,2886245.2,0
"9170","P07142_E",525017.9,0,2886245.2,0
"9171","P07142_N",524997.4,0,2886276.2,0
"9172","P07144_C",524832.1,0,2886261.3,0
"9173","P07144_E",524845.8,0,2886261.3,0
"9174","P07144_N",524832.1,0,2886273.3,0
"9175","P07145_C",524797.9,0,2886116.9,0
"9176","P07145_E",524824.9,0,2886116.9,0
"9177","P07145_N",524797.9,0,2886140,0
"9178","P07146_C",525747.9,0,2886270.3,0
"9179","P07146_E",525782.4,0,2886270.3,0
"9180","P07146_N",525747.9,0,2886296.4,0
"9181","P07148_C",525897.4,0,2886168.7,0
"9182","P07148_E",525907.3,0,2886168.7,0
"9183","P07148_N",525897.4,0,2886189.3,0
"9184","P07150_C",525654.1,0,2886213,0
"9185","P07150_E",525667.3,0,2886213,0
"9186","P07150_N",525654.1,0,2886216.3,0
"9187","P07151_C",526131,0,2886601.7,0
"9188","P07151_E",526140,0,2886601.7,0
"9189","P07151_N",526131,0,2886627.8,0
"9190","P07152_C",526156.5,0,2886716.5,0
"9191","P07152_E",526162.4,0,2886716.5,0
"9192","P07152_N",526156.5,0,2886734.3,0
"9193","P07153_C",526169.8,0,2886578,0
"9194","P07153_E",526197.2,0,2886578,0
"9195","P07153_N",526169.8,0,2886601.3,0
"9196","P07154_C",526041.9,0,2886718.3,0
"9197","P07154_E",526075.9,0,2886718.3,0
"9198","P07154_N",526041.9,0,2886738.6,0
"9199","P07155_C",526050.7,0,2886543.6,0
"9200","P07155_E",526075.2,0,2886543.6,0
"9201","P07155_N",526050.7,0,2886553.1,0
"9202","P07158_C",526545.4,0,2886418,0
"9203","P07158_E",526560.5,0,2886418,0
"9204","P07158_N",526545.4,0,2886441.1,0
"9205","P07159_C",526382.1,0,2886525,0
"9206","P07159_E",526393.9,0,2886525,0
"9207","P07159_N",526382.1,0,2886559.5,0
"9208","P07161_C",524373.4,0,2887883.3,0
"9209","P07161_E",524400.4,0,2887883.3,0
"9210","P07161_N",524373.4,0,2887918,0
"9211","P07163_C",524497.4,0,2887893.5,0
"9212","P07163_E",524501.1,0,2887893.5,0
"9213","P07163_N",524497.4,0,2887916.5,0
"9214","P07168_C",524992.9,0,2887500.5,0
"9215","P07168_E",525025.4,0,2887500.5,0
"9216","P07168_N",524992.9,0,2887527.4,0
"9217","P07170_C",524897,0,2887387,0
"9218","P07170_E",524925,0,2887387,0
"9219","P07170_N",524897,0,2887420.8,0
"9220","P07174_C",525626.9,0,2887610.2,0
"9221","P07174_E",525639.8,0,2887610.2,0
"9222","P07174_N",525626.9,0,2887630.7,0
"9223","P07176_C",526091,0,2888112.6,0
"9224","P07176_E",526106,0,2888112.6,0
"9225","P07176_N",526091,0,2888120.4,0
"9226","P07177_C",526163.5,0,2888152,0
"9227","P07177_E",526174.1,0,2888152,0
"9228","P07177_N",526163.5,0,2888157.8,0
"9229","P07178_C",526175.3,0,2887984.5,0
"9230","P07178_E",526203.5,0,2887984.5,0
"9231","P07178_N",526175.3,0,2888014.1,0
"9232","P07180_C",526060.6,0,2887933.3,0
"9233","P07180_E",526086,0,2887933.3,0
"9234","P07180_N",526060.6,0,2887944.2,0
"9235","P07181_C",524816.5,NA,2886868,NA
"9236","P07181_E",524834.4,NA,2886874.1,NA
"9237","P07181_N",524811.2,NA,2886883.4,NA
"9238","P07182_C",526764.5,NA,2884270.8,NA
"9239","P07182_E",526797.1,NA,2884282,NA
"9240","P07182_N",526759.8,NA,2884284.5,NA
"9241","P07183_C",525753.2,NA,2885053.5,NA
"9242","P07183_E",525785.4,NA,2885064.6,NA
"9243","P07183_N",525751.8,NA,2885057.5,NA
"9244","P07184_C",526086.5,NA,2885595.6,NA
"9245","P07184_E",526108.9,NA,2885603.3,NA
"9246","P07184_N",526084.9,NA,2885600.3,NA
"9247","P07301_C",554225,0,2922002.8,0
"9248","P07301_E",554241.4,0,2922002.8,0
"9249","P07301_N",554225,0,2922014.9,0
"9250","P07302_C",554284.7,0,2922015.7,0
"9251","P07302_E",554296.1,0,2922015.7,0
"9252","P07302_N",554284.7,0,2922034.2,0
"9253","P07304_C",554111.3,0,2922135.6,0
"9254","P07304_E",554121.3,0,2922135.6,0
"9255","P07304_N",554111.3,0,2922156.6,0
"9256","P07307_C",554929.7,0,2922754,0
"9257","P07307_E",554947.3,0,2922754,0
"9258","P07307_N",554929.7,0,2922784.7,0
"9259","P07308_C",554866.7,0,2922648.3,0
"9260","P07308_E",554873.5,0,2922648.3,0
"9261","P07308_N",554866.7,0,2922651.6,0
"9262","P07309_C",554792.7,0,2922841,0
"9263","P07309_E",554810.3,0,2922841,0
"9264","P07309_N",554792.7,0,2922850.7,0
"9265","P07310_C",554789.9,0,2922546.7,0
"9266","P07310_E",554800,0,2922546.7,0
"9267","P07310_N",554789.9,0,2922562.1,0
"9268","P07316_C",555616.3,0,2922661.4,0
"9269","P07316_E",555627.4,0,2922661.4,0
"9270","P07316_N",555616.3,0,2922681.8,0
"9271","P07318_C",555721.5,0,2922509.4,0
"9272","P07318_E",555736.4,0,2922509.4,0
"9273","P07318_N",555721.5,0,2922524.3,0
"9274","P07322_C",554518.3,0,2923472.5,0
"9275","P07322_E",554531.4,0,2923472.5,0
"9276","P07322_N",554518.3,0,2923479,0
"9277","P07323_C",554529.6,0,2923326.7,0
"9278","P07323_E",554540.5,0,2923326.7,0
"9279","P07323_N",554529.6,0,2923344,0
"9280","P07325_C",554318.4,0,2923284.7,0
"9281","P07325_E",554326,0,2923284.7,0
"9282","P07325_N",554318.4,0,2923288.6,0
"9283","P07327_C",554974.1,0,2923274.8,0
"9284","P07327_E",554996.1,0,2923274.8,0
"9285","P07327_N",554974.1,0,2923294.6,0
"9286","P07329_C",554804.3,0,2923408.3,0
"9287","P07329_E",554829.7,0,2923408.3,0
"9288","P07329_N",554804.3,0,2923422.6,0
"9289","P07330_C",554872.9,0,2923173.1,0
"9290","P07330_E",554887.7,0,2923173.1,0
"9291","P07330_N",554872.9,0,2923190.3,0
"9292","P07331_C",555356.2,0,2923295.6,0
"9293","P07331_E",555384.3,0,2923295.6,0
"9294","P07331_N",555356.2,0,2923313.2,0
"9295","P07333_C",555488.6,0,2923150.6,0
"9296","P07333_E",555508.2,0,2923150.6,0
"9297","P07333_N",555488.6,0,2923171.2,0
"9298","P07334_C",555250.5,0,2923404.4,0
"9299","P07334_E",555258.8,0,2923404.4,0
"9300","P07334_N",555250.5,0,2923430.1,0
"9301","P07335_C",555241.7,0,2923221.2,0
"9302","P07335_E",555275.7,0,2923221.2,0
"9303","P07335_N",555241.7,0,2923226.7,0
"9304","P07337_C",555577.9,0,2923989.5,0
"9305","P07337_E",555608.2,0,2923989.5,0
"9306","P07337_N",555577.9,0,2924001.4,0
"9307","P07339_C",555322.1,0,2924046.8,0
"9308","P07339_E",555346.1,0,2924046.8,0
"9309","P07339_N",555322.1,0,2924060.4,0
"9310","P07340_C",555449.3,0,2923875.2,0
"9311","P07340_E",555473.9,0,2923875.2,0
"9312","P07340_N",555449.3,0,2923888.8,0
"9313","P07341_C",554266.6,0,2924229.9,0
"9314","P07341_E",554297,0,2924229.9,0
"9315","P07341_N",554266.6,0,2924250.6,0
"9316","P07343_C",554306.7,0,2924165.8,0
"9317","P07343_E",554331.8,0,2924165.8,0
"9318","P07343_N",554306.7,0,2924171.9,0
"9319","P07347_C",554351.1,0,2925276.9,0
"9320","P07347_E",554367.2,0,2925276.9,0
"9321","P07347_N",554351.1,0,2925308.1,0
"9322","P07348_C",554440.7,0,2925193,0
"9323","P07348_E",554467.1,0,2925193,0
"9324","P07348_N",554440.7,0,2925205.2,0
"9325","P07350_C",554272,0,2925049.8,0
"9326","P07350_E",554282.7,0,2925049.8,0
"9327","P07350_N",554272,0,2925057.4,0
"9328","P07351_C",555161.1,0,2924736.4,0
"9329","P07351_E",555165.7,0,2924736.4,0
"9330","P07351_N",555161.1,0,2924757.3,0
"9331","P07352_C",555252.2,0,2924785.8,0
"9332","P07352_E",555272.2,0,2924785.8,0
"9333","P07352_N",555252.2,0,2924818.5,0
"9334","P07353_C",555233.5,0,2924586.9,0
"9335","P07353_E",555260.6,0,2924586.9,0
"9336","P07353_N",555233.5,0,2924592.3,0
"9337","P07355_C",555065.7,0,2924660.4,0
"9338","P07355_E",555073.3,0,2924660.4,0
"9339","P07355_N",555065.7,0,2924667,0
"9340","P07359_C",554338.5,0,2926227.5,0
"9341","P07359_E",554353.1,0,2926227.5,0
"9342","P07359_N",554338.5,0,2926258.7,0
"9343","P07363_C",554051.8,0,2926031.4,0
"9344","P07363_E",554083.5,0,2926031.4,0
"9345","P07363_N",554051.8,0,2926044.4,0
"9346","P07366_C",554378.8,0,2926204.4,0
"9347","P07366_E",554398.7,0,2926204.4,0
"9348","P07366_N",554378.8,0,2926213.8,0
"9349","P07367_C",554429.6,0,2926348.2,0
"9350","P07367_E",554449.6,0,2926348.2,0
"9351","P07367_N",554429.6,0,2926356.8,0
"9352","P07368_C",554474.4,0,2926212.1,0
"9353","P07368_E",554488.2,0,2926212.1,0
"9354","P07368_N",554474.4,0,2926215.6,0
"9355","P07369_C",555266.1,0,2924587.9,0
"9356","P07369_E",555297,0,2924587.9,0
"9357","P07369_N",555266.1,0,2924607.4,0
"9358","P07370_C",554338.2,0,2926197,0
"9359","P07370_E",554348.6,0,2926197,0
"9360","P07370_N",554338.2,0,2926200.9,0
"9361","P07371_C",554745.5,0,2925515.5,0
"9362","P07371_E",554757.5,0,2925515.5,0
"9363","P07371_N",554745.5,0,2925523.8,0
"9364","P07373_C",554843.3,0,2925405,0
"9365","P07373_E",554863.7,0,2925405,0
"9366","P07373_N",554843.3,0,2925433.5,0
"9367","P07374_C",554667.7,0,2925668.4,0
"9368","P07374_E",554697.8,0,2925668.4,0
"9369","P07374_N",554667.7,0,2925694,0
"9370","P07375_C",554637.9,0,2925457.5,0
"9371","P07375_E",554667.6,0,2925457.5,0
"9372","P07375_N",554637.9,0,2925467.8,0
"9373","P07376_C",555319.4,0,2925773.3,0
"9374","P07376_E",555331.2,0,2925773.3,0
"9375","P07376_N",555319.4,0,2925791.4,0
"9376","P07378_C",555429.3,0,2925753.6,0
"9377","P07378_E",555444.2,0,2925753.6,0
"9378","P07378_N",555429.3,0,2925773.7,0
"9379","P07380_C",555305.5,0,2925652.8,0
"9380","P07380_E",555309.9,0,2925652.8,0
"9381","P07380_N",555305.5,0,2925685.4,0
"9382","P07901_C",542644.2,0,2890814.2,0
"9383","P07901_E",542610.4,0,2890814.2,0
"9384","P07901_N",542610.4,0,2890819,0
"9385","P07902_C",542648.6,0,2890909.3,0
"9386","P07902_E",542648.6,0,2890882.3,0
"9387","P07902_N",542663.4,0,2890882.3,0
"9388","P07905_C",542639,0,2890655.1,0
"9389","P07905_E",542639,0,2890659.7,0
"9390","P07905_N",542648,0,2890655.1,0
"9391","P07906_C",542616.3,0,2891219.6,0
"9392","P07906_E",542616.3,0,2891233.2,0
"9393","P07906_N",542622.4,0,2891219.6,0
"9394","P07908_C",542750.5,0,2891174.2,0
"9395","P07908_E",542750.5,0,2891188.2,0
"9396","P07908_N",542766.5,0,2891174.2,0
"9397","P07911_C",543604.8,0,2890874.9,0
"9398","P07911_E",543604.8,0,2890885.3,0
"9399","P07911_N",543632.5,0,2890874.9,0
"9400","P07913_C",543695.8,0,2890767,0
"9401","P07913_E",543709.1,0,2890767,0
"9402","P07913_N",543695.8,0,2890785.5,0
"9403","P07914_C",543503.5,0,2891024.5,0
"9404","P07914_E",543503.5,0,2891001.5,0
"9405","P07914_N",543526.3,0,2891001.5,0
"9406","P07915_C",543516,0,2890843.9,0
"9407","P07915_E",543541,0,2890824.7,0
"9408","P07915_N",543509.8,0,2890824.7,0
"9409","P07916_C",544054.5,0,2890899,0
"9410","P07916_E",544060.1,0,2890881.6,0
"9411","P07916_N",544054.5,0,2890881.6,0
"9412","P07917_C",544112.4,0,2890963.8,0
"9413","P07917_E",544112.4,0,2890992.7,0
"9414","P07917_N",544130,0,2890963.8,0
"9415","P07919_C",543902.4,0,2890946.1,0
"9416","P07919_E",543920.4,0,2890946.1,0
"9417","P07919_N",543902.4,0,2890954.5,0
"9418","P07921_C",541818.2,0,2892280.5,0
"9419","P07921_E",541832.8,0,2892280.5,0
"9420","P07921_N",541818.2,0,2892301.1,0
"9421","P07922_C",541881.9,0,2892418.3,0
"9422","P07922_E",541849.6,0,2892447.2,0
"9423","P07922_N",541849.6,0,2892418.3,0
"9424","P07923_C",541871.7,0,2892230.2,0
"9425","P07923_E",541883.5,0,2892230.2,0
"9426","P07923_N",541871.7,0,2892257.8,0
"9427","P07924_C",541734.4,0,2892355.6,0
"9428","P07924_E",541745.1,0,2892346.4,0
"9429","P07924_N",541734.4,0,2892346.4,0
"9430","P07925_C",541760.9,0,2892211.5,0
"9431","P07925_E",541765.9,0,2892211.5,0
"9432","P07925_N",541760.9,0,2892245.9,0
"9433","P07931_C",542996.5,0,2892275.7,0
"9434","P07931_E",542996.5,0,2892309.3,0
"9435","P07931_N",543012,0,2892275.7,0
"9436","P07932_C",543061.7,0,2892383.3,0
"9437","P07932_E",543073.6,0,2892383.3,0
"9438","P07932_N",543061.7,0,2892402.7,0
"9439","P07933_C",543061.3,0,2892199.5,0
"9440","P07933_E",543093.4,0,2892176.1,0
"9441","P07933_N",543061.3,0,2892176.1,0
"9442","P07934_C",542905.4,0,2892343.2,0
"9443","P07934_E",542882.5,0,2892366.3,0
"9444","P07934_N",542882.5,0,2892343.2,0
"9445","P07935_C",542924.6,0,2892162.4,0
"9446","P07935_E",542905.6,0,2892192.1,0
"9447","P07935_N",542905.6,0,2892162.4,0
"9448","P07942_C",541942.6,0,2893006.7,0
"9449","P07942_E",541958.3,0,2892981.6,0
"9450","P07942_N",541942.6,0,2892981.6,0
"9451","P07943_C",542037.8,0,2892774.8,0
"9452","P07943_E",542026.4,0,2892778.4,0
"9453","P07943_N",542026.4,0,2892774.8,0
"9454","P07945_C",541962.6,0,2892711.8,0
"9455","P07945_E",541945.6,0,2892740.8,0
"9456","P07945_N",541945.6,0,2892711.8,0
"9457","P07946_C",542153.6,0,2893738.5,0
"9458","P07946_E",542182,0,2893710.4,0
"9459","P07946_N",542153.6,0,2893710.4,0
"9460","P07952_C",542749.3,0,2894122.1,0
"9461","P07952_E",542725.8,0,2894139.4,0
"9462","P07952_N",542725.8,0,2894122.1,0
"9463","P07954_C",542514.5,0,2894141.8,0
"9464","P07954_E",542510.6,0,2894146.1,0
"9465","P07954_N",542510.6,0,2894141.8,0
"9466","P07955_C",542592,0,2893843.4,0
"9467","P07955_E",542592,0,2893871.8,0
"9468","P07955_N",542604.9,0,2893843.4,0
"9469","P07958_C",542992.7,0,2893837.5,0
"9470","P07958_E",542992.7,0,2893872.3,0
"9471","P07958_N",543002.8,0,2893837.5,0
"9472","P07959_C",542815.4,0,2893957.5,0
"9473","P07959_E",542811.8,0,2893957.5,0
"9474","P07959_N",542811.8,0,2893965.6,0
"9475","P07962_C",540984.3,0,2894800.2,0
"9476","P07962_E",541011.8,0,2894800.2,0
"9477","P07962_N",540984.3,0,2894826.6,0
"9478","P07963_C",541063.4,0,2894707.6,0
"9479","P07963_E",541067.3,0,2894707.6,0
"9480","P07963_N",541063.4,0,2894715.4,0
"9481","P07965_C",540978.2,0,2894587.9,0
"9482","P07965_E",540968.8,0,2894602,0
"9483","P07965_N",540968.8,0,2894587.9,0
"9484","P07966_C",541868.5,0,2893964,0
"9485","P07966_E",541868.5,0,2893935.2,0
"9486","P07966_N",541896.5,0,2893935.2,0
"9487","P07967_C",541902.5,0,2893993.2,0
"9488","P07967_E",541902.5,0,2893996.9,0
"9489","P07967_N",541919.6,0,2893993.2,0
"9490","P07968_C",541990,0,2893891.9,0
"9491","P07968_E",541994.7,0,2893880.9,0
"9492","P07968_N",541990,0,2893880.9,0
"9493","P07970_C",541818.8,0,2893927.1,0
"9494","P07970_E",541839.3,0,2893895.6,0
"9495","P07970_N",541818.8,0,2893895.6,0
"9496","P07974_C",542302.3,0,2894174.3,0
"9497","P07974_E",542299,0,2894174.3,0
"9498","P07974_N",542299,0,2894184.5,0
"9499","P07977_C",542712.7,0,2894364.8,0
"9500","P07977_E",542712.7,0,2894352.2,0
"9501","P07977_N",542718.5,0,2894352.2,0
"9502","P07979_C",542549.3,0,2894369.2,0
"9503","P07979_E",542549.3,0,2894392.5,0
"9504","P07979_N",542576.4,0,2894369.2,0
"9505","P07980_C",542667.8,0,2894128.9,0
"9506","P07980_E",542674.5,0,2894125.6,0
"9507","P07980_N",542667.8,0,2894125.6,0
"9508","P07981_C",541581.8,NA,2893569.8,NA
"9509","P07981_E",541609,NA,2893578.8,NA
"9510","P07981_N",541577.2,NA,2893583.6,NA
"9511","P07982_C",542404.2,NA,2890786.4,NA
"9512","P07982_E",542416.3,NA,2890790.4,NA
"9513","P07982_N",542401.9,NA,2890793.3,NA
"9514","P07983_C",542935.4,NA,2894341.9,NA
"9515","P07983_E",542947,NA,2894345.8,NA
"9516","P07983_N",542929.3,NA,2894360.2,NA
"9517","P10801_C",543291.8,NA,2851373.2,NA
"9518","P10801_E",543316.8,NA,2851373.3,NA
"9519","P10801_N",543291.8,NA,2851378.2,NA
"9520","P10802_C",543391.9,NA,2851410.4,NA
"9521","P10802_E",543394.9,NA,2851410.4,NA
"9522","P10802_N",543391.9,NA,2851413.4,NA
"9523","P10803_C",543336.8,NA,2851244.1,NA
"9524","P10803_E",543355.8,NA,2851244.2,NA
"9525","P10803_N",543336.7,NA,2851272.1,NA
"9526","P10804_C",543230.4,NA,2851409.9,NA
"9527","P10804_E",543239.4,NA,2851409.9,NA
"9528","P10804_N",543230.3,NA,2851429.9,NA
"9529","P10805_C",543158.7,NA,2851200.5,NA
"9530","P10805_E",543164.7,NA,2851200.5,NA
"9531","P10805_N",543158.7,NA,2851204.5,NA
"9532","P10806_C",543661.9,NA,2851466.7,NA
"9533","P10806_E",543679.9,NA,2851466.7,NA
"9534","P10806_N",543661.8,NA,2851488.7,NA
"9535","P10807_C",543698.1,NA,2851466.8,NA
"9536","P10807_E",543733.1,NA,2851466.9,NA
"9537","P10807_N",543698,NA,2851493.8,NA
"9538","P10808_C",543751.2,NA,2851427,NA
"9539","P10808_E",543771.2,NA,2851427.1,NA
"9540","P10808_N",543751.1,NA,2851439,NA
"9541","P10809_C",543591.8,NA,2851604.9,NA
"9542","P10809_E",543620.8,NA,2851605,NA
"9543","P10809_N",543591.8,NA,2851622.9,NA
"9544","P10810_C",543553.933333333,0.0577350269055201,2851275.76666667,0.208166599879504
"9545","P10810_E",543563.933333333,0.0577350269055201,2851275.76666667,0.208166599879504
"9546","P10810_N",543553.866666667,0.11547005381104,2851302.76666667,0.208166599879504
"9547","P10811_C",544435.933333333,0.0577350269055201,2851567.83333333,0.152752523104225
"9548","P10811_E",544458.933333333,0.0577350269055201,2851567.9,0.100000000093132
"9549","P10811_N",544435.8,0.173205080783773,2851598.83333333,0.152752523104225
"9550","P10812_C",544438.3,NA,2851669.1,NA
"9551","P10812_E",544443.3,NA,2851669.1,NA
"9552","P10812_N",544438.3,NA,2851673.1,NA
"9553","P10813_C",544522.933333333,0.0577350269055201,2851368.03333333,0.0577350269727325
"9554","P10813_E",544532.933333333,0.0577350269055201,2851368.1,0.100000000093132
"9555","P10813_N",544522.8,0.173205080783773,2851401.03333333,0.0577350269727325
"9556","P10814_C",544394,0,2851604.7,0.264575131088859
"9557","P10814_E",544406,0,2851604.7,0.264575131088859
"9558","P10814_N",544393.866666667,0.11547005381104,2851634.7,0.264575131088859
"9559","P10815_C",544316.866666667,0.11547005381104,2851367.23333333,0.208166599879504
"9560","P10815_E",544332.866666667,0.11547005381104,2851367.3,0.264575131088859
"9561","P10815_N",544316.8,0.173205080783773,2851371.23333333,0.208166599879504
"9562","P10816_C",544969.1,NA,2850361.8,NA
"9563","P10816_E",544980.1,NA,2850361.8,NA
"9564","P10816_N",544969.1,NA,2850374.8,NA
"9565","P10817_C",545046.733333333,0.230940107689293,2851326.86666667,0.115470053945465
"9566","P10817_E",545081.733333333,0.230940107689293,2851326.96666667,0.0577350269727325
"9567","P10817_N",545046.666666667,0.288675134594813,2851360.86666667,0.115470053945465
"9568","P10818_C",545075.2,NA,2851126.9,NA
"9569","P10818_E",545094.2,NA,2851127,NA
"9570","P10818_N",545075.1,NA,2851138.9,NA
"9571","P10819_C",544893.6,NA,2851283.2,NA
"9572","P10819_E",544901.6,NA,2851283.2,NA
"9573","P10819_N",544893.6,NA,2851287.2,NA
"9574","P10820_C",544885.733333333,0.230940107689293,2851184.83333333,0.152752523104225
"9575","P10820_E",544901.733333333,0.230940107689293,2851184.86666667,0.115470053945465
"9576","P10820_N",544885.333333333,0.288675134594813,2851215.83333333,0.152752523104225
"9577","P10821_C",543192.866666667,0.11547005381104,2852674.1,0.100000000093132
"9578","P10821_E",543223.866666667,0.11547005381104,2852674.16666667,0.152752523104225
"9579","P10821_N",543192.866666667,0.11547005381104,2852681.1,0.100000000093132
"9580","P10822_C",543303.933333333,0.0577350269055201,2852766.83333333,0.152752523104225
"9581","P10822_E",543331.933333333,0.0577350269055201,2852766.9,0.100000000093132
"9582","P10822_N",543303.866666667,0.11547005381104,2852799.83333333,0.152752523104225
"9583","P10823_C",543270.9,NA,2852665.1,NA
"9584","P10823_E",543295.9,NA,2852665.2,NA
"9585","P10823_N",543270.7,NA,2852699.1,NA
"9586","P10824_C",543064.6,0,2852729.05,0.0707106781845092
"9587","P10824_E",543076.6,0,2852729.15,0.0707106781845092
"9588","P10824_N",543064.5,0,2852759.05,0.0707106781845092
"9589","P10825_C",543148.8,0.173205080783773,2852535.7,0.264575131088859
"9590","P10825_E",543180.8,0.173205080783773,2852535.76666667,0.208166599879504
"9591","P10825_N",543148.8,0.173205080783773,2852548.7,0.264575131088859
"9592","P10828_C",544017.733333333,0.230940107689293,2852559.96666667,0.0577350269727325
"9593","P10828_E",544029.733333333,0.230940107689293,2852560,0
"9594","P10828_N",544017.333333333,0.288675134594813,2852589.96666667,0.0577350269727325
"9595","P10829_C",543892,NA,2852636.4,NA
"9596","P10829_E",543920,NA,2852636.5,NA
"9597","P10829_N",543892,NA,2852644.4,NA
"9598","P10830_C",543795.2,0.173205080783773,2852390.03333333,0.0577350269727325
"9599","P10830_E",543810.2,0.173205080783773,2852390.03333333,0.0577350269727325
"9600","P10830_N",543795.133333333,0.11547005381104,2852423.03333333,0.0577350269727325
"9601","P10831_C",544126.6,NA,2852421.9,NA
"9602","P10831_E",544148.6,NA,2852421.9,NA
"9603","P10831_N",544126.6,NA,2852437.9,NA
"9604","P10832_C",544182.2,0.173205080783773,2852440.7,0.264575131088859
"9605","P10832_E",544211.2,0.173205080783773,2852440.76666667,0.208166599879504
"9606","P10832_N",544182.133333333,0.11547005381104,2852448.7,0.264575131088859
"9607","P10833_C",544249.8,0.173205080783773,2852253.1,0.100000000093132
"9608","P10833_E",544276.8,0.173205080783773,2852253.16666667,0.152752523104225
"9609","P10833_N",544249.733333333,0.230940107689293,2852278.1,0.100000000093132
"9610","P10834_C",544171.066666667,0.0577350269055201,2852437.63333333,0.321455025400233
"9611","P10834_E",544179.066666667,0.0577350269055201,2852437.63333333,0.321455025400233
"9612","P10834_N",544171,0,2852466.63333333,0.321455025400233
"9613","P10835_C",544012.333333333,0.288675134594813,2852409.16666667,0.152752523104225
"9614","P10835_E",544027.333333333,0.288675134594813,2852409.16666667,0.152752523104225
"9615","P10835_N",544012.266666667,0.230940107689293,2852424.16666667,0.152752523104225
"9616","P10836_C",544673.333333333,0.288675134594813,2852125.23333333,0.208166599879504
"9617","P10836_E",544707.333333333,0.288675134594813,2852125.63333333,0.321455025400233
"9618","P10836_N",544673.266666667,0.230940107689293,2852139.23333333,0.208166599879504
"9619","P10837_C",544695.266666667,0.230940107689293,2852239.16666667,0.152752523104225
"9620","P10837_E",544719.266666667,0.230940107689293,2852239.23333333,0.208166599879504
"9621","P10837_N",544695.2,0.173205080783773,2852266.16666667,0.152752523104225
"9622","P10838_C",544751.8,0.173205080783773,2852067.1,0.100000000093132
"9623","P10838_E",544772.8,0.173205080783773,2852067.16666667,0.152752523104225
"9624","P10838_N",544751.733333333,0.230940107689293,2852099.1,0.100000000093132
"9625","P10839_C",544628.933333333,0.0577350269055201,2852137.66666667,0.288675134594813
"9626","P10839_E",544653.933333333,0.0577350269055201,2852137.7,0.264575131088859
"9627","P10839_N",544628.866666667,0.11547005381104,2852148.66666667,0.288675134594813
"9628","P10840_C",544559.5,NA,2852078.8,NA
"9629","P10840_E",544579.5,NA,2852078.8,NA
"9630","P10840_N",544559.3,NA,2852110.8,NA
"9631","P10841_C",543393.733333333,0.230940107689293,2853443.9,0.100000000093132
"9632","P10841_E",543407.733333333,0.230940107689293,2853443.93333333,0.0577350269727325
"9633","P10841_N",543393.666666667,0.288675134594813,2853470.9,0.100000000093132
"9634","P10842_C",543409.866666667,0.11547005381104,2853591.7,0.264575131088859
"9635","P10842_E",543441.866666667,0.11547005381104,2853591.76666667,0.208166599879504
"9636","P10842_N",543409.866666667,0.11547005381104,2853598.7,0.264575131088859
"9637","P10843_C",543457.933333333,0.0577350269055201,2853367.1,0.100000000093132
"9638","P10843_E",543481.933333333,0.0577350269055201,2853367.16666667,0.152752523104225
"9639","P10843_N",543457.933333333,0.0577350269055201,2853375.1,0.100000000093132
"9640","P10844_C",543346.133333333,0.11547005381104,2853468.2,0.173205080649348
"9641","P10844_E",543380.133333333,0.11547005381104,2853468.3,0.264575131088859
"9642","P10844_N",543346.066666667,0.0577350269055201,2853485.2,0.173205080649348
"9643","P10846_C",543895.1,NA,2853362.4,NA
"9644","P10846_E",543916.1,NA,2853362.5,NA
"9645","P10846_N",543895.1,NA,2853371.4,NA
"9646","P10847_C",543994.9,NA,2853498.1,NA
"9647","P10847_E",544010.9,NA,2853498.1,NA
"9648","P10847_N",543994.8,NA,2853523.1,NA
"9649","P10849_C",543900.266666667,0.230940107689293,2853460.93333333,0.0577350269727325
"9650","P10849_E",543920.266666667,0.230940107689293,2853460.96666667,0.0577350269727325
"9651","P10849_N",543900.2,0.173205080783773,2853474.93333333,0.0577350269727325
"9652","P10850_C",543761.333333333,0.288675134594813,2853368.1,0.100000000093132
"9653","P10850_E",543785.333333333,0.288675134594813,2853368.16666667,0.152752523104225
"9654","P10850_N",543761.266666667,0.230940107689293,2853380.1,0.100000000093132
"9655","P10851_C",544176.3,NA,2853381.8,NA
"9656","P10851_E",544197.3,NA,2853381.9,NA
"9657","P10851_N",544176.3,NA,2853400.8,NA
"9658","P10852_C",544201,0,2853511.1,0.100000000093132
"9659","P10852_E",544205,0,2853511.1,0.100000000093132
"9660","P10852_N",544200.933333333,0.0577350269055201,2853527.1,0.100000000093132
"9661","P10854_C",544081.066666667,0.0577350269055201,2853541.63333333,0.321455025400233
"9662","P10854_E",544110.066666667,0.0577350269055201,2853541.7,0.264575131088859
"9663","P10854_N",544081,0,2853567.63333333,0.321455025400233
"9664","P10856_C",544607.2,0.173205080783773,2853577.06666667,0.0577350269727325
"9665","P10856_E",544625.2,0.173205080783773,2853577.1,0.100000000093132
"9666","P10856_N",544607.2,0.173205080783773,2853584.06666667,0.0577350269727325
"9667","P10857_C",544621.133333333,0.11547005381104,2853598.76666667,0.208166599879504
"9668","P10857_E",544655.133333333,0.11547005381104,2853598.86666667,0.115470053945465
"9669","P10857_N",544621.066666667,0.0577350269055201,2853603.76666667,0.208166599879504
"9670","P10858_C",544614.5,NA,2853533.9,NA
"9671","P10858_E",544632.5,NA,2853533.9,NA
"9672","P10858_N",544614.5,NA,2853550.9,NA
"9673","P10860_C",544485.133333333,0.11547005381104,2853459.83333333,0.152752523104225
"9674","P10860_E",544488.133333333,0.11547005381104,2853459.86666667,0.115470053945465
"9675","P10860_N",544485.066666667,0.0577350269055201,2853491.83333333,0.152752523104225
"9676","P10861_C",543150.733333333,0.230940107689293,2854510.66666667,0.288675134594813
"9677","P10861_E",543155.733333333,0.230940107689293,2854510.7,0.264575131088859
"9678","P10861_N",543150.666666667,0.288675134594813,2854537.66666667,0.288675134594813
"9679","P10862_C",543191.9,NA,2854670.6,NA
"9680","P10862_E",543208.9,NA,2854670.6,NA
"9681","P10862_N",543191.9,NA,2854677.6,NA
"9682","P10863_C",543264.933333333,0.0577350269055201,2854480.1,0.100000000093132
"9683","P10863_E",543268.933333333,0.0577350269055201,2854480.1,0.100000000093132
"9684","P10863_N",543264.866666667,0.11547005381104,2854496.1,0.100000000093132
"9685","P10864_C",543092,0,2854562.6,0
"9686","P10864_E",543108,0,2854562.65,0.0707106781845092
"9687","P10864_N",543091.9,0,2854593.6,0
"9688","P10865_C",543137.1,NA,2854399.7,NA
"9689","P10865_E",543155.1,NA,2854399.7,NA
"9690","P10865_N",543137,NA,2854413.7,NA
"9691","P10866_C",543872.666666667,0.288675134594813,2854303.8,0.173205080649348
"9692","P10866_E",543885.666666667,0.288675134594813,2854303.83333333,0.152752523104225
"9693","P10866_N",543872.266666667,0.230940107689293,2854332.8,0.173205080649348
"9694","P10867_C",543191.9,NA,2854670.5,NA
"9695","P10867_E",543208.9,NA,2854670.5,NA
"9696","P10867_N",543191.9,NA,2854677.5,NA
"9697","P10868_C",543869.9,NA,2854242.1,NA
"9698","P10868_E",543884.9,NA,2854242.2,NA
"9699","P10868_N",543869.8,NA,2854267.1,NA
"9700","P10869_C",543774.866666667,0.11547005381104,2854386.3,0.264575131088859
"9701","P10869_E",543787.866666667,0.11547005381104,2854386.63333333,0.321455025400233
"9702","P10869_N",543774.866666667,0.11547005381104,2854394.3,0.264575131088859
"9703","P10870_C",543728.733333333,0.230940107689293,2854032.7,0.264575131088859
"9704","P10870_E",543741.733333333,0.230940107689293,2854032.7,0.264575131088859
"9705","P10870_N",543728.733333333,0.230940107689293,2854049.7,0.264575131088859
"9706","P10871_C",544119.333333333,0.288675134594813,2854559.9,0.100000000093132
"9707","P10871_E",544147.333333333,0.288675134594813,2854559.96666667,0.0577350269727325
"9708","P10871_N",544119.266666667,0.230940107689293,2854587.9,0.100000000093132
"9709","P10872_C",544233,NA,2854747.8,NA
"9710","P10872_E",544253,NA,2854747.9,NA
"9711","P10872_N",544233,NA,2854754.8,NA
"9712","P10873_C",544261.933333333,0.0577350269055201,2854431.1,0.100000000093132
"9713","P10873_E",544283.933333333,0.0577350269055201,2854431.13333333,0.115470053945465
"9714","P10873_N",544261.866666667,0.11547005381104,2854457.1,0.100000000093132
"9715","P10874_C",543977.2,0.173205080783773,2854608.7,0.264575131088859
"9716","P10874_E",544002.2,0.173205080783773,2854608.76666667,0.208166599879504
"9717","P10874_N",543977.133333333,0.11547005381104,2854642.7,0.264575131088859
"9718","P10875_C",544181.2,0.173205080783773,2854384.83333333,0.152752523104225
"9719","P10875_E",544185.2,0.173205080783773,2854384.83333333,0.152752523104225
"9720","P10875_N",544181.133333333,0.11547005381104,2854414.83333333,0.152752523104225
"9721","P10876_C",544573.133333333,0.11547005381104,2854607.7,0.264575131088859
"9722","P10876_E",544588.133333333,0.11547005381104,2854607.7,0.264575131088859
"9723","P10876_N",544573.066666667,0.0577350269055201,2854633.7,0.264575131088859
"9724","P10877_C",544711.866666667,0.11547005381104,2854798.83333333,0.152752523104225
"9725","P10877_E",544733.866666667,0.11547005381104,2854798.83333333,0.152752523104225
"9726","P10877_N",544711.8,0.173205080783773,2854820.83333333,0.152752523104225
"9727","P10878_C",544645.5,NA,2854623.1,NA
"9728","P10878_E",544652.5,NA,2854623.1,NA
"9729","P10878_N",544645.4,NA,2854656.1,NA
"9730","P10879_C",544463.9,NA,2854810.1,NA
"9731","P10879_E",544473.9,NA,2854810.2,NA
"9732","P10879_N",544463.8,NA,2854834.1,NA
"9733","P10880_C",544467.333333333,0.288675134594813,2854579.63333333,0.321455025400233
"9734","P10880_E",544476.333333333,0.288675134594813,2854579.66666667,0.288675134594813
"9735","P10880_N",544467.266666667,0.230940107689293,2854611.63333333,0.321455025400233
"9736","P10881_C",544760,NA,2854869,NA
"9737","P10881_E",544764,NA,2854869,NA
"9738","P10881_N",544760,NA,2854884,NA
"9739","P10882_C",543479,NA,2854278,NA
"9740","P10882_E",543494,NA,2854278,NA
"9741","P10882_N",543479,NA,2854311,NA
"9742","P22001_C",547693.2,0,2867268.3,0
"9743","P22001_E",547697.4,0,2867268.3,0
"9744","P22001_N",547693.2,0,2867273.3,0
"9745","P22004_C",547591.5,0,2867311.8,0
"9746","P22004_E",547602.1,0,2867311.8,0
"9747","P22004_N",547591.5,0,2867341.3,0
"9748","P22005_C",547698.3,0,2867233.5,0
"9749","P22005_E",547709.7,0,2867233.5,0
"9750","P22005_N",547698.3,0,2867257.1,0
"9751","P22008_C",548380.9,0,2866623.6,0
"9752","P22008_E",548406.5,0,2866623.6,0
"9753","P22008_N",548380.9,0,2866627,0
"9754","P22010_C",548196.1,0,2866674.3,0
"9755","P22010_E",548202.8,0,2866674.3,0
"9756","P22010_N",548196.1,0,2866683.2,0
"9757","P22011_C",548883.2,0,2866759.5,0
"9758","P22011_E",548895.6,0,2866759.5,0
"9759","P22011_N",548883.2,0,2866764.4,0
"9760","P22013_C",549009.9,0,2866663.4,0
"9761","P22013_E",549034.8,0,2866663.4,0
"9762","P22013_N",549009.9,0,2866695.3,0
"9763","P22014_C",548742.3,0,2866907.7,0
"9764","P22014_E",548759.8,0,2866907.7,0
"9765","P22014_N",548742.3,0,2866920.6,0
"9766","P22016_C",549163.3,0,2867314,0
"9767","P22016_E",549196,0,2867314,0
"9768","P22016_N",549163.3,0,2867317.3,0
"9769","P22018_C",549261.4,0,2867215,0
"9770","P22018_E",549264.8,0,2867215,0
"9771","P22018_N",549261.4,0,2867227.1,0
"9772","P22019_C",549020,0,2867388.7,0
"9773","P22019_E",549034.7,0,2867388.7,0
"9774","P22019_N",549020,0,2867392.6,0
"9775","P22020_C",549164.5,0,2867234.1,0
"9776","P22020_E",549175.2,0,2867234.1,0
"9777","P22020_N",549164.5,0,2867254.2,0
"9778","P22022_C",547693.4,0,2867864.6,0
"9779","P22022_E",547720.4,0,2867864.6,0
"9780","P22022_N",547693.4,0,2867896.5,0
"9781","P22023_C",547681.9,0,2867748.5,0
"9782","P22023_E",547714,0,2867748.5,0
"9783","P22023_N",547681.9,0,2867756.5,0
"9784","P22025_C",547562.4,0,2867586.4,0
"9785","P22025_E",547571.8,0,2867586.4,0
"9786","P22025_N",547562.4,0,2867595.5,0
"9787","P22026_C",548105.8,0,2868041.1,0
"9788","P22026_E",548119.6,0,2868041.1,0
"9789","P22026_N",548105.8,0,2868074.4,0
"9790","P22028_C",548224.3,0,2868026.7,0
"9791","P22028_E",548237.8,0,2868026.7,0
"9792","P22028_N",548224.3,0,2868060,0
"9793","P22029_C",548079.7,0,2868155.3,0
"9794","P22029_E",548093.1,0,2868155.3,0
"9795","P22029_N",548079.7,0,2868178.4,0
"9796","P22031_C",548438.3,0,2868374.7,0
"9797","P22031_E",548454.5,0,2868374.7,0
"9798","P22031_N",548438.3,0,2868379.6,0
"9799","P22032_C",548490,0,2868497.4,0
"9800","P22032_E",548510.8,0,2868497.4,0
"9801","P22032_N",548490,0,2868504.4,0
"9802","P22033_C",548534.2,0,2868332.2,0
"9803","P22033_E",548552.7,0,2868332.2,0
"9804","P22033_N",548534.2,0,2868348.1,0
"9805","P22035_C",548434.6,0,2868311.5,0
"9806","P22035_E",548459.6,0,2868311.5,0
"9807","P22035_N",548434.6,0,2868317.3,0
"9808","P22036_C",548888.1,0,2868016.5,0
"9809","P22036_E",548918.2,0,2868016.5,0
"9810","P22036_N",548888.1,0,2868040.1,0
"9811","P22037_C",548951.2,0,2868081.5,0
"9812","P22037_E",548956.9,0,2868081.5,0
"9813","P22037_N",548951.2,0,2868107.9,0
"9814","P22038_C",548974.5,0,2867859.5,0
"9815","P22038_E",549007.6,0,2867859.5,0
"9816","P22038_N",548974.5,0,2867890.5,0
"9817","P22039_C",548853.6,0,2868073.7,0
"9818","P22039_E",548876.3,0,2868073.7,0
"9819","P22039_N",548853.6,0,2868079.3,0
"9820","P22041_C",547286.6,0,2869158,0
"9821","P22041_E",547318.8,0,2869158,0
"9822","P22041_N",547286.6,0,2869172.3,0
"9823","P22042_C",547300.7,0,2869315.3,0
"9824","P22042_E",547304.5,0,2869315.3,0
"9825","P22042_N",547300.7,0,2869319.4,0
"9826","P22043_C",547391.9,0,2869173.1,0
"9827","P22043_E",547423.7,0,2869173.1,0
"9828","P22043_N",547391.9,0,2869203.2,0
"9829","P22044_C",547182.9,0,2869217.1,0
"9830","P22044_E",547203.6,0,2869217.1,0
"9831","P22044_N",547182.9,0,2869226.3,0
"9832","P22045_C",547196.1,0,2869086.2,0
"9833","P22045_E",547225.4,0,2869086.2,0
"9834","P22045_N",547196.1,0,2869098,0
"9835","P22046_C",547734.1,0,2869963.1,0
"9836","P22046_E",547738.9,0,2869963.1,0
"9837","P22046_N",547734.1,0,2869969.8,0
"9838","P22047_C",547772.8,0,2869988.8,0
"9839","P22047_E",547802.4,0,2869988.8,0
"9840","P22047_N",547772.8,0,2870008.3,0
"9841","P22050_C",547653.3,0,2869886.3,0
"9842","P22050_E",547671.8,0,2869886.3,0
"9843","P22050_N",547653.3,0,2869919.2,0
"9844","P22051_C",548159.1,0,2869399.8,0
"9845","P22051_E",548173,0,2869399.8,0
"9846","P22051_N",548159.1,0,2869407.7,0
"9847","P22052_C",548172.4,0,2869464.1,0
"9848","P22052_E",548178.2,0,2869464.1,0
"9849","P22052_N",548172.4,0,2869476.1,0
"9850","P22053_C",548271.2,0,2869404.2,0
"9851","P22053_E",548299,0,2869404.2,0
"9852","P22053_N",548271.2,0,2869436.7,0
"9853","P22055_C",548054.8,0,2869352.3,0
"9854","P22055_E",548060.8,0,2869352.3,0
"9855","P22055_N",548054.8,0,2869374.8,0
"9856","P22058_C",548560.2,0,2869934,0
"9857","P22058_E",548570.5,0,2869934,0
"9858","P22058_N",548560.2,0,2869947.5,0
"9859","P22059_C",548424.7,0,2870024.1,0
"9860","P22059_E",548453,0,2870024.1,0
"9861","P22059_N",548424.7,0,2870057.8,0
"9862","P22060_C",548505.2,0,2869897.8,0
"9863","P22060_E",548525.1,0,2869897.8,0
"9864","P22060_N",548505.2,0,2869923.8,0
"9865","P22067_C",547665.5,0,2870570.2,0
"9866","P22067_E",547669.1,0,2870570.2,0
"9867","P22067_N",547665.5,0,2870592.5,0
"9868","P22081_C",547839,NA,2868085,NA
"9869","P22081_E",547871,NA,2868092,NA
"9870","P22081_N",547835,NA,2868103,NA
"9871","P22082_C",548880,NA,2867497,NA
"9872","P22082_E",548897,NA,2867501,NA
"9873","P22082_N",548878,NA,2867508,NA
"9874","P22083_C",548824,NA,2867618,NA
"9875","P22083_E",548849,NA,2867623,NA
"9876","P22083_N",548820,NA,2867638,NA
"9877","P51301_C",546466,0,2844799,0
"9878","P51301_E",546493,0,2844795,0
"9879","P51301_N",546467,0,2844812,0
"9880","P51302_C",546550,0,2844911,0
"9881","P51302_E",546554,0,2844911,0
"9882","P51302_N",546554,0,2844941,0
"9883","P51304_C",546405,0,2844832,0
"9884","P51304_E",546420,0,2844830,0
"9885","P51304_N",546410,0,2844859,0
"9886","P51306_C",547010,0,2844981,0
"9887","P51306_E",547032,0,2844978,0
"9888","P51306_N",547013,0,2845003,0
"9889","P51308_C",547028,0,2844827,0
"9890","P51308_E",547059,0,2844823,0
"9891","P51308_N",547034,0,2844860,0
"9892","P51309_C",546976,0,2845151,0
"9893","P51309_E",546986,0,2845149,0
"9894","P51309_N",546978,0,2845166,0
"9895","P51311_C",547438,0,2844580,0
"9896","P51311_E",547466,0,2844576,0
"9897","P51311_N",547442,0,2844607,0
"9898","P51313_C",547432,0,2844512,0
"9899","P51313_E",547465,0,2844507,0
"9900","P51313_N",547435,0,2844534,0
"9901","P51315_C",547324,0,2844480,0
"9902","P51315_E",547330,0,2844480,0
"9903","P51315_N",547328,0,2844509,0
"9904","P51316_C",548045,0,2844803,0
"9905","P51316_E",548066,0,2844801,0
"9906","P51316_N",548048,0,2844830,0
"9907","P51317_C",548067,0,2844919,0
"9908","P51317_E",548097,0,2844914,0
"9909","P51317_N",548071,0,2844938,0
"9910","P51320_C",547968,0,2844698,0
"9911","P51320_E",547993,0,2844694,0
"9912","P51320_N",547970,0,2844713,0
"9913","P51323_C",547046,0,2846157,0
"9914","P51323_E",547079,0,2846146,0
"9915","P51323_N",547048,0,2846174,0
"9916","P51324_C",546957,0,2846316,0
"9917","P51324_E",546972,0,2846314,0
"9918","P51324_N",546961,0,2846340,0
"9919","P51325_C",546916,0,2846224,0
"9920","P51325_E",546922,0,2846224,0
"9921","P51325_N",546918,0,2846228,0
"9922","P51328_C",547656,0,2846315,0
"9923","P51328_E",547677,0,2846313,0
"9924","P51328_N",547661,0,2846350,0
"9925","P51329_C",547529,0,2846478,0
"9926","P51329_E",547552,0,2846475,0
"9927","P51329_N",547532,0,2846494,0
"9928","P51330_C",547461,0,2846337,0
"9929","P51330_E",547490,0,2846331,0
"9930","P51330_N",547466,0,2846366,0
"9931","P51331_C",547649,0,2845697,0
"9932","P51331_E",547669,0,2845694,0
"9933","P51331_N",547651,0,2845719,0
"9934","P51332_C",547685,0,2845791,0
"9935","P51332_E",547705,0,2845788,0
"9936","P51332_N",547685,0,2845808,0
"9937","P51333_C",547676,0,2845660,0
"9938","P51333_E",547703,0,2845656,0
"9939","P51333_N",547680,0,2845684,0
"9940","P51337_C",548273,0,2845985,0
"9941","P51337_E",548290,0,2845982,0
"9942","P51337_N",548278,0,2846015,0
"9943","P51338_C",548343,0,2845812,0
"9944","P51338_E",548374,0,2845807,0
"9945","P51338_N",548348,0,2845842,0
"9946","P51340_C",548216,0,2845895,0
"9947","P51340_E",548249,0,2845889,0
"9948","P51340_N",548219,0,2845907,0
"9949","P51342_C",547291,0,2848248,0
"9950","P51342_E",547325,0,2848242,0
"9951","P51342_N",547296,0,2848280,0
"9952","P51353_C",548110,0,2847509,0
"9953","P51353_E",548114,0,2847508,0
"9954","P51353_N",548113,0,2847527,0
"9955","P51354_C",547935,0,2847700,0
"9956","P51354_E",547965,0,2847696,0
"9957","P51354_N",547940,0,2847732,0
"9958","P51355_C",547950,0,2847470,0
"9959","P51355_E",547992,0,2847470,0
"9960","P51355_N",547961,0,2847504,0
"9961","P51358_C",548531,0,2846775,0
"9962","P51358_E",548559,0,2846770,0
"9963","P51358_N",548533,0,2846795,0
"9964","P51359_C",548348,0,2846963,0
"9965","P51359_E",548371,0,2846960,0
"9966","P51359_N",548352,0,2846993,0
"9967","P51360_C",548413,0,2846797,0
"9968","P51360_E",548416,0,2846797,0
"9969","P51360_N",548417,0,2846819,0
"9970","P51361_C",547266,0,2848960,0
"9971","P51361_E",547289,0,2848954,0
"9972","P51361_N",547266,0,2848966,0
"9973","P51363_C",547264,0,2848800,0
"9974","P51363_E",547290,0,2848796,0
"9975","P51363_N",547266,0,2848828,0
"9976","P51371_C",548280,0,2848392,0
"9977","P51371_E",548290,0,2848389,0
"9978","P51371_N",548285,0,2848412,0
"9979","P51373_C",548277,0,2848223,0
"9980","P51373_E",548310,0,2848218,0
"9981","P51373_N",548281,0,2848254,0
"9982","P51374_C",548208,0,2848523,0
"9983","P51374_E",548224,0,2848519,0
"9984","P51374_N",548211,0,2848542,0
"9985","P51381_C",547472,NA,2846384,NA
"9986","P51381_E",547482,NA,2846382,NA
"9987","P51381_N",547473,NA,2846394,NA
"9988","P51382_C",548357,NA,2848557,NA
"9989","P51382_E",548365,NA,2848556,NA
"9990","P51382_N",548360,NA,2848576,NA
"9991","P51383_C",547210,NA,2846881,NA
"9992","P51383_E",547218,NA,2846879,NA
"9993","P51383_N",547211,NA,2846894,NA
"9994","P51384_C",547270,NA,2848635,NA
"9995","P51384_E",547298,NA,2848631,NA
"9996","P51384_N",547272,NA,2848650,NA
"9997","P51385_C",547642,NA,2846502,NA
"9998","P51385_E",547665,NA,2846499,NA
"9999","P51385_N",547647,NA,2846535,NA
"10000","P51387_C",546593,NA,2845875,NA
"10001","P51387_E",546624,NA,2845871,NA
"10002","P51387_N",546595,NA,2845885,NA
"10003","P51389_C",548277,NA,2846620,NA
"10004","P51389_E",548283,NA,2846619,NA
"10005","P51389_N",548278,NA,2846628,NA
"10006","P51392_C",546839,NA,2845315,NA
"10007","P51392_E",546853,NA,2845313,NA
"10008","P51392_N",546842,NA,2845332,NA
"10009","P51393_C",546738,NA,2845883,NA
"10010","P51393_E",546743,NA,2845883,NA
"10011","P51393_N",546739,NA,2845890,NA
